0 verbose cli C:\Program Files\nodejs\node.exe C:\Users\Admin\AppData\Roaming\npm\node_modules\npm\bin\npm-cli.js
1 info using npm@11.8.0
2 info using node@v22.19.0
3 silly config load:file:C:\Users\Admin\AppData\Roaming\npm\node_modules\npm\npmrc
4 silly config load:file:C:\FugarovProjects\fitness-club\fitnessClub-site\ng-migration-temp\.npmrc
5 silly config load:file:C:\Users\Admin\.npmrc
6 silly config load:file:C:\Users\Admin\AppData\Roaming\npm\etc\npmrc
7 verbose title npm install
8 verbose argv "install" "--ignore-scripts"
9 verbose logfile logs-max:10 dir:C:\FugarovProjects\fitness-club\fitnessClub-site\.npm-cache\_logs\2026-05-19T09_40_35_729Z-
10 verbose logfile C:\FugarovProjects\fitness-club\fitnessClub-site\.npm-cache\_logs\2026-05-19T09_40_35_729Z-debug-0.log
11 silly logfile done cleaning log files
12 silly packumentCache heap:4345298944 maxSize:1086324736 maxEntrySize:543162368
13 silly idealTree buildDeps
14 silly fetch manifest @angular/common@^21.2.0
15 silly packumentCache full:https://registry.npmjs.org/@angular%2fcommon cache-miss
16 http fetch GET 200 https://registry.npmjs.org/@angular%2fcommon 972ms (cache miss)
17 silly packumentCache full:https://registry.npmjs.org/@angular%2fcommon set size:undefined disposed:false
18 silly fetch manifest @angular/core@^21.2.0
19 silly packumentCache full:https://registry.npmjs.org/@angular%2fcore cache-miss
20 http fetch GET 200 https://registry.npmjs.org/@angular%2fcore 522ms (cache miss)
21 silly packumentCache full:https://registry.npmjs.org/@angular%2fcore set size:undefined disposed:false
22 silly fetch manifest @angular/compiler@^21.2.0
23 silly packumentCache full:https://registry.npmjs.org/@angular%2fcompiler cache-miss
24 http fetch GET 200 https://registry.npmjs.org/@angular%2fcompiler 601ms (cache miss)
25 silly packumentCache full:https://registry.npmjs.org/@angular%2fcompiler set size:undefined disposed:false
26 silly fetch manifest rxjs@~7.8.0
27 silly packumentCache full:https://registry.npmjs.org/rxjs cache-miss
28 http cache https://registry.npmjs.org/rxjs 21ms (cache hit)
29 silly packumentCache full:https://registry.npmjs.org/rxjs set size:980097 disposed:false
30 silly fetch manifest zone.js@~0.15.0 || ~0.16.0
31 silly packumentCache full:https://registry.npmjs.org/zone.js cache-miss
32 http fetch GET 200 https://registry.npmjs.org/zone.js 138ms (cache miss)
33 silly packumentCache full:https://registry.npmjs.org/zone.js set size:undefined disposed:false
34 silly fetch manifest @angular/forms@^21.2.0
35 silly packumentCache full:https://registry.npmjs.org/@angular%2fforms cache-miss
36 http fetch GET 200 https://registry.npmjs.org/@angular%2fforms 416ms (cache miss)
37 silly packumentCache full:https://registry.npmjs.org/@angular%2fforms set size:undefined disposed:false
38 silly fetch manifest @angular/platform-browser@^21.2.0
39 silly packumentCache full:https://registry.npmjs.org/@angular%2fplatform-browser cache-miss
40 http fetch GET 200 https://registry.npmjs.org/@angular%2fplatform-browser 271ms (cache miss)
41 silly packumentCache full:https://registry.npmjs.org/@angular%2fplatform-browser set size:undefined disposed:false
42 silly fetch manifest @angular/animations@21.2.13
43 silly packumentCache full:https://registry.npmjs.org/@angular%2fanimations cache-miss
44 http fetch GET 200 https://registry.npmjs.org/@angular%2fanimations 335ms (cache miss)
45 silly packumentCache full:https://registry.npmjs.org/@angular%2fanimations set size:undefined disposed:false
46 silly fetch manifest @angular/router@^21.2.0
47 silly packumentCache full:https://registry.npmjs.org/@angular%2frouter cache-miss
48 http fetch GET 200 https://registry.npmjs.org/@angular%2frouter 473ms (cache miss)
49 silly packumentCache full:https://registry.npmjs.org/@angular%2frouter set size:undefined disposed:false
50 silly fetch manifest tslib@^2.3.0
51 silly packumentCache full:https://registry.npmjs.org/tslib cache-miss
52 http cache https://registry.npmjs.org/tslib 19ms (cache hit)
53 silly packumentCache full:https://registry.npmjs.org/tslib set size:108760 disposed:false
54 silly fetch manifest @angular/build@^21.2.11
55 silly packumentCache full:https://registry.npmjs.org/@angular%2fbuild cache-miss
56 http fetch GET 200 https://registry.npmjs.org/@angular%2fbuild 213ms (cache miss)
57 silly packumentCache full:https://registry.npmjs.org/@angular%2fbuild set size:undefined disposed:false
58 silly fetch manifest @angular/compiler-cli@^21.2.0
59 silly packumentCache full:https://registry.npmjs.org/@angular%2fcompiler-cli cache-miss
60 http fetch GET 200 https://registry.npmjs.org/@angular%2fcompiler-cli 239ms (cache miss)
61 silly packumentCache full:https://registry.npmjs.org/@angular%2fcompiler-cli set size:undefined disposed:false
62 silly fetch manifest typescript@~5.9.2
63 silly packumentCache full:https://registry.npmjs.org/typescript cache-miss
64 http fetch GET 200 https://registry.npmjs.org/typescript 580ms (cache miss)
65 silly packumentCache full:https://registry.npmjs.org/typescript set size:undefined disposed:false
66 silly fetch manifest @angular/localize@^21.0.0
67 silly packumentCache full:https://registry.npmjs.org/@angular%2flocalize cache-miss
68 http fetch GET 200 https://registry.npmjs.org/@angular%2flocalize 294ms (cache miss)
69 silly packumentCache full:https://registry.npmjs.org/@angular%2flocalize set size:undefined disposed:false
70 silly fetch manifest @angular/platform-server@^21.0.0
71 silly packumentCache full:https://registry.npmjs.org/@angular%2fplatform-server cache-miss
72 http fetch GET 200 https://registry.npmjs.org/@angular%2fplatform-server 358ms (cache miss)
73 silly packumentCache full:https://registry.npmjs.org/@angular%2fplatform-server set size:undefined disposed:false
74 silly fetch manifest @angular/service-worker@^21.0.0
75 silly packumentCache full:https://registry.npmjs.org/@angular%2fservice-worker cache-miss
76 http fetch GET 200 https://registry.npmjs.org/@angular%2fservice-worker 491ms (cache miss)
77 silly packumentCache full:https://registry.npmjs.org/@angular%2fservice-worker set size:undefined disposed:false
78 silly fetch manifest @angular/ssr@^21.2.11
79 silly packumentCache full:https://registry.npmjs.org/@angular%2fssr cache-miss
80 http fetch GET 200 https://registry.npmjs.org/@angular%2fssr 572ms (cache miss)
81 silly packumentCache full:https://registry.npmjs.org/@angular%2fssr set size:undefined disposed:false
82 silly fetch manifest karma@^6.4.0
83 silly packumentCache full:https://registry.npmjs.org/karma cache-miss
84 http fetch GET 200 https://registry.npmjs.org/karma 851ms (cache miss)
85 silly packumentCache full:https://registry.npmjs.org/karma set size:undefined disposed:false
86 silly fetch manifest less@^4.2.0
87 silly packumentCache full:https://registry.npmjs.org/less cache-miss
88 http fetch GET 200 https://registry.npmjs.org/less 319ms (cache miss)
89 silly packumentCache full:https://registry.npmjs.org/less set size:undefined disposed:false
90 silly fetch manifest ng-packagr@^21.0.0
91 silly packumentCache full:https://registry.npmjs.org/ng-packagr cache-miss
92 http fetch GET 200 https://registry.npmjs.org/ng-packagr 405ms (cache miss)
93 silly packumentCache full:https://registry.npmjs.org/ng-packagr set size:undefined disposed:false
94 silly fetch manifest tailwindcss@^2.0.0 || ^3.0.0 || ^4.0.0
95 silly packumentCache full:https://registry.npmjs.org/tailwindcss cache-miss
96 http fetch GET 200 https://registry.npmjs.org/tailwindcss 839ms (cache miss)
97 silly packumentCache full:https://registry.npmjs.org/tailwindcss set size:undefined disposed:false
98 silly fetch manifest postcss@^8.4.0
99 silly packumentCache full:https://registry.npmjs.org/postcss cache-miss
100 http fetch GET 200 https://registry.npmjs.org/postcss 241ms (cache miss)
101 silly packumentCache full:https://registry.npmjs.org/postcss set size:undefined disposed:false
102 silly fetch manifest vitest@^4.0.8
103 silly packumentCache full:https://registry.npmjs.org/vitest cache-miss
104 http fetch GET 200 https://registry.npmjs.org/vitest 291ms (cache miss)
105 silly packumentCache full:https://registry.npmjs.org/vitest set size:undefined disposed:false
106 silly fetch manifest @edge-runtime/vm@*
107 silly packumentCache full:https://registry.npmjs.org/@edge-runtime%2fvm cache-miss
108 http fetch GET 200 https://registry.npmjs.org/@edge-runtime%2fvm 215ms (cache miss)
109 silly packumentCache full:https://registry.npmjs.org/@edge-runtime%2fvm set size:undefined disposed:false
110 silly fetch manifest @opentelemetry/api@^1.9.0
111 silly packumentCache full:https://registry.npmjs.org/@opentelemetry%2fapi cache-miss
112 http fetch GET 200 https://registry.npmjs.org/@opentelemetry%2fapi 210ms (cache miss)
113 silly packumentCache full:https://registry.npmjs.org/@opentelemetry%2fapi set size:undefined disposed:false
114 silly fetch manifest @types/node@^20.0.0 || ^22.0.0 || >=24.0.0
115 silly packumentCache full:https://registry.npmjs.org/@types%2fnode cache-miss
116 http cache https://registry.npmjs.org/@types%2fnode 29ms (cache hit)
117 silly packumentCache full:https://registry.npmjs.org/@types%2fnode set size:11012080 disposed:false
118 silly fetch manifest @vitest/browser-playwright@4.1.6
119 silly packumentCache full:https://registry.npmjs.org/@vitest%2fbrowser-playwright cache-miss
120 http fetch GET 200 https://registry.npmjs.org/@vitest%2fbrowser-playwright 153ms (cache miss)
121 silly packumentCache full:https://registry.npmjs.org/@vitest%2fbrowser-playwright set size:undefined disposed:false
122 silly fetch manifest playwright@*
123 silly packumentCache full:https://registry.npmjs.org/playwright cache-miss
124 http fetch GET 200 https://registry.npmjs.org/playwright 3442ms (cache miss)
125 silly packumentCache full:https://registry.npmjs.org/playwright set size:undefined disposed:false
126 silly fetch manifest @vitest/browser-preview@4.1.6
127 silly packumentCache full:https://registry.npmjs.org/@vitest%2fbrowser-preview cache-miss
128 http fetch GET 200 https://registry.npmjs.org/@vitest%2fbrowser-preview 138ms (cache miss)
129 silly packumentCache full:https://registry.npmjs.org/@vitest%2fbrowser-preview set size:undefined disposed:false
130 silly fetch manifest @vitest/browser-webdriverio@4.1.6
131 silly packumentCache full:https://registry.npmjs.org/@vitest%2fbrowser-webdriverio cache-miss
132 http fetch GET 200 https://registry.npmjs.org/@vitest%2fbrowser-webdriverio 142ms (cache miss)
133 silly packumentCache full:https://registry.npmjs.org/@vitest%2fbrowser-webdriverio set size:undefined disposed:false
134 silly fetch manifest webdriverio@*
135 silly packumentCache full:https://registry.npmjs.org/webdriverio cache-miss
136 http fetch GET 200 https://registry.npmjs.org/webdriverio 504ms (cache miss)
137 silly packumentCache full:https://registry.npmjs.org/webdriverio set size:undefined disposed:false
138 silly fetch manifest puppeteer-core@>=22.x || <=24.x
139 silly packumentCache full:https://registry.npmjs.org/puppeteer-core cache-miss
140 http fetch GET 200 https://registry.npmjs.org/puppeteer-core 490ms (cache miss)
141 silly packumentCache full:https://registry.npmjs.org/puppeteer-core set size:undefined disposed:false
142 silly fetch manifest @vitest/coverage-istanbul@4.1.6
143 silly packumentCache full:https://registry.npmjs.org/@vitest%2fcoverage-istanbul cache-miss
144 http fetch GET 200 https://registry.npmjs.org/@vitest%2fcoverage-istanbul 345ms (cache miss)
145 silly packumentCache full:https://registry.npmjs.org/@vitest%2fcoverage-istanbul set size:undefined disposed:false
146 silly fetch manifest @vitest/coverage-v8@4.1.6
147 silly packumentCache full:https://registry.npmjs.org/@vitest%2fcoverage-v8 cache-miss
148 http fetch GET 200 https://registry.npmjs.org/@vitest%2fcoverage-v8 169ms (cache miss)
149 silly packumentCache full:https://registry.npmjs.org/@vitest%2fcoverage-v8 set size:undefined disposed:false
150 silly fetch manifest @vitest/browser@4.1.6
151 silly packumentCache full:https://registry.npmjs.org/@vitest%2fbrowser cache-miss
152 http fetch GET 200 https://registry.npmjs.org/@vitest%2fbrowser 263ms (cache miss)
153 silly packumentCache full:https://registry.npmjs.org/@vitest%2fbrowser set size:undefined disposed:false
154 silly fetch manifest @vitest/ui@4.1.6
155 silly packumentCache full:https://registry.npmjs.org/@vitest%2fui cache-miss
156 http fetch GET 200 https://registry.npmjs.org/@vitest%2fui 345ms (cache miss)
157 silly packumentCache full:https://registry.npmjs.org/@vitest%2fui set size:undefined disposed:false
158 silly fetch manifest happy-dom@*
159 silly packumentCache full:https://registry.npmjs.org/happy-dom cache-miss
160 http fetch GET 200 https://registry.npmjs.org/happy-dom 761ms (cache miss)
161 silly packumentCache full:https://registry.npmjs.org/happy-dom set size:undefined disposed:false
162 silly fetch manifest jsdom@^28.0.0
163 silly packumentCache full:https://registry.npmjs.org/jsdom cache-miss
164 http fetch GET 200 https://registry.npmjs.org/jsdom 305ms (cache miss)
165 silly packumentCache full:https://registry.npmjs.org/jsdom set size:undefined disposed:false
166 silly fetch manifest canvas@^3.0.0
167 silly packumentCache full:https://registry.npmjs.org/canvas cache-miss
168 http fetch GET 200 https://registry.npmjs.org/canvas 276ms (cache miss)
169 silly packumentCache full:https://registry.npmjs.org/canvas set size:undefined disposed:false
170 silly fetch manifest @angular/cli@^21.2.11
171 silly packumentCache full:https://registry.npmjs.org/@angular%2fcli cache-miss
172 http cache https://registry.npmjs.org/@angular%2fcli 11ms (cache hit)
173 silly packumentCache full:https://registry.npmjs.org/@angular%2fcli set size:3132048 disposed:false
174 silly fetch manifest prettier@^3.8.1
175 silly packumentCache full:https://registry.npmjs.org/prettier cache-miss
176 http fetch GET 200 https://registry.npmjs.org/prettier 191ms (cache miss)
177 silly packumentCache full:https://registry.npmjs.org/prettier set size:undefined disposed:false
178 silly placeDep ROOT @angular/build@21.2.11 OK for: ng-migration-temp@0.0.0 want: ^21.2.11
179 silly placeDep ROOT tslib@2.8.1 OK for: @angular/build@21.2.11 want: ^2.3.0
180 silly placeDep ROOT typescript@5.9.3 OK for: @angular/build@21.2.11 want: >=5.9 <6.0
181 silly placeDep ROOT @angular/compiler@21.2.13 OK for: @angular/build@21.2.11 want: ^21.0.0
182 silly placeDep ROOT @angular/compiler-cli@21.2.13 OK for: @angular/build@21.2.11 want: ^21.0.0
183 silly placeDep ROOT @angular/cli@21.2.11 OK for: ng-migration-temp@0.0.0 want: ^21.2.11
184 silly placeDep ROOT @angular/common@21.2.13 OK for: ng-migration-temp@0.0.0 want: ^21.2.0
185 silly placeDep ROOT rxjs@7.8.2 OK for: @angular/common@21.2.13 want: ^6.5.3 || ^7.4.0
186 silly placeDep ROOT @angular/core@21.2.13 OK for: @angular/common@21.2.13 want: 21.2.13
187 silly placeDep ROOT @angular/forms@21.2.13 OK for: ng-migration-temp@0.0.0 want: ^21.2.0
188 silly placeDep ROOT @angular/platform-browser@21.2.13 OK for: @angular/forms@21.2.13 want: 21.2.13
189 silly placeDep ROOT @angular/router@21.2.13 OK for: ng-migration-temp@0.0.0 want: ^21.2.0
190 silly placeDep ROOT jsdom@28.1.0 OK for: ng-migration-temp@0.0.0 want: ^28.0.0
191 silly placeDep ROOT prettier@3.8.3 OK for: ng-migration-temp@0.0.0 want: ^3.8.1
192 silly placeDep ROOT vitest@4.1.6 OK for: ng-migration-temp@0.0.0 want: ^4.0.8
193 silly fetch manifest sass@1.97.3
194 silly packumentCache full:https://registry.npmjs.org/sass cache-miss
195 silly fetch manifest vite@7.3.2
196 silly packumentCache full:https://registry.npmjs.org/vite cache-miss
197 silly fetch manifest listr2@9.0.5
198 silly packumentCache full:https://registry.npmjs.org/listr2 cache-miss
199 silly fetch manifest mrmime@2.0.1
200 silly packumentCache full:https://registry.npmjs.org/mrmime cache-miss
201 silly fetch manifest semver@7.7.4
202 silly packumentCache full:https://registry.npmjs.org/semver cache-miss
203 silly fetch manifest undici@7.24.4
204 silly packumentCache full:https://registry.npmjs.org/undici cache-miss
205 silly fetch manifest esbuild@0.27.3
206 silly packumentCache full:https://registry.npmjs.org/esbuild cache-miss
207 silly fetch manifest piscina@5.1.4
208 silly packumentCache full:https://registry.npmjs.org/piscina cache-miss
209 silly fetch manifest beasties@0.4.1
210 silly packumentCache full:https://registry.npmjs.org/beasties cache-miss
211 silly fetch manifest rolldown@1.0.0-rc.4
212 silly packumentCache full:https://registry.npmjs.org/rolldown cache-miss
213 silly fetch manifest picomatch@4.0.4
214 silly packumentCache full:https://registry.npmjs.org/picomatch cache-miss
215 http cache https://registry.npmjs.org/listr2 48ms (cache hit)
216 silly packumentCache full:https://registry.npmjs.org/listr2 set size:1056609 disposed:false
217 silly fetch manifest watchpack@2.5.1
218 silly packumentCache full:https://registry.npmjs.org/watchpack cache-miss
219 http cache https://registry.npmjs.org/semver 59ms (cache hit)
220 silly packumentCache full:https://registry.npmjs.org/semver set size:233058 disposed:false
221 silly fetch manifest tinyglobby@0.2.15
222 silly packumentCache full:https://registry.npmjs.org/tinyglobby cache-miss
223 http cache https://registry.npmjs.org/undici 67ms (cache hit)
224 silly packumentCache full:https://registry.npmjs.org/undici set size:1412963 disposed:false
225 silly fetch manifest @babel/core@7.29.0
226 silly packumentCache full:https://registry.npmjs.org/@babel%2fcore cache-miss
227 http cache https://registry.npmjs.org/picomatch 82ms (cache hit)
228 silly packumentCache full:https://registry.npmjs.org/picomatch set size:126376 disposed:false
229 silly fetch manifest browserslist@^4.26.0
230 silly packumentCache full:https://registry.npmjs.org/browserslist cache-miss
231 http cache https://registry.npmjs.org/tinyglobby 29ms (cache hit)
232 silly packumentCache full:https://registry.npmjs.org/tinyglobby set size:52660 disposed:false
233 silly fetch manifest jsonc-parser@3.3.1
234 silly packumentCache full:https://registry.npmjs.org/jsonc-parser cache-miss
235 http cache https://registry.npmjs.org/jsonc-parser 8ms (cache hit)
236 silly packumentCache full:https://registry.npmjs.org/jsonc-parser set size:99919 disposed:false
237 silly fetch manifest magic-string@0.30.21
238 silly packumentCache full:https://registry.npmjs.org/magic-string cache-miss
239 http fetch GET https://registry.npmjs.org/mrmime attempt 1 failed with ECONNRESET
240 http cache https://registry.npmjs.org/magic-string 12ms (cache hit)
241 silly packumentCache full:https://registry.npmjs.org/magic-string set size:331817 disposed:false
242 silly fetch manifest @inquirer/confirm@5.1.21
243 silly packumentCache full:https://registry.npmjs.org/@inquirer%2fconfirm cache-miss
244 http cache https://registry.npmjs.org/@inquirer%2fconfirm 8ms (cache hit)
245 silly packumentCache full:https://registry.npmjs.org/@inquirer%2fconfirm set size:315999 disposed:false
246 silly fetch manifest https-proxy-agent@7.0.6
247 silly packumentCache full:https://registry.npmjs.org/https-proxy-agent cache-miss
248 http cache https://registry.npmjs.org/https-proxy-agent 8ms (cache hit)
249 silly packumentCache full:https://registry.npmjs.org/https-proxy-agent set size:81258 disposed:false
250 silly fetch manifest source-map-support@0.5.21
251 silly packumentCache full:https://registry.npmjs.org/source-map-support cache-miss
252 http fetch GET https://registry.npmjs.org/rolldown attempt 1 failed with ECONNRESET
253 http fetch GET https://registry.npmjs.org/source-map-support attempt 1 failed with ECONNRESET
254 http fetch GET 200 https://registry.npmjs.org/sass 412ms (cache miss)
255 silly packumentCache full:https://registry.npmjs.org/sass set size:undefined disposed:false
256 silly fetch manifest @ampproject/remapping@2.3.0
257 silly packumentCache full:https://registry.npmjs.org/@ampproject%2fremapping cache-miss
258 http fetch GET 200 https://registry.npmjs.org/beasties 499ms (cache miss)
259 silly packumentCache full:https://registry.npmjs.org/beasties set size:undefined disposed:false
260 silly fetch manifest istanbul-lib-instrument@6.0.3
261 silly packumentCache full:https://registry.npmjs.org/istanbul-lib-instrument cache-miss
262 http fetch GET 200 https://registry.npmjs.org/@ampproject%2fremapping 149ms (cache miss)
263 silly packumentCache full:https://registry.npmjs.org/@ampproject%2fremapping set size:undefined disposed:false
264 silly fetch manifest @vitejs/plugin-basic-ssl@2.1.4
265 silly packumentCache full:https://registry.npmjs.org/@vitejs%2fplugin-basic-ssl cache-miss
266 http fetch GET 200 https://registry.npmjs.org/piscina 586ms (cache miss)
267 silly packumentCache full:https://registry.npmjs.org/piscina set size:undefined disposed:false
268 silly fetch manifest @angular-devkit/architect@0.2102.11
269 silly packumentCache full:https://registry.npmjs.org/@angular-devkit%2farchitect cache-miss
270 http cache https://registry.npmjs.org/@angular-devkit%2farchitect 20ms (cache hit)
271 silly packumentCache full:https://registry.npmjs.org/@angular-devkit%2farchitect set size:2150835 disposed:false
272 silly fetch manifest parse5-html-rewriting-stream@8.0.0
273 silly packumentCache full:https://registry.npmjs.org/parse5-html-rewriting-stream cache-miss
274 http cache https://registry.npmjs.org/parse5-html-rewriting-stream 11ms (cache hit)
275 silly packumentCache full:https://registry.npmjs.org/parse5-html-rewriting-stream set size:23913 disposed:false
276 silly fetch manifest @babel/helper-annotate-as-pure@7.27.3
277 silly packumentCache full:https://registry.npmjs.org/@babel%2fhelper-annotate-as-pure cache-miss
278 http fetch GET 200 https://registry.npmjs.org/esbuild 737ms (cache miss)
279 silly packumentCache full:https://registry.npmjs.org/esbuild set size:undefined disposed:false
280 silly fetch manifest @babel/helper-split-export-declaration@7.24.7
281 silly packumentCache full:https://registry.npmjs.org/@babel%2fhelper-split-export-declaration cache-miss
282 http fetch GET 200 https://registry.npmjs.org/@vitejs%2fplugin-basic-ssl 186ms (cache miss)
283 silly packumentCache full:https://registry.npmjs.org/@vitejs%2fplugin-basic-ssl set size:undefined disposed:false
284 silly fetch manifest lmdb@3.5.1
285 silly packumentCache full:https://registry.npmjs.org/lmdb cache-miss
286 http fetch GET 200 https://registry.npmjs.org/@babel%2fcore 718ms (cache miss)
287 silly packumentCache full:https://registry.npmjs.org/@babel%2fcore set size:undefined disposed:false
288 silly fetch manifest yargs@^18.0.0
289 silly packumentCache full:https://registry.npmjs.org/yargs cache-miss
290 http fetch GET 200 https://registry.npmjs.org/@babel%2fhelper-annotate-as-pure 180ms (cache miss)
291 silly packumentCache full:https://registry.npmjs.org/@babel%2fhelper-annotate-as-pure set size:undefined disposed:false
292 silly fetch manifest semver@^7.0.0
293 silly packumentCache full:https://registry.npmjs.org/semver cache-hit
294 silly fetch manifest chokidar@^5.0.0
295 silly packumentCache full:https://registry.npmjs.org/chokidar cache-miss
296 http cache https://registry.npmjs.org/yargs 15ms (cache hit)
297 silly packumentCache full:https://registry.npmjs.org/yargs set size:743056 disposed:false
298 silly fetch manifest reflect-metadata@^0.2.0
299 silly packumentCache full:https://registry.npmjs.org/reflect-metadata cache-miss
300 http cache https://registry.npmjs.org/chokidar 17ms (cache hit)
301 silly packumentCache full:https://registry.npmjs.org/chokidar set size:255902 disposed:false
302 silly fetch manifest convert-source-map@^1.5.1
303 silly packumentCache full:https://registry.npmjs.org/convert-source-map cache-miss
304 http fetch GET 200 https://registry.npmjs.org/watchpack 789ms (cache miss)
305 silly packumentCache full:https://registry.npmjs.org/watchpack set size:undefined disposed:false
306 silly fetch manifest @jridgewell/sourcemap-codec@^1.4.14
307 silly packumentCache full:https://registry.npmjs.org/@jridgewell%2fsourcemap-codec cache-miss
308 http cache https://registry.npmjs.org/@jridgewell%2fsourcemap-codec 7ms (cache hit)
309 silly packumentCache full:https://registry.npmjs.org/@jridgewell%2fsourcemap-codec set size:51856 disposed:false
310 silly fetch manifest ini@6.0.0
311 silly packumentCache full:https://registry.npmjs.org/ini cache-miss
312 http cache https://registry.npmjs.org/ini 14ms (cache hit)
313 silly packumentCache full:https://registry.npmjs.org/ini set size:59180 disposed:false
314 silly fetch manifest zod@4.3.6
315 silly packumentCache full:https://registry.npmjs.org/zod cache-miss
316 http fetch GET 200 https://registry.npmjs.org/@babel%2fhelper-split-export-declaration 131ms (cache miss)
317 silly packumentCache full:https://registry.npmjs.org/@babel%2fhelper-split-export-declaration set size:undefined disposed:false
318 silly fetch manifest yargs@18.0.0
319 silly packumentCache full:https://registry.npmjs.org/yargs cache-hit
320 silly fetch manifest pacote@21.3.1
321 silly packumentCache full:https://registry.npmjs.org/pacote cache-miss
322 http cache https://registry.npmjs.org/zod 23ms (cache hit)
323 silly packumentCache full:https://registry.npmjs.org/zod set size:3552562 disposed:false
324 silly fetch manifest algoliasearch@5.48.1
325 silly packumentCache full:https://registry.npmjs.org/algoliasearch cache-miss
326 http cache https://registry.npmjs.org/pacote 59ms (cache hit)
327 silly packumentCache full:https://registry.npmjs.org/pacote set size:760545 disposed:false
328 silly fetch manifest npm-package-arg@13.0.2
329 silly packumentCache full:https://registry.npmjs.org/npm-package-arg cache-miss
330 http cache https://registry.npmjs.org/algoliasearch 38ms (cache hit)
331 silly packumentCache full:https://registry.npmjs.org/algoliasearch set size:1787613 disposed:false
332 silly fetch manifest @inquirer/prompts@7.10.1
333 silly packumentCache full:https://registry.npmjs.org/@inquirer%2fprompts cache-miss
334 http cache https://registry.npmjs.org/npm-package-arg 35ms (cache hit)
335 silly packumentCache full:https://registry.npmjs.org/npm-package-arg set size:133940 disposed:false
336 silly fetch manifest @yarnpkg/lockfile@1.1.0
337 silly packumentCache full:https://registry.npmjs.org/@yarnpkg%2flockfile cache-miss
338 http fetch GET 200 https://registry.npmjs.org/convert-source-map 154ms (cache miss)
339 silly packumentCache full:https://registry.npmjs.org/convert-source-map set size:undefined disposed:false
340 silly fetch manifest @schematics/angular@21.2.11
341 silly packumentCache full:https://registry.npmjs.org/@schematics%2fangular cache-miss
342 http cache https://registry.npmjs.org/@inquirer%2fprompts 25ms (cache hit)
343 silly packumentCache full:https://registry.npmjs.org/@inquirer%2fprompts set size:323131 disposed:false
344 silly fetch manifest @angular-devkit/core@21.2.11
345 silly packumentCache full:https://registry.npmjs.org/@angular-devkit%2fcore cache-miss
346 http fetch GET 200 https://registry.npmjs.org/reflect-metadata 182ms (cache miss)
347 silly packumentCache full:https://registry.npmjs.org/reflect-metadata set size:undefined disposed:false
348 silly fetch manifest @modelcontextprotocol/sdk@1.26.0
349 silly packumentCache full:https://registry.npmjs.org/@modelcontextprotocol%2fsdk cache-miss
350 http cache https://registry.npmjs.org/@yarnpkg%2flockfile 28ms (cache hit)
351 silly packumentCache full:https://registry.npmjs.org/@yarnpkg%2flockfile set size:8937 disposed:false
352 silly fetch manifest @angular-devkit/schematics@21.2.11
353 silly packumentCache full:https://registry.npmjs.org/@angular-devkit%2fschematics cache-miss
354 http fetch GET 200 https://registry.npmjs.org/istanbul-lib-instrument 516ms (cache miss)
355 silly packumentCache full:https://registry.npmjs.org/istanbul-lib-instrument set size:undefined disposed:false
356 silly fetch manifest @listr2/prompt-adapter-inquirer@3.0.5
357 silly packumentCache full:https://registry.npmjs.org/@listr2%2fprompt-adapter-inquirer cache-miss
358 http cache https://registry.npmjs.org/@schematics%2fangular 40ms (cache hit)
359 silly packumentCache full:https://registry.npmjs.org/@schematics%2fangular set size:2360292 disposed:false
360 silly fetch manifest @standard-schema/spec@^1.0.0
361 silly packumentCache full:https://registry.npmjs.org/@standard-schema%2fspec cache-miss
362 http cache https://registry.npmjs.org/@modelcontextprotocol%2fsdk 45ms (cache hit)
363 silly packumentCache full:https://registry.npmjs.org/@modelcontextprotocol%2fsdk set size:295652 disposed:false
364 silly fetch manifest saxes@^6.0.0
365 silly packumentCache full:https://registry.npmjs.org/saxes cache-miss
366 http cache https://registry.npmjs.org/@angular-devkit%2fcore 57ms (cache hit)
367 silly packumentCache full:https://registry.npmjs.org/@angular-devkit%2fcore set size:2351615 disposed:false
368 silly fetch manifest parse5@^8.0.0
369 silly packumentCache full:https://registry.npmjs.org/parse5 cache-miss
370 http cache https://registry.npmjs.org/@angular-devkit%2fschematics 67ms (cache hit)
371 silly packumentCache full:https://registry.npmjs.org/@angular-devkit%2fschematics set size:2303419 disposed:false
372 silly fetch manifest undici@^7.21.0
373 silly packumentCache full:https://registry.npmjs.org/undici cache-miss
374 http cache https://registry.npmjs.org/@listr2%2fprompt-adapter-inquirer 75ms (cache hit)
375 silly packumentCache full:https://registry.npmjs.org/@listr2%2fprompt-adapter-inquirer set size:128897 disposed:false
376 silly fetch manifest cssstyle@^6.0.1
377 silly packumentCache full:https://registry.npmjs.org/cssstyle cache-miss
378 http fetch GET 200 https://registry.npmjs.org/lmdb 352ms (cache miss)
379 silly packumentCache full:https://registry.npmjs.org/lmdb set size:undefined disposed:false
380 silly fetch manifest data-urls@^7.0.0
381 silly packumentCache full:https://registry.npmjs.org/data-urls cache-miss
382 http cache https://registry.npmjs.org/parse5 48ms (cache hit)
383 silly packumentCache full:https://registry.npmjs.org/parse5 set size:123116 disposed:false
384 silly fetch manifest decimal.js@^10.6.0
385 silly packumentCache full:https://registry.npmjs.org/decimal.js cache-miss
386 http cache https://registry.npmjs.org/undici 41ms (cache hit)
387 silly packumentCache full:https://registry.npmjs.org/undici set size:1412963 disposed:false
388 silly fetch manifest whatwg-url@^16.0.0
389 silly packumentCache full:https://registry.npmjs.org/whatwg-url cache-miss
390 http fetch GET 200 https://registry.npmjs.org/browserslist 1086ms (cache miss)
391 silly packumentCache full:https://registry.npmjs.org/browserslist set size:undefined disposed:false
392 silly fetch manifest symbol-tree@^3.2.4
393 silly packumentCache full:https://registry.npmjs.org/symbol-tree cache-miss
394 http fetch GET 200 https://registry.npmjs.org/@standard-schema%2fspec 132ms (cache miss)
395 silly packumentCache full:https://registry.npmjs.org/@standard-schema%2fspec set size:undefined disposed:false
396 silly fetch manifest tough-cookie@^6.0.0
397 silly packumentCache full:https://registry.npmjs.org/tough-cookie cache-miss
398 http fetch GET 200 https://registry.npmjs.org/saxes 146ms (cache miss)
399 silly packumentCache full:https://registry.npmjs.org/saxes set size:undefined disposed:false
400 silly fetch manifest @acemir/cssom@^0.9.31
401 silly packumentCache full:https://registry.npmjs.org/@acemir%2fcssom cache-miss
402 http fetch GET 200 https://registry.npmjs.org/cssstyle 141ms (cache miss)
403 silly packumentCache full:https://registry.npmjs.org/cssstyle set size:undefined disposed:false
404 silly fetch manifest @exodus/bytes@^1.11.0
405 silly packumentCache full:https://registry.npmjs.org/@exodus%2fbytes cache-miss
406 http fetch GET 200 https://registry.npmjs.org/data-urls 131ms (cache miss)
407 silly packumentCache full:https://registry.npmjs.org/data-urls set size:undefined disposed:false
408 silly fetch manifest whatwg-mimetype@^5.0.0
409 silly packumentCache full:https://registry.npmjs.org/whatwg-mimetype cache-miss
410 http fetch GET 200 https://registry.npmjs.org/tough-cookie 155ms (cache miss)
411 silly packumentCache full:https://registry.npmjs.org/tough-cookie set size:undefined disposed:false
412 silly fetch manifest http-proxy-agent@^7.0.2
413 silly packumentCache full:https://registry.npmjs.org/http-proxy-agent cache-miss
414 http fetch GET 200 https://registry.npmjs.org/@acemir%2fcssom 136ms (cache miss)
415 silly packumentCache full:https://registry.npmjs.org/@acemir%2fcssom set size:undefined disposed:false
416 silly fetch manifest https-proxy-agent@^7.0.6
417 silly packumentCache full:https://registry.npmjs.org/https-proxy-agent cache-hit
418 silly fetch manifest w3c-xmlserializer@^5.0.0
419 silly packumentCache full:https://registry.npmjs.org/w3c-xmlserializer cache-miss
420 http cache https://registry.npmjs.org/http-proxy-agent 10ms (cache hit)
421 silly packumentCache full:https://registry.npmjs.org/http-proxy-agent set size:54849 disposed:false
422 silly fetch manifest webidl-conversions@^8.0.1
423 silly packumentCache full:https://registry.npmjs.org/webidl-conversions cache-miss
424 http fetch GET 200 https://registry.npmjs.org/whatwg-url 230ms (cache miss)
425 silly packumentCache full:https://registry.npmjs.org/whatwg-url set size:undefined disposed:false
426 silly fetch manifest xml-name-validator@^5.0.0
427 silly packumentCache full:https://registry.npmjs.org/xml-name-validator cache-miss
428 http fetch GET 200 https://registry.npmjs.org/@exodus%2fbytes 155ms (cache miss)
429 silly packumentCache full:https://registry.npmjs.org/@exodus%2fbytes set size:undefined disposed:false
430 silly fetch manifest @bramus/specificity@^2.4.2
431 silly packumentCache full:https://registry.npmjs.org/@bramus%2fspecificity cache-miss
432 http fetch GET 200 https://registry.npmjs.org/w3c-xmlserializer 108ms (cache miss)
433 silly packumentCache full:https://registry.npmjs.org/w3c-xmlserializer set size:undefined disposed:false
434 silly fetch manifest html-encoding-sniffer@^6.0.0
435 silly packumentCache full:https://registry.npmjs.org/html-encoding-sniffer cache-miss
436 http fetch GET 200 https://registry.npmjs.org/webidl-conversions 110ms (cache miss)
437 silly packumentCache full:https://registry.npmjs.org/webidl-conversions set size:undefined disposed:false
438 silly fetch manifest @asamuzakjp/dom-selector@^6.8.1
439 silly packumentCache full:https://registry.npmjs.org/@asamuzakjp%2fdom-selector cache-miss
440 http fetch GET 200 https://registry.npmjs.org/decimal.js 357ms (cache miss)
441 silly packumentCache full:https://registry.npmjs.org/decimal.js set size:undefined disposed:false
442 silly fetch manifest is-potential-custom-element-name@^1.0.1
443 silly packumentCache full:https://registry.npmjs.org/is-potential-custom-element-name cache-miss
444 http fetch GET 200 https://registry.npmjs.org/symbol-tree 317ms (cache miss)
445 silly packumentCache full:https://registry.npmjs.org/symbol-tree set size:undefined disposed:false
446 silly fetch manifest obug@^2.1.1
447 silly packumentCache full:https://registry.npmjs.org/obug cache-miss
448 http fetch GET 200 https://registry.npmjs.org/whatwg-mimetype 273ms (cache miss)
449 silly packumentCache full:https://registry.npmjs.org/whatwg-mimetype set size:undefined disposed:false
450 silly fetch manifest vite@^6.0.0 || ^7.0.0 || ^8.0.0
451 silly packumentCache full:https://registry.npmjs.org/vite cache-miss
452 http fetch GET 200 https://registry.npmjs.org/@bramus%2fspecificity 149ms (cache miss)
453 silly packumentCache full:https://registry.npmjs.org/@bramus%2fspecificity set size:undefined disposed:false
454 silly fetch manifest pathe@^2.0.3
455 silly packumentCache full:https://registry.npmjs.org/pathe cache-miss
456 http fetch GET 200 https://registry.npmjs.org/html-encoding-sniffer 105ms (cache miss)
457 silly packumentCache full:https://registry.npmjs.org/html-encoding-sniffer set size:undefined disposed:false
458 silly fetch manifest std-env@^4.0.0-rc.1
459 silly packumentCache full:https://registry.npmjs.org/std-env cache-miss
460 http fetch GET 200 https://registry.npmjs.org/xml-name-validator 179ms (cache miss)
461 silly packumentCache full:https://registry.npmjs.org/xml-name-validator set size:undefined disposed:false
462 silly fetch manifest tinyexec@^1.0.2
463 silly packumentCache full:https://registry.npmjs.org/tinyexec cache-miss
464 http fetch GET 200 https://registry.npmjs.org/obug 123ms (cache miss)
465 silly packumentCache full:https://registry.npmjs.org/obug set size:undefined disposed:false
466 silly fetch manifest picomatch@^4.0.3
467 silly packumentCache full:https://registry.npmjs.org/picomatch cache-hit
468 silly fetch manifest tinybench@^2.9.0
469 silly packumentCache full:https://registry.npmjs.org/tinybench cache-miss
470 http fetch GET 200 https://registry.npmjs.org/is-potential-custom-element-name 134ms (cache miss)
471 silly packumentCache full:https://registry.npmjs.org/is-potential-custom-element-name set size:undefined disposed:false
472 silly fetch manifest tinyglobby@^0.2.15
473 silly packumentCache full:https://registry.npmjs.org/tinyglobby cache-hit
474 silly fetch manifest @vitest/spy@4.1.6
475 silly packumentCache full:https://registry.npmjs.org/@vitest%2fspy cache-miss
476 http fetch GET 200 https://registry.npmjs.org/pathe 208ms (cache miss)
477 silly packumentCache full:https://registry.npmjs.org/pathe set size:undefined disposed:false
478 silly fetch manifest expect-type@^1.3.0
479 silly packumentCache full:https://registry.npmjs.org/expect-type cache-miss
480 http fetch GET 200 https://registry.npmjs.org/std-env 204ms (cache miss)
481 silly packumentCache full:https://registry.npmjs.org/std-env set size:undefined disposed:false
482 silly fetch manifest tinyrainbow@^3.1.0
483 silly packumentCache full:https://registry.npmjs.org/tinyrainbow cache-miss
484 http fetch GET 200 https://registry.npmjs.org/tinyexec 204ms (cache miss)
485 silly packumentCache full:https://registry.npmjs.org/tinyexec set size:undefined disposed:false
486 silly fetch manifest magic-string@^0.30.21
487 silly packumentCache full:https://registry.npmjs.org/magic-string cache-hit
488 silly fetch manifest @vitest/utils@4.1.6
489 silly packumentCache full:https://registry.npmjs.org/@vitest%2futils cache-miss
490 http fetch GET 200 https://registry.npmjs.org/tinybench 150ms (cache miss)
491 silly packumentCache full:https://registry.npmjs.org/tinybench set size:undefined disposed:false
492 silly fetch manifest @vitest/expect@4.1.6
493 silly packumentCache full:https://registry.npmjs.org/@vitest%2fexpect cache-miss
494 http fetch GET 200 https://registry.npmjs.org/@vitest%2fspy 215ms (cache miss)
495 silly packumentCache full:https://registry.npmjs.org/@vitest%2fspy set size:undefined disposed:false
496 silly fetch manifest @vitest/mocker@4.1.6
497 silly packumentCache full:https://registry.npmjs.org/@vitest%2fmocker cache-miss
498 http fetch GET 200 https://registry.npmjs.org/@asamuzakjp%2fdom-selector 448ms (cache miss)
499 silly packumentCache full:https://registry.npmjs.org/@asamuzakjp%2fdom-selector set size:undefined disposed:false
500 silly fetch manifest @vitest/runner@4.1.6
501 silly packumentCache full:https://registry.npmjs.org/@vitest%2frunner cache-miss
502 http fetch GET 200 https://registry.npmjs.org/tinyrainbow 247ms (cache miss)
503 silly packumentCache full:https://registry.npmjs.org/tinyrainbow set size:undefined disposed:false
504 silly fetch manifest es-module-lexer@^2.0.0
505 silly packumentCache full:https://registry.npmjs.org/es-module-lexer cache-miss
506 http fetch GET 200 https://registry.npmjs.org/@vitest%2fmocker 191ms (cache miss)
507 silly packumentCache full:https://registry.npmjs.org/@vitest%2fmocker set size:undefined disposed:false
508 silly fetch manifest @vitest/snapshot@4.1.6
509 silly packumentCache full:https://registry.npmjs.org/@vitest%2fsnapshot cache-miss
510 http fetch GET 200 https://registry.npmjs.org/expect-type 286ms (cache miss)
511 silly packumentCache full:https://registry.npmjs.org/expect-type set size:undefined disposed:false
512 silly fetch manifest why-is-node-running@^2.3.0
513 silly packumentCache full:https://registry.npmjs.org/why-is-node-running cache-miss
514 http fetch GET 200 https://registry.npmjs.org/@vitest%2fexpect 323ms (cache miss)
515 silly packumentCache full:https://registry.npmjs.org/@vitest%2fexpect set size:undefined disposed:false
516 silly fetch manifest @vitest/pretty-format@4.1.6
517 silly packumentCache full:https://registry.npmjs.org/@vitest%2fpretty-format cache-miss
518 http fetch GET 200 https://registry.npmjs.org/why-is-node-running 110ms (cache miss)
519 silly packumentCache full:https://registry.npmjs.org/why-is-node-running set size:undefined disposed:false
520 http fetch GET 200 https://registry.npmjs.org/es-module-lexer 167ms (cache miss)
521 silly packumentCache full:https://registry.npmjs.org/es-module-lexer set size:undefined disposed:false
522 http fetch GET 200 https://registry.npmjs.org/@vitest%2fsnapshot 179ms (cache miss)
523 silly packumentCache full:https://registry.npmjs.org/@vitest%2fsnapshot set size:undefined disposed:false
524 http fetch GET 200 https://registry.npmjs.org/@vitest%2frunner 314ms (cache miss)
525 silly packumentCache full:https://registry.npmjs.org/@vitest%2frunner set size:undefined disposed:false
526 http fetch GET 200 https://registry.npmjs.org/@vitest%2fpretty-format 193ms (cache miss)
527 silly packumentCache full:https://registry.npmjs.org/@vitest%2fpretty-format set size:undefined disposed:false
528 http fetch GET 200 https://registry.npmjs.org/@vitest%2futils 534ms (cache miss)
529 silly packumentCache full:https://registry.npmjs.org/@vitest%2futils set size:undefined disposed:false
530 http fetch GET 200 https://registry.npmjs.org/vite 1495ms (cache miss)
531 silly packumentCache full:https://registry.npmjs.org/vite set size:undefined disposed:false
532 http fetch GET 200 https://registry.npmjs.org/vite 4178ms (cache miss)
533 silly packumentCache full:https://registry.npmjs.org/vite set size:undefined disposed:false
534 http fetch GET 200 https://registry.npmjs.org/mrmime 10225ms attempt #2 (cache miss)
535 silly packumentCache full:https://registry.npmjs.org/mrmime set size:undefined disposed:false
536 http fetch GET 200 https://registry.npmjs.org/source-map-support 10205ms attempt #2 (cache miss)
537 silly packumentCache full:https://registry.npmjs.org/source-map-support set size:undefined disposed:false
538 http fetch GET 200 https://registry.npmjs.org/rolldown 10482ms attempt #2 (cache miss)
539 silly packumentCache full:https://registry.npmjs.org/rolldown set size:undefined disposed:false
540 silly fetch manifest @types/node@^20.19.0 || >=22.12.0
541 silly packumentCache full:https://registry.npmjs.org/@types%2fnode cache-miss
542 http cache https://registry.npmjs.org/@types%2fnode 56ms (cache hit)
543 silly packumentCache full:https://registry.npmjs.org/@types%2fnode set size:11012080 disposed:false
544 silly fetch manifest jiti@>=1.21.0
545 silly packumentCache full:https://registry.npmjs.org/jiti cache-miss
546 http fetch GET 200 https://registry.npmjs.org/jiti 143ms (cache miss)
547 silly packumentCache full:https://registry.npmjs.org/jiti set size:undefined disposed:false
548 silly fetch manifest lightningcss@^1.21.0
549 silly packumentCache full:https://registry.npmjs.org/lightningcss cache-miss
550 http fetch GET 200 https://registry.npmjs.org/lightningcss 186ms (cache miss)
551 silly packumentCache full:https://registry.npmjs.org/lightningcss set size:undefined disposed:false
552 silly fetch manifest sass-embedded@^1.70.0
553 silly packumentCache full:https://registry.npmjs.org/sass-embedded cache-miss
554 http fetch GET 200 https://registry.npmjs.org/sass-embedded 121ms (cache miss)
555 silly packumentCache full:https://registry.npmjs.org/sass-embedded set size:undefined disposed:false
556 silly fetch manifest stylus@>=0.54.8
557 silly packumentCache full:https://registry.npmjs.org/stylus cache-miss
558 http fetch GET 200 https://registry.npmjs.org/stylus 115ms (cache miss)
559 silly packumentCache full:https://registry.npmjs.org/stylus set size:undefined disposed:false
560 silly fetch manifest sugarss@^5.0.0
561 silly packumentCache full:https://registry.npmjs.org/sugarss cache-miss
562 http fetch GET 200 https://registry.npmjs.org/sugarss 180ms (cache miss)
563 silly packumentCache full:https://registry.npmjs.org/sugarss set size:undefined disposed:false
564 silly fetch manifest terser@^5.16.0
565 silly packumentCache full:https://registry.npmjs.org/terser cache-miss
566 http fetch GET 200 https://registry.npmjs.org/terser 189ms (cache miss)
567 silly packumentCache full:https://registry.npmjs.org/terser set size:undefined disposed:false
568 silly fetch manifest tsx@^4.8.1
569 silly packumentCache full:https://registry.npmjs.org/tsx cache-miss
570 http fetch GET 200 https://registry.npmjs.org/tsx 147ms (cache miss)
571 silly packumentCache full:https://registry.npmjs.org/tsx set size:undefined disposed:false
572 silly fetch manifest yaml@^2.4.2
573 silly packumentCache full:https://registry.npmjs.org/yaml cache-miss
574 http fetch GET 200 https://registry.npmjs.org/yaml 132ms (cache miss)
575 silly packumentCache full:https://registry.npmjs.org/yaml set size:undefined disposed:false
576 silly fetch manifest @types/node@>=18
577 silly packumentCache full:https://registry.npmjs.org/@types%2fnode cache-miss
578 http cache https://registry.npmjs.org/@types%2fnode 31ms (cache hit)
579 silly packumentCache full:https://registry.npmjs.org/@types%2fnode set size:11012080 disposed:false
580 silly placeDep ROOT @ampproject/remapping@2.3.0 OK for: @angular/build@21.2.11 want: 2.3.0
581 silly placeDep ROOT @angular-devkit/architect@0.2102.11 OK for: @angular/build@21.2.11 want: 0.2102.11
582 silly placeDep ROOT @babel/core@7.29.0 OK for: @angular/build@21.2.11 want: 7.29.0
583 silly placeDep ROOT @babel/helper-annotate-as-pure@7.27.3 OK for: @angular/build@21.2.11 want: 7.27.3
584 silly placeDep ROOT @babel/helper-split-export-declaration@7.24.7 OK for: @angular/build@21.2.11 want: 7.24.7
585 silly placeDep ROOT @inquirer/confirm@5.1.21 OK for: @angular/build@21.2.11 want: 5.1.21
586 silly placeDep ROOT @vitejs/plugin-basic-ssl@2.1.4 OK for: @angular/build@21.2.11 want: 2.1.4
587 silly placeDep ROOT vite@7.3.2 OK for: @vitejs/plugin-basic-ssl@2.1.4 want: ^6.0.0 || ^7.0.0
588 silly placeDep ROOT beasties@0.4.1 OK for: @angular/build@21.2.11 want: 0.4.1
589 silly placeDep ROOT browserslist@4.28.2 OK for: @angular/build@21.2.11 want: ^4.26.0
590 silly placeDep ROOT esbuild@0.27.3 OK for: @angular/build@21.2.11 want: 0.27.3
591 silly placeDep ROOT https-proxy-agent@7.0.6 OK for: @angular/build@21.2.11 want: 7.0.6
592 silly placeDep ROOT istanbul-lib-instrument@6.0.3 OK for: @angular/build@21.2.11 want: 6.0.3
593 silly placeDep ROOT jsonc-parser@3.3.1 OK for: @angular/build@21.2.11 want: 3.3.1
594 silly placeDep ROOT listr2@9.0.5 OK for: @angular/build@21.2.11 want: 9.0.5
595 silly placeDep ROOT lmdb@3.5.1 OK for: @angular/build@21.2.11 want: 3.5.1
596 silly placeDep ROOT magic-string@0.30.21 OK for: @angular/build@21.2.11 want: 0.30.21
597 silly placeDep ROOT mrmime@2.0.1 OK for: @angular/build@21.2.11 want: 2.0.1
598 silly placeDep ROOT parse5-html-rewriting-stream@8.0.0 OK for: @angular/build@21.2.11 want: 8.0.0
599 silly placeDep ROOT picomatch@4.0.4 OK for: @angular/build@21.2.11 want: 4.0.4
600 silly placeDep ROOT piscina@5.1.4 OK for: @angular/build@21.2.11 want: 5.1.4
601 silly placeDep ROOT rolldown@1.0.0-rc.4 OK for: @angular/build@21.2.11 want: 1.0.0-rc.4
602 silly placeDep ROOT sass@1.97.3 OK for: @angular/build@21.2.11 want: 1.97.3
603 silly placeDep ROOT semver@7.7.4 OK for: @angular/build@21.2.11 want: 7.7.4
604 silly placeDep ROOT source-map-support@0.5.21 OK for: @angular/build@21.2.11 want: 0.5.21
605 silly placeDep ROOT tinyglobby@0.2.15 OK for: @angular/build@21.2.11 want: 0.2.15
606 silly placeDep ROOT undici@7.24.4 OK for: @angular/build@21.2.11 want: 7.24.4
607 silly placeDep ROOT watchpack@2.5.1 OK for: @angular/build@21.2.11 want: 2.5.1
608 silly fetch manifest @jridgewell/gen-mapping@^0.3.5
609 silly packumentCache full:https://registry.npmjs.org/@jridgewell%2fgen-mapping cache-miss
610 silly fetch manifest @jridgewell/trace-mapping@^0.3.24
611 silly packumentCache full:https://registry.npmjs.org/@jridgewell%2ftrace-mapping cache-miss
612 silly fetch manifest debug@^4.1.0
613 silly packumentCache full:https://registry.npmjs.org/debug cache-miss
614 silly fetch manifest json5@^2.2.3
615 silly packumentCache full:https://registry.npmjs.org/json5 cache-miss
616 silly fetch manifest semver@^6.3.1
617 silly packumentCache full:https://registry.npmjs.org/semver cache-hit
618 silly fetch manifest gensync@^1.0.0-beta.2
619 silly packumentCache full:https://registry.npmjs.org/gensync cache-miss
620 silly fetch manifest @babel/types@^7.29.0
621 silly packumentCache full:https://registry.npmjs.org/@babel%2ftypes cache-miss
622 silly fetch manifest @babel/parser@^7.29.0
623 silly packumentCache full:https://registry.npmjs.org/@babel%2fparser cache-miss
624 silly fetch manifest @babel/helpers@^7.28.6
625 silly packumentCache full:https://registry.npmjs.org/@babel%2fhelpers cache-miss
626 silly fetch manifest @babel/template@^7.28.6
627 silly packumentCache full:https://registry.npmjs.org/@babel%2ftemplate cache-miss
628 silly fetch manifest @babel/traverse@^7.29.0
629 silly packumentCache full:https://registry.npmjs.org/@babel%2ftraverse cache-miss
630 silly fetch manifest @babel/generator@^7.29.0
631 silly packumentCache full:https://registry.npmjs.org/@babel%2fgenerator cache-miss
632 http cache https://registry.npmjs.org/debug 18ms (cache hit)
633 silly packumentCache full:https://registry.npmjs.org/debug set size:195840 disposed:false
634 silly fetch manifest @babel/code-frame@^7.29.0
635 silly packumentCache full:https://registry.npmjs.org/@babel%2fcode-frame cache-miss
636 http fetch GET 200 https://registry.npmjs.org/gensync 121ms (cache miss)
637 silly packumentCache full:https://registry.npmjs.org/gensync set size:undefined disposed:false
638 silly fetch manifest convert-source-map@^2.0.0
639 silly packumentCache full:https://registry.npmjs.org/convert-source-map cache-miss
640 http cache https://registry.npmjs.org/convert-source-map 9ms (cache hit)
641 silly packumentCache full:https://registry.npmjs.org/convert-source-map set size:66997 disposed:false
642 silly fetch manifest @jridgewell/remapping@^2.3.5
643 silly packumentCache full:https://registry.npmjs.org/@jridgewell%2fremapping cache-miss
644 http fetch GET 200 https://registry.npmjs.org/@jridgewell%2fgen-mapping 147ms (cache miss)
645 silly packumentCache full:https://registry.npmjs.org/@jridgewell%2fgen-mapping set size:undefined disposed:false
646 silly fetch manifest @babel/helper-module-transforms@^7.28.6
647 silly packumentCache full:https://registry.npmjs.org/@babel%2fhelper-module-transforms cache-miss
648 http fetch GET 200 https://registry.npmjs.org/@babel%2ftemplate 156ms (cache miss)
649 silly packumentCache full:https://registry.npmjs.org/@babel%2ftemplate set size:undefined disposed:false
650 silly fetch manifest @babel/helper-compilation-targets@^7.28.6
651 silly packumentCache full:https://registry.npmjs.org/@babel%2fhelper-compilation-targets cache-miss
652 http fetch GET 200 https://registry.npmjs.org/@babel%2fhelpers 182ms (cache miss)
653 silly packumentCache full:https://registry.npmjs.org/@babel%2fhelpers set size:undefined disposed:false
654 silly fetch manifest @babel/types@^7.27.3
655 silly packumentCache full:https://registry.npmjs.org/@babel%2ftypes cache-miss
656 http fetch GET 200 https://registry.npmjs.org/@babel%2fparser 189ms (cache miss)
657 silly packumentCache full:https://registry.npmjs.org/@babel%2fparser set size:undefined disposed:false
658 silly fetch manifest @babel/types@^7.24.7
659 silly packumentCache full:https://registry.npmjs.org/@babel%2ftypes cache-miss
660 http fetch GET 200 https://registry.npmjs.org/@babel%2ftypes 207ms (cache miss)
661 silly packumentCache full:https://registry.npmjs.org/@babel%2ftypes set size:undefined disposed:false
662 silly fetch manifest @inquirer/core@^10.3.2
663 silly packumentCache full:https://registry.npmjs.org/@inquirer%2fcore cache-miss
664 http cache https://registry.npmjs.org/@inquirer%2fcore 17ms (cache hit)
665 silly packumentCache full:https://registry.npmjs.org/@inquirer%2fcore set size:347868 disposed:false
666 silly fetch manifest @inquirer/type@^3.0.10
667 silly packumentCache full:https://registry.npmjs.org/@inquirer%2ftype cache-miss
668 http fetch GET 200 https://registry.npmjs.org/@jridgewell%2ftrace-mapping 238ms (cache miss)
669 silly packumentCache full:https://registry.npmjs.org/@jridgewell%2ftrace-mapping set size:undefined disposed:false
670 silly fetch manifest fdir@^6.5.0
671 silly packumentCache full:https://registry.npmjs.org/fdir cache-miss
672 http fetch GET 200 https://registry.npmjs.org/json5 240ms (cache miss)
673 silly packumentCache full:https://registry.npmjs.org/json5 set size:undefined disposed:false
674 silly fetch manifest rollup@^4.43.0
675 silly packumentCache full:https://registry.npmjs.org/rollup cache-miss
676 http cache https://registry.npmjs.org/@inquirer%2ftype 15ms (cache hit)
677 silly packumentCache full:https://registry.npmjs.org/@inquirer%2ftype set size:115206 disposed:false
678 silly fetch manifest esbuild@^0.27.0
679 silly packumentCache full:https://registry.npmjs.org/esbuild cache-miss
680 http fetch GET 200 https://registry.npmjs.org/@jridgewell%2fremapping 125ms (cache miss)
681 silly packumentCache full:https://registry.npmjs.org/@jridgewell%2fremapping set size:undefined disposed:false
682 silly fetch manifest postcss@^8.5.6
683 silly packumentCache full:https://registry.npmjs.org/postcss cache-miss
684 http cache https://registry.npmjs.org/fdir 25ms (cache hit)
685 silly packumentCache full:https://registry.npmjs.org/fdir set size:136182 disposed:false
686 silly fetch manifest fsevents@~2.3.3
687 silly packumentCache full:https://registry.npmjs.org/fsevents cache-miss
688 http cache https://registry.npmjs.org/esbuild 25ms (cache hit)
689 silly packumentCache full:https://registry.npmjs.org/esbuild set size:1254708 disposed:false
690 silly fetch manifest postcss@^8.4.49
691 silly packumentCache full:https://registry.npmjs.org/postcss cache-miss
692 http cache https://registry.npmjs.org/postcss 32ms (cache hit)
693 silly packumentCache full:https://registry.npmjs.org/postcss set size:720302 disposed:false
694 silly fetch manifest css-what@^7.0.0
695 silly packumentCache full:https://registry.npmjs.org/css-what cache-miss
696 http fetch GET 200 https://registry.npmjs.org/@babel%2fhelper-module-transforms 157ms (cache miss)
697 silly packumentCache full:https://registry.npmjs.org/@babel%2fhelper-module-transforms set size:undefined disposed:false
698 silly fetch manifest css-select@^6.0.0
699 silly packumentCache full:https://registry.npmjs.org/css-select cache-miss
700 http cache https://registry.npmjs.org/postcss 31ms (cache hit)
701 silly packumentCache full:https://registry.npmjs.org/postcss set size:720302 disposed:false
702 silly packumentCache full:https://registry.npmjs.org/postcss dispose
703 silly fetch manifest domhandler@^5.0.3
704 silly packumentCache full:https://registry.npmjs.org/domhandler cache-miss
705 http fetch GET 200 https://registry.npmjs.org/@babel%2fhelper-compilation-targets 166ms (cache miss)
706 silly packumentCache full:https://registry.npmjs.org/@babel%2fhelper-compilation-targets set size:undefined disposed:false
707 silly fetch manifest picocolors@^1.1.1
708 silly packumentCache full:https://registry.npmjs.org/picocolors cache-miss
709 http fetch GET 200 https://registry.npmjs.org/@babel%2ftypes 162ms (cache miss)
710 silly packumentCache full:https://registry.npmjs.org/@babel%2ftypes set size:undefined disposed:false
711 silly fetch manifest htmlparser2@^10.0.0
712 silly packumentCache full:https://registry.npmjs.org/htmlparser2 cache-miss
713 http fetch GET 200 https://registry.npmjs.org/css-what 118ms (cache miss)
714 silly packumentCache full:https://registry.npmjs.org/css-what set size:undefined disposed:false
715 silly fetch manifest dom-serializer@^2.0.0
716 silly packumentCache full:https://registry.npmjs.org/dom-serializer cache-miss
717 http fetch GET 200 https://registry.npmjs.org/@babel%2ftypes 231ms (cache miss)
718 silly packumentCache full:https://registry.npmjs.org/@babel%2ftypes set size:undefined disposed:false
719 silly fetch manifest postcss-safe-parser@^7.0.1
720 silly packumentCache full:https://registry.npmjs.org/postcss-safe-parser cache-miss
721 http fetch GET 200 https://registry.npmjs.org/domhandler 114ms (cache miss)
722 silly packumentCache full:https://registry.npmjs.org/domhandler set size:undefined disposed:false
723 silly fetch manifest postcss-media-query-parser@^0.2.3
724 silly packumentCache full:https://registry.npmjs.org/postcss-media-query-parser cache-miss
725 http fetch GET 200 https://registry.npmjs.org/fsevents 173ms (cache miss)
726 silly packumentCache full:https://registry.npmjs.org/fsevents set size:undefined disposed:false
727 silly fetch manifest baseline-browser-mapping@^2.10.12
728 silly packumentCache full:https://registry.npmjs.org/baseline-browser-mapping cache-miss
729 http fetch GET 200 https://registry.npmjs.org/picocolors 122ms (cache miss)
730 silly packumentCache full:https://registry.npmjs.org/picocolors set size:undefined disposed:false
731 silly fetch manifest caniuse-lite@^1.0.30001782
732 silly packumentCache full:https://registry.npmjs.org/caniuse-lite cache-miss
733 http fetch GET 200 https://registry.npmjs.org/htmlparser2 118ms (cache miss)
734 silly packumentCache full:https://registry.npmjs.org/htmlparser2 set size:undefined disposed:false
735 silly fetch manifest electron-to-chromium@^1.5.328
736 silly packumentCache full:https://registry.npmjs.org/electron-to-chromium cache-miss
737 http fetch GET 200 https://registry.npmjs.org/@babel%2ftraverse 499ms (cache miss)
738 silly packumentCache full:https://registry.npmjs.org/@babel%2ftraverse set size:undefined disposed:false
739 silly fetch manifest node-releases@^2.0.36
740 silly packumentCache full:https://registry.npmjs.org/node-releases cache-miss
741 http fetch GET 200 https://registry.npmjs.org/postcss-media-query-parser 103ms (cache miss)
742 silly packumentCache full:https://registry.npmjs.org/postcss-media-query-parser set size:undefined disposed:false
743 silly fetch manifest update-browserslist-db@^1.2.3
744 silly packumentCache full:https://registry.npmjs.org/update-browserslist-db cache-miss
745 http fetch GET 200 https://registry.npmjs.org/dom-serializer 129ms (cache miss)
746 silly packumentCache full:https://registry.npmjs.org/dom-serializer set size:undefined disposed:false
747 silly fetch manifest @esbuild/aix-ppc64@0.27.3
748 silly packumentCache full:https://registry.npmjs.org/@esbuild%2faix-ppc64 cache-miss
749 http fetch GET 200 https://registry.npmjs.org/postcss-safe-parser 125ms (cache miss)
750 silly packumentCache full:https://registry.npmjs.org/postcss-safe-parser set size:undefined disposed:false
751 silly fetch manifest @esbuild/linux-arm@0.27.3
752 silly packumentCache full:https://registry.npmjs.org/@esbuild%2flinux-arm cache-miss
753 http fetch GET 200 https://registry.npmjs.org/css-select 261ms (cache miss)
754 silly packumentCache full:https://registry.npmjs.org/css-select set size:undefined disposed:false
755 silly fetch manifest @esbuild/linux-x64@0.27.3
756 silly packumentCache full:https://registry.npmjs.org/@esbuild%2flinux-x64 cache-miss
757 http fetch GET 200 https://registry.npmjs.org/update-browserslist-db 113ms (cache miss)
758 silly packumentCache full:https://registry.npmjs.org/update-browserslist-db set size:undefined disposed:false
759 silly fetch manifest @esbuild/sunos-x64@0.27.3
760 silly packumentCache full:https://registry.npmjs.org/@esbuild%2fsunos-x64 cache-miss
761 http fetch GET 200 https://registry.npmjs.org/node-releases 164ms (cache miss)
762 silly packumentCache full:https://registry.npmjs.org/node-releases set size:undefined disposed:false
763 silly fetch manifest @esbuild/win32-x64@0.27.3
764 silly packumentCache full:https://registry.npmjs.org/@esbuild%2fwin32-x64 cache-miss
765 http fetch GET 200 https://registry.npmjs.org/baseline-browser-mapping 230ms (cache miss)
766 silly packumentCache full:https://registry.npmjs.org/baseline-browser-mapping set size:undefined disposed:false
767 silly fetch manifest @esbuild/darwin-x64@0.27.3
768 silly packumentCache full:https://registry.npmjs.org/@esbuild%2fdarwin-x64 cache-miss
769 http fetch GET 200 https://registry.npmjs.org/@esbuild%2flinux-x64 158ms (cache miss)
770 silly packumentCache full:https://registry.npmjs.org/@esbuild%2flinux-x64 set size:undefined disposed:false
771 silly fetch manifest @esbuild/linux-ia32@0.27.3
772 silly packumentCache full:https://registry.npmjs.org/@esbuild%2flinux-ia32 cache-miss
773 http fetch GET 200 https://registry.npmjs.org/caniuse-lite 283ms (cache miss)
774 silly packumentCache full:https://registry.npmjs.org/caniuse-lite set size:undefined disposed:false
775 silly fetch manifest @esbuild/netbsd-x64@0.27.3
776 silly packumentCache full:https://registry.npmjs.org/@esbuild%2fnetbsd-x64 cache-miss
777 http fetch GET 200 https://registry.npmjs.org/@esbuild%2faix-ppc64 203ms (cache miss)
778 silly packumentCache full:https://registry.npmjs.org/@esbuild%2faix-ppc64 set size:undefined disposed:false
779 silly fetch manifest @esbuild/win32-ia32@0.27.3
780 silly packumentCache full:https://registry.npmjs.org/@esbuild%2fwin32-ia32 cache-miss
781 http fetch GET 200 https://registry.npmjs.org/@esbuild%2flinux-arm 211ms (cache miss)
782 silly packumentCache full:https://registry.npmjs.org/@esbuild%2flinux-arm set size:undefined disposed:false
783 silly fetch manifest @esbuild/android-arm@0.27.3
784 silly packumentCache full:https://registry.npmjs.org/@esbuild%2fandroid-arm cache-miss
785 http fetch GET 200 https://registry.npmjs.org/@esbuild%2fwin32-x64 135ms (cache miss)
786 silly packumentCache full:https://registry.npmjs.org/@esbuild%2fwin32-x64 set size:undefined disposed:false
787 silly fetch manifest @esbuild/android-x64@0.27.3
788 silly packumentCache full:https://registry.npmjs.org/@esbuild%2fandroid-x64 cache-miss
789 http fetch GET 200 https://registry.npmjs.org/@esbuild%2fsunos-x64 157ms (cache miss)
790 silly packumentCache full:https://registry.npmjs.org/@esbuild%2fsunos-x64 set size:undefined disposed:false
791 silly fetch manifest @esbuild/freebsd-x64@0.27.3
792 silly packumentCache full:https://registry.npmjs.org/@esbuild%2ffreebsd-x64 cache-miss
793 http fetch GET 200 https://registry.npmjs.org/rollup 590ms (cache miss)
794 silly packumentCache full:https://registry.npmjs.org/rollup set size:undefined disposed:false
795 silly fetch manifest @esbuild/linux-arm64@0.27.3
796 silly packumentCache full:https://registry.npmjs.org/@esbuild%2flinux-arm64 cache-miss
797 http fetch GET 200 https://registry.npmjs.org/@babel%2fcode-frame 881ms (cache miss)
798 silly packumentCache full:https://registry.npmjs.org/@babel%2fcode-frame set size:undefined disposed:false
799 silly fetch manifest @esbuild/linux-ppc64@0.27.3
800 silly packumentCache full:https://registry.npmjs.org/@esbuild%2flinux-ppc64 cache-miss
801 http fetch GET 200 https://registry.npmjs.org/@esbuild%2fwin32-ia32 154ms (cache miss)
802 silly packumentCache full:https://registry.npmjs.org/@esbuild%2fwin32-ia32 set size:undefined disposed:false
803 silly fetch manifest @esbuild/linux-s390x@0.27.3
804 silly packumentCache full:https://registry.npmjs.org/@esbuild%2flinux-s390x cache-miss
805 http fetch GET 200 https://registry.npmjs.org/@esbuild%2fnetbsd-x64 166ms (cache miss)
806 silly packumentCache full:https://registry.npmjs.org/@esbuild%2fnetbsd-x64 set size:undefined disposed:false
807 silly fetch manifest @esbuild/openbsd-x64@0.27.3
808 silly packumentCache full:https://registry.npmjs.org/@esbuild%2fopenbsd-x64 cache-miss
809 http fetch GET 200 https://registry.npmjs.org/@esbuild%2fdarwin-x64 246ms (cache miss)
810 silly packumentCache full:https://registry.npmjs.org/@esbuild%2fdarwin-x64 set size:undefined disposed:false
811 silly fetch manifest @esbuild/win32-arm64@0.27.3
812 silly packumentCache full:https://registry.npmjs.org/@esbuild%2fwin32-arm64 cache-miss
813 http fetch GET 200 https://registry.npmjs.org/@esbuild%2flinux-ia32 207ms (cache miss)
814 silly packumentCache full:https://registry.npmjs.org/@esbuild%2flinux-ia32 set size:undefined disposed:false
815 silly fetch manifest @esbuild/darwin-arm64@0.27.3
816 silly packumentCache full:https://registry.npmjs.org/@esbuild%2fdarwin-arm64 cache-miss
817 http fetch GET 200 https://registry.npmjs.org/electron-to-chromium 475ms (cache miss)
818 silly packumentCache full:https://registry.npmjs.org/electron-to-chromium set size:undefined disposed:false
819 silly fetch manifest @esbuild/netbsd-arm64@0.27.3
820 silly packumentCache full:https://registry.npmjs.org/@esbuild%2fnetbsd-arm64 cache-miss
821 http fetch GET 200 https://registry.npmjs.org/@esbuild%2ffreebsd-x64 166ms (cache miss)
822 silly packumentCache full:https://registry.npmjs.org/@esbuild%2ffreebsd-x64 set size:undefined disposed:false
823 silly fetch manifest @esbuild/android-arm64@0.27.3
824 silly packumentCache full:https://registry.npmjs.org/@esbuild%2fandroid-arm64 cache-miss
825 http fetch GET 200 https://registry.npmjs.org/@esbuild%2fandroid-x64 180ms (cache miss)
826 silly packumentCache full:https://registry.npmjs.org/@esbuild%2fandroid-x64 set size:undefined disposed:false
827 silly fetch manifest @esbuild/freebsd-arm64@0.27.3
828 silly packumentCache full:https://registry.npmjs.org/@esbuild%2ffreebsd-arm64 cache-miss
829 http fetch GET 200 https://registry.npmjs.org/@esbuild%2fandroid-arm 224ms (cache miss)
830 silly packumentCache full:https://registry.npmjs.org/@esbuild%2fandroid-arm set size:undefined disposed:false
831 silly fetch manifest @esbuild/linux-loong64@0.27.3
832 silly packumentCache full:https://registry.npmjs.org/@esbuild%2flinux-loong64 cache-miss
833 http fetch GET 200 https://registry.npmjs.org/@esbuild%2fopenbsd-x64 132ms (cache miss)
834 silly packumentCache full:https://registry.npmjs.org/@esbuild%2fopenbsd-x64 set size:undefined disposed:false
835 silly fetch manifest @esbuild/linux-riscv64@0.27.3
836 silly packumentCache full:https://registry.npmjs.org/@esbuild%2flinux-riscv64 cache-miss
837 http fetch GET 200 https://registry.npmjs.org/@esbuild%2fwin32-arm64 125ms (cache miss)
838 silly packumentCache full:https://registry.npmjs.org/@esbuild%2fwin32-arm64 set size:undefined disposed:false
839 silly fetch manifest @esbuild/openbsd-arm64@0.27.3
840 silly packumentCache full:https://registry.npmjs.org/@esbuild%2fopenbsd-arm64 cache-miss
841 http fetch GET 200 https://registry.npmjs.org/@esbuild%2flinux-s390x 142ms (cache miss)
842 silly packumentCache full:https://registry.npmjs.org/@esbuild%2flinux-s390x set size:undefined disposed:false
843 silly fetch manifest @esbuild/linux-mips64el@0.27.3
844 silly packumentCache full:https://registry.npmjs.org/@esbuild%2flinux-mips64el cache-miss
845 http fetch GET 200 https://registry.npmjs.org/@esbuild%2flinux-ppc64 158ms (cache miss)
846 silly packumentCache full:https://registry.npmjs.org/@esbuild%2flinux-ppc64 set size:undefined disposed:false
847 silly fetch manifest @esbuild/openharmony-arm64@0.27.3
848 silly packumentCache full:https://registry.npmjs.org/@esbuild%2fopenharmony-arm64 cache-miss
849 http fetch GET 200 https://registry.npmjs.org/@esbuild%2fnetbsd-arm64 127ms (cache miss)
850 silly packumentCache full:https://registry.npmjs.org/@esbuild%2fnetbsd-arm64 set size:undefined disposed:false
851 silly fetch manifest debug@4
852 silly packumentCache full:https://registry.npmjs.org/debug cache-hit
853 silly fetch manifest agent-base@^7.1.2
854 silly packumentCache full:https://registry.npmjs.org/agent-base cache-miss
855 http cache https://registry.npmjs.org/agent-base 11ms (cache hit)
856 silly packumentCache full:https://registry.npmjs.org/agent-base set size:72085 disposed:false
857 silly fetch manifest @babel/parser@^7.23.9
858 silly packumentCache full:https://registry.npmjs.org/@babel%2fparser cache-miss
859 http cache https://registry.npmjs.org/@babel%2fparser 10ms (cache hit)
860 silly packumentCache full:https://registry.npmjs.org/@babel%2fparser set size:725652 disposed:false
861 silly fetch manifest @istanbuljs/schema@^0.1.3
862 silly packumentCache full:https://registry.npmjs.org/@istanbuljs%2fschema cache-miss
863 http fetch GET 200 https://registry.npmjs.org/@esbuild%2ffreebsd-arm64 147ms (cache miss)
864 silly packumentCache full:https://registry.npmjs.org/@esbuild%2ffreebsd-arm64 set size:undefined disposed:false
865 silly fetch manifest istanbul-lib-coverage@^3.2.0
866 silly packumentCache full:https://registry.npmjs.org/istanbul-lib-coverage cache-miss
867 http fetch GET 200 https://registry.npmjs.org/@esbuild%2fandroid-arm64 160ms (cache miss)
868 silly packumentCache full:https://registry.npmjs.org/@esbuild%2fandroid-arm64 set size:undefined disposed:false
869 silly fetch manifest semver@^7.5.4
870 silly packumentCache full:https://registry.npmjs.org/semver cache-hit
871 silly fetch manifest rfdc@^1.4.1
872 silly packumentCache full:https://registry.npmjs.org/rfdc cache-miss
873 http cache https://registry.npmjs.org/rfdc 16ms (cache hit)
874 silly packumentCache full:https://registry.npmjs.org/rfdc set size:45382 disposed:false
875 silly fetch manifest colorette@^2.0.20
876 silly packumentCache full:https://registry.npmjs.org/colorette cache-miss
877 http cache https://registry.npmjs.org/colorette 11ms (cache hit)
878 silly packumentCache full:https://registry.npmjs.org/colorette set size:92733 disposed:false
879 silly fetch manifest wrap-ansi@^9.0.0
880 silly packumentCache full:https://registry.npmjs.org/wrap-ansi cache-miss
881 http fetch GET 200 https://registry.npmjs.org/@esbuild%2fopenbsd-arm64 131ms (cache miss)
882 silly packumentCache full:https://registry.npmjs.org/@esbuild%2fopenbsd-arm64 set size:undefined disposed:false
883 silly fetch manifest log-update@^6.1.0
884 silly packumentCache full:https://registry.npmjs.org/log-update cache-miss
885 http fetch GET 200 https://registry.npmjs.org/@esbuild%2flinux-mips64el 135ms (cache miss)
886 silly packumentCache full:https://registry.npmjs.org/@esbuild%2flinux-mips64el set size:undefined disposed:false
887 silly fetch manifest cli-truncate@^5.0.0
888 silly packumentCache full:https://registry.npmjs.org/cli-truncate cache-miss
889 http cache https://registry.npmjs.org/wrap-ansi 15ms (cache hit)
890 silly packumentCache full:https://registry.npmjs.org/wrap-ansi set size:55299 disposed:false
891 silly fetch manifest eventemitter3@^5.0.1
892 silly packumentCache full:https://registry.npmjs.org/eventemitter3 cache-miss
893 http fetch GET 200 https://registry.npmjs.org/@esbuild%2flinux-riscv64 148ms (cache miss)
894 silly packumentCache full:https://registry.npmjs.org/@esbuild%2flinux-riscv64 set size:undefined disposed:false
895 silly fetch manifest msgpackr@^1.11.2
896 silly packumentCache full:https://registry.npmjs.org/msgpackr cache-miss
897 http fetch GET 200 https://registry.npmjs.org/@esbuild%2fopenharmony-arm64 134ms (cache miss)
898 silly packumentCache full:https://registry.npmjs.org/@esbuild%2fopenharmony-arm64 set size:undefined disposed:false
899 silly fetch manifest node-addon-api@^6.1.0
900 silly packumentCache full:https://registry.npmjs.org/node-addon-api cache-miss
901 http cache https://registry.npmjs.org/log-update 17ms (cache hit)
902 silly packumentCache full:https://registry.npmjs.org/log-update set size:60732 disposed:false
903 silly fetch manifest ordered-binary@^1.5.3
904 silly packumentCache full:https://registry.npmjs.org/ordered-binary cache-miss
905 http cache https://registry.npmjs.org/cli-truncate 16ms (cache hit)
906 silly packumentCache full:https://registry.npmjs.org/cli-truncate set size:35177 disposed:false
907 silly fetch manifest weak-lru-cache@^1.2.2
908 silly packumentCache full:https://registry.npmjs.org/weak-lru-cache cache-miss
909 http cache https://registry.npmjs.org/eventemitter3 17ms (cache hit)
910 silly packumentCache full:https://registry.npmjs.org/eventemitter3 set size:92292 disposed:false
911 silly fetch manifest @harperfast/extended-iterable@^1.0.3
912 silly packumentCache full:https://registry.npmjs.org/@harperfast%2fextended-iterable cache-miss
913 http fetch GET 200 https://registry.npmjs.org/@esbuild%2flinux-arm64 355ms (cache miss)
914 silly packumentCache full:https://registry.npmjs.org/@esbuild%2flinux-arm64 set size:undefined disposed:false
915 silly fetch manifest node-gyp-build-optional-packages@5.2.2
916 silly packumentCache full:https://registry.npmjs.org/node-gyp-build-optional-packages cache-miss
917 http fetch GET 200 https://registry.npmjs.org/@istanbuljs%2fschema 119ms (cache miss)
918 silly packumentCache full:https://registry.npmjs.org/@istanbuljs%2fschema set size:undefined disposed:false
919 silly fetch manifest @lmdb/lmdb-linux-arm@3.5.1
920 silly packumentCache full:https://registry.npmjs.org/@lmdb%2flmdb-linux-arm cache-miss
921 http fetch GET 200 https://registry.npmjs.org/istanbul-lib-coverage 117ms (cache miss)
922 silly packumentCache full:https://registry.npmjs.org/istanbul-lib-coverage set size:undefined disposed:false
923 silly fetch manifest @lmdb/lmdb-linux-x64@3.5.1
924 silly packumentCache full:https://registry.npmjs.org/@lmdb%2flmdb-linux-x64 cache-miss
925 http fetch GET 200 https://registry.npmjs.org/@esbuild%2flinux-loong64 283ms (cache miss)
926 silly packumentCache full:https://registry.npmjs.org/@esbuild%2flinux-loong64 set size:undefined disposed:false
927 silly fetch manifest @lmdb/lmdb-win32-x64@3.5.1
928 silly packumentCache full:https://registry.npmjs.org/@lmdb%2flmdb-win32-x64 cache-miss
929 http fetch GET 200 https://registry.npmjs.org/@esbuild%2fdarwin-arm64 345ms (cache miss)
930 silly packumentCache full:https://registry.npmjs.org/@esbuild%2fdarwin-arm64 set size:undefined disposed:false
931 silly fetch manifest @lmdb/lmdb-darwin-x64@3.5.1
932 silly packumentCache full:https://registry.npmjs.org/@lmdb%2flmdb-darwin-x64 cache-miss
933 http fetch GET 200 https://registry.npmjs.org/ordered-binary 102ms (cache miss)
934 silly packumentCache full:https://registry.npmjs.org/ordered-binary set size:undefined disposed:false
935 silly fetch manifest @lmdb/lmdb-linux-arm64@3.5.1
936 silly packumentCache full:https://registry.npmjs.org/@lmdb%2flmdb-linux-arm64 cache-miss
937 http fetch GET 200 https://registry.npmjs.org/node-addon-api 118ms (cache miss)
938 silly packumentCache full:https://registry.npmjs.org/node-addon-api set size:undefined disposed:false
939 silly fetch manifest @lmdb/lmdb-win32-arm64@3.5.1
940 silly packumentCache full:https://registry.npmjs.org/@lmdb%2flmdb-win32-arm64 cache-miss
941 http fetch GET 200 https://registry.npmjs.org/weak-lru-cache 116ms (cache miss)
942 silly packumentCache full:https://registry.npmjs.org/weak-lru-cache set size:undefined disposed:false
943 silly fetch manifest @lmdb/lmdb-darwin-arm64@3.5.1
944 silly packumentCache full:https://registry.npmjs.org/@lmdb%2flmdb-darwin-arm64 cache-miss
945 http fetch GET 200 https://registry.npmjs.org/msgpackr 131ms (cache miss)
946 silly packumentCache full:https://registry.npmjs.org/msgpackr set size:undefined disposed:false
947 silly fetch manifest @jridgewell/sourcemap-codec@^1.5.5
948 silly packumentCache full:https://registry.npmjs.org/@jridgewell%2fsourcemap-codec cache-hit
949 silly fetch manifest entities@^6.0.0
950 silly packumentCache full:https://registry.npmjs.org/entities cache-miss
951 http fetch GET 200 https://registry.npmjs.org/@harperfast%2fextended-iterable 124ms (cache miss)
952 silly packumentCache full:https://registry.npmjs.org/@harperfast%2fextended-iterable set size:undefined disposed:false
953 silly fetch manifest parse5-sax-parser@^8.0.0
954 silly packumentCache full:https://registry.npmjs.org/parse5-sax-parser cache-miss
955 http cache https://registry.npmjs.org/entities 9ms (cache hit)
956 silly packumentCache full:https://registry.npmjs.org/entities set size:101550 disposed:false
957 silly fetch manifest @napi-rs/nice@^1.0.4
958 silly packumentCache full:https://registry.npmjs.org/@napi-rs%2fnice cache-miss
959 http cache https://registry.npmjs.org/parse5-sax-parser 9ms (cache hit)
960 silly packumentCache full:https://registry.npmjs.org/parse5-sax-parser set size:18860 disposed:false
961 silly fetch manifest @oxc-project/types@=0.113.0
962 silly packumentCache full:https://registry.npmjs.org/@oxc-project%2ftypes cache-miss
963 http fetch GET 200 https://registry.npmjs.org/node-gyp-build-optional-packages 122ms (cache miss)
964 silly packumentCache full:https://registry.npmjs.org/node-gyp-build-optional-packages set size:undefined disposed:false
965 silly fetch manifest @rolldown/pluginutils@1.0.0-rc.4
966 silly packumentCache full:https://registry.npmjs.org/@rolldown%2fpluginutils cache-miss
967 http fetch GET 200 https://registry.npmjs.org/@lmdb%2flmdb-linux-arm 123ms (cache miss)
968 silly packumentCache full:https://registry.npmjs.org/@lmdb%2flmdb-linux-arm set size:undefined disposed:false
969 silly fetch manifest @rolldown/binding-darwin-x64@1.0.0-rc.4
970 silly packumentCache full:https://registry.npmjs.org/@rolldown%2fbinding-darwin-x64 cache-miss
971 http fetch GET 200 https://registry.npmjs.org/@babel%2fgenerator 1415ms (cache miss)
972 silly packumentCache full:https://registry.npmjs.org/@babel%2fgenerator set size:undefined disposed:false
973 silly fetch manifest @rolldown/binding-freebsd-x64@1.0.0-rc.4
974 silly packumentCache full:https://registry.npmjs.org/@rolldown%2fbinding-freebsd-x64 cache-miss
975 http fetch GET 200 https://registry.npmjs.org/@lmdb%2flmdb-linux-x64 167ms (cache miss)
976 silly packumentCache full:https://registry.npmjs.org/@lmdb%2flmdb-linux-x64 set size:undefined disposed:false
977 silly fetch manifest @rolldown/binding-wasm32-wasi@1.0.0-rc.4
978 silly packumentCache full:https://registry.npmjs.org/@rolldown%2fbinding-wasm32-wasi cache-miss
979 http fetch GET 200 https://registry.npmjs.org/@lmdb%2flmdb-linux-arm64 132ms (cache miss)
980 silly packumentCache full:https://registry.npmjs.org/@lmdb%2flmdb-linux-arm64 set size:undefined disposed:false
981 silly fetch manifest @rolldown/binding-darwin-arm64@1.0.0-rc.4
982 silly packumentCache full:https://registry.npmjs.org/@rolldown%2fbinding-darwin-arm64 cache-miss
983 http fetch GET 200 https://registry.npmjs.org/@lmdb%2flmdb-win32-arm64 124ms (cache miss)
984 silly packumentCache full:https://registry.npmjs.org/@lmdb%2flmdb-win32-arm64 set size:undefined disposed:false
985 silly fetch manifest @rolldown/binding-android-arm64@1.0.0-rc.4
986 silly packumentCache full:https://registry.npmjs.org/@rolldown%2fbinding-android-arm64 cache-miss
987 http fetch GET 200 https://registry.npmjs.org/@oxc-project%2ftypes 148ms (cache miss)
988 silly packumentCache full:https://registry.npmjs.org/@oxc-project%2ftypes set size:undefined disposed:false
989 silly fetch manifest @rolldown/binding-linux-x64-gnu@1.0.0-rc.4
990 silly packumentCache full:https://registry.npmjs.org/@rolldown%2fbinding-linux-x64-gnu cache-miss
991 http fetch GET 200 https://registry.npmjs.org/@lmdb%2flmdb-win32-x64 271ms (cache miss)
992 silly packumentCache full:https://registry.npmjs.org/@lmdb%2flmdb-win32-x64 set size:undefined disposed:false
993 silly fetch manifest @rolldown/binding-linux-x64-musl@1.0.0-rc.4
994 silly packumentCache full:https://registry.npmjs.org/@rolldown%2fbinding-linux-x64-musl cache-miss
995 http fetch GET 200 https://registry.npmjs.org/@lmdb%2flmdb-darwin-x64 273ms (cache miss)
996 silly packumentCache full:https://registry.npmjs.org/@lmdb%2flmdb-darwin-x64 set size:undefined disposed:false
997 silly fetch manifest @rolldown/binding-win32-x64-msvc@1.0.0-rc.4
998 silly packumentCache full:https://registry.npmjs.org/@rolldown%2fbinding-win32-x64-msvc cache-miss
999 http fetch GET 200 https://registry.npmjs.org/@rolldown%2fbinding-darwin-x64 186ms (cache miss)
1000 silly packumentCache full:https://registry.npmjs.org/@rolldown%2fbinding-darwin-x64 set size:undefined disposed:false
1001 silly fetch manifest @rolldown/binding-linux-arm64-gnu@1.0.0-rc.4
1002 silly packumentCache full:https://registry.npmjs.org/@rolldown%2fbinding-linux-arm64-gnu cache-miss
1003 http fetch GET 200 https://registry.npmjs.org/@lmdb%2flmdb-darwin-arm64 251ms (cache miss)
1004 silly packumentCache full:https://registry.npmjs.org/@lmdb%2flmdb-darwin-arm64 set size:undefined disposed:false
1005 silly fetch manifest @rolldown/binding-linux-arm64-musl@1.0.0-rc.4
1006 silly packumentCache full:https://registry.npmjs.org/@rolldown%2fbinding-linux-arm64-musl cache-miss
1007 http fetch GET 200 https://registry.npmjs.org/@rolldown%2fbinding-android-arm64 141ms (cache miss)
1008 silly packumentCache full:https://registry.npmjs.org/@rolldown%2fbinding-android-arm64 set size:undefined disposed:false
1009 silly fetch manifest @rolldown/binding-win32-arm64-msvc@1.0.0-rc.4
1010 silly packumentCache full:https://registry.npmjs.org/@rolldown%2fbinding-win32-arm64-msvc cache-miss
1011 http fetch GET 200 https://registry.npmjs.org/@rolldown%2fbinding-darwin-arm64 173ms (cache miss)
1012 silly packumentCache full:https://registry.npmjs.org/@rolldown%2fbinding-darwin-arm64 set size:undefined disposed:false
1013 silly fetch manifest @rolldown/binding-openharmony-arm64@1.0.0-rc.4
1014 silly packumentCache full:https://registry.npmjs.org/@rolldown%2fbinding-openharmony-arm64 cache-miss
1015 http fetch GET 200 https://registry.npmjs.org/@napi-rs%2fnice 280ms (cache miss)
1016 silly packumentCache full:https://registry.npmjs.org/@napi-rs%2fnice set size:undefined disposed:false
1017 silly fetch manifest @rolldown/binding-linux-arm-gnueabihf@1.0.0-rc.4
1018 silly packumentCache full:https://registry.npmjs.org/@rolldown%2fbinding-linux-arm-gnueabihf cache-miss
1019 http fetch GET 200 https://registry.npmjs.org/@rolldown%2fpluginutils 273ms (cache miss)
1020 silly packumentCache full:https://registry.npmjs.org/@rolldown%2fpluginutils set size:undefined disposed:false
1021 silly fetch manifest chokidar@^4.0.0
1022 silly packumentCache full:https://registry.npmjs.org/chokidar cache-hit
1023 silly fetch manifest immutable@^5.0.2
1024 silly packumentCache full:https://registry.npmjs.org/immutable cache-miss
1025 http fetch GET 200 https://registry.npmjs.org/@rolldown%2fbinding-wasm32-wasi 209ms (cache miss)
1026 silly packumentCache full:https://registry.npmjs.org/@rolldown%2fbinding-wasm32-wasi set size:undefined disposed:false
1027 silly fetch manifest source-map-js@>=0.6.2 <2.0.0
1028 silly packumentCache full:https://registry.npmjs.org/source-map-js cache-miss
1029 http fetch GET 200 https://registry.npmjs.org/source-map-js 106ms (cache miss)
1030 silly packumentCache full:https://registry.npmjs.org/source-map-js set size:undefined disposed:false
1031 silly fetch manifest @parcel/watcher@^2.4.1
1032 silly packumentCache full:https://registry.npmjs.org/@parcel%2fwatcher cache-miss
1033 http fetch GET 200 https://registry.npmjs.org/immutable 119ms (cache miss)
1034 silly packumentCache full:https://registry.npmjs.org/immutable set size:undefined disposed:false
1035 silly fetch manifest buffer-from@^1.0.0
1036 silly packumentCache full:https://registry.npmjs.org/buffer-from cache-miss
1037 http fetch GET 200 https://registry.npmjs.org/@rolldown%2fbinding-win32-arm64-msvc 221ms (cache miss)
1038 silly packumentCache full:https://registry.npmjs.org/@rolldown%2fbinding-win32-arm64-msvc set size:undefined disposed:false
1039 silly fetch manifest source-map@^0.6.0
1040 silly packumentCache full:https://registry.npmjs.org/source-map cache-miss
1041 http fetch GET 200 https://registry.npmjs.org/@rolldown%2fbinding-linux-x64-gnu 319ms (cache miss)
1042 silly packumentCache full:https://registry.npmjs.org/@rolldown%2fbinding-linux-x64-gnu set size:undefined disposed:false
1043 silly fetch manifest graceful-fs@^4.1.2
1044 silly packumentCache full:https://registry.npmjs.org/graceful-fs cache-miss
1045 http cache https://registry.npmjs.org/source-map 15ms (cache hit)
1046 silly packumentCache full:https://registry.npmjs.org/source-map set size:226212 disposed:false
1047 silly fetch manifest glob-to-regexp@^0.4.1
1048 silly packumentCache full:https://registry.npmjs.org/glob-to-regexp cache-miss
1049 http fetch GET 200 https://registry.npmjs.org/@rolldown%2fbinding-linux-arm64-gnu 262ms (cache miss)
1050 silly packumentCache full:https://registry.npmjs.org/@rolldown%2fbinding-linux-arm64-gnu set size:undefined disposed:false
1051 http cache https://registry.npmjs.org/graceful-fs 21ms (cache hit)
1052 silly packumentCache full:https://registry.npmjs.org/graceful-fs set size:124285 disposed:false
1053 http fetch GET 200 https://registry.npmjs.org/buffer-from 106ms (cache miss)
1054 silly packumentCache full:https://registry.npmjs.org/buffer-from set size:undefined disposed:false
1055 http fetch GET 200 https://registry.npmjs.org/@parcel%2fwatcher 125ms (cache miss)
1056 silly packumentCache full:https://registry.npmjs.org/@parcel%2fwatcher set size:undefined disposed:false
1057 http fetch GET 200 https://registry.npmjs.org/glob-to-regexp 136ms (cache miss)
1058 silly packumentCache full:https://registry.npmjs.org/glob-to-regexp set size:undefined disposed:false
1059 http fetch GET 200 https://registry.npmjs.org/@rolldown%2fbinding-linux-x64-musl 414ms (cache miss)
1060 silly packumentCache full:https://registry.npmjs.org/@rolldown%2fbinding-linux-x64-musl set size:undefined disposed:false
1061 http fetch GET 200 https://registry.npmjs.org/@rolldown%2fbinding-linux-arm-gnueabihf 385ms (cache miss)
1062 silly packumentCache full:https://registry.npmjs.org/@rolldown%2fbinding-linux-arm-gnueabihf set size:undefined disposed:false
1063 http fetch GET 200 https://registry.npmjs.org/@rolldown%2fbinding-openharmony-arm64 457ms (cache miss)
1064 silly packumentCache full:https://registry.npmjs.org/@rolldown%2fbinding-openharmony-arm64 set size:undefined disposed:false
1065 http fetch GET 200 https://registry.npmjs.org/@rolldown%2fbinding-win32-x64-msvc 523ms (cache miss)
1066 silly packumentCache full:https://registry.npmjs.org/@rolldown%2fbinding-win32-x64-msvc set size:undefined disposed:false
1067 http fetch GET 200 https://registry.npmjs.org/@rolldown%2fbinding-linux-arm64-musl 536ms (cache miss)
1068 silly packumentCache full:https://registry.npmjs.org/@rolldown%2fbinding-linux-arm64-musl set size:undefined disposed:false
1069 http fetch GET 200 https://registry.npmjs.org/@rolldown%2fbinding-freebsd-x64 1337ms (cache miss)
1070 silly packumentCache full:https://registry.npmjs.org/@rolldown%2fbinding-freebsd-x64 set size:undefined disposed:false
1071 silly placeDep ROOT @jridgewell/gen-mapping@0.3.13 OK for: @ampproject/remapping@2.3.0 want: ^0.3.5
1072 silly placeDep ROOT @jridgewell/trace-mapping@0.3.31 OK for: @ampproject/remapping@2.3.0 want: ^0.3.24
1073 silly fetch manifest @jridgewell/sourcemap-codec@^1.5.0
1074 silly packumentCache full:https://registry.npmjs.org/@jridgewell%2fsourcemap-codec cache-hit
1075 silly fetch manifest @jridgewell/resolve-uri@^3.1.0
1076 silly packumentCache full:https://registry.npmjs.org/@jridgewell%2fresolve-uri cache-miss
1077 http fetch GET 200 https://registry.npmjs.org/@jridgewell%2fresolve-uri 130ms (cache miss)
1078 silly packumentCache full:https://registry.npmjs.org/@jridgewell%2fresolve-uri set size:undefined disposed:false
1079 silly placeDep ROOT @angular-devkit/core@21.2.11 OK for: @angular-devkit/architect@0.2102.11 want: 21.2.11
1080 silly fetch manifest ajv@8.18.0
1081 silly packumentCache full:https://registry.npmjs.org/ajv cache-miss
1082 silly fetch manifest source-map@0.7.6
1083 silly packumentCache full:https://registry.npmjs.org/source-map cache-hit
1084 silly fetch manifest ajv-formats@3.0.1
1085 silly packumentCache full:https://registry.npmjs.org/ajv-formats cache-miss
1086 http cache https://registry.npmjs.org/ajv-formats 6ms (cache hit)
1087 silly packumentCache full:https://registry.npmjs.org/ajv-formats set size:141264 disposed:false
1088 http cache https://registry.npmjs.org/ajv 9ms (cache hit)
1089 silly packumentCache full:https://registry.npmjs.org/ajv set size:1142658 disposed:false
1090 silly placeDep ROOT ajv@8.18.0 OK for: @angular-devkit/core@21.2.11 want: 8.18.0
1091 silly placeDep ROOT ajv-formats@3.0.1 OK for: @angular-devkit/core@21.2.11 want: 3.0.1
1092 silly placeDep ROOT source-map@0.7.6 OK for: @angular-devkit/core@21.2.11 want: 0.7.6
1093 silly fetch manifest fast-uri@^3.0.1
1094 silly packumentCache full:https://registry.npmjs.org/fast-uri cache-miss
1095 silly fetch manifest fast-deep-equal@^3.1.3
1096 silly packumentCache full:https://registry.npmjs.org/fast-deep-equal cache-miss
1097 silly fetch manifest require-from-string@^2.0.2
1098 silly packumentCache full:https://registry.npmjs.org/require-from-string cache-miss
1099 silly fetch manifest json-schema-traverse@^1.0.0
1100 silly packumentCache full:https://registry.npmjs.org/json-schema-traverse cache-miss
1101 http cache https://registry.npmjs.org/require-from-string 7ms (cache hit)
1102 silly packumentCache full:https://registry.npmjs.org/require-from-string set size:15128 disposed:false
1103 http cache https://registry.npmjs.org/fast-deep-equal 8ms (cache hit)
1104 silly packumentCache full:https://registry.npmjs.org/fast-deep-equal set size:48634 disposed:false
1105 http cache https://registry.npmjs.org/json-schema-traverse 13ms (cache hit)
1106 silly packumentCache full:https://registry.npmjs.org/json-schema-traverse set size:23537 disposed:false
1107 http cache https://registry.npmjs.org/fast-uri 15ms (cache hit)
1108 silly packumentCache full:https://registry.npmjs.org/fast-uri set size:68147 disposed:false
1109 silly fetch manifest @cfworker/json-schema@^4.1.1
1110 silly packumentCache full:https://registry.npmjs.org/@cfworker%2fjson-schema cache-miss
1111 http cache https://registry.npmjs.org/@cfworker%2fjson-schema 6ms (cache hit)
1112 silly packumentCache full:https://registry.npmjs.org/@cfworker%2fjson-schema set size:144207 disposed:false
1113 silly placeDep ROOT @angular-devkit/schematics@21.2.11 OK for: @angular/cli@21.2.11 want: 21.2.11
1114 silly placeDep ROOT @inquirer/prompts@7.10.1 OK for: @angular/cli@21.2.11 want: 7.10.1
1115 silly placeDep ROOT @listr2/prompt-adapter-inquirer@3.0.5 OK for: @angular/cli@21.2.11 want: 3.0.5
1116 silly placeDep ROOT @modelcontextprotocol/sdk@1.26.0 OK for: @angular/cli@21.2.11 want: 1.26.0
1117 silly placeDep ROOT @schematics/angular@21.2.11 OK for: @angular/cli@21.2.11 want: 21.2.11
1118 silly placeDep ROOT @yarnpkg/lockfile@1.1.0 OK for: @angular/cli@21.2.11 want: 1.1.0
1119 silly placeDep ROOT algoliasearch@5.48.1 OK for: @angular/cli@21.2.11 want: 5.48.1
1120 silly placeDep ROOT ini@6.0.0 OK for: @angular/cli@21.2.11 want: 6.0.0
1121 silly placeDep ROOT npm-package-arg@13.0.2 OK for: @angular/cli@21.2.11 want: 13.0.2
1122 silly placeDep ROOT pacote@21.3.1 OK for: @angular/cli@21.2.11 want: 21.3.1
1123 silly placeDep ROOT yargs@18.0.0 OK for: @angular/cli@21.2.11 want: 18.0.0
1124 silly placeDep ROOT zod@4.3.6 OK for: @angular/cli@21.2.11 want: 4.3.6
1125 silly fetch manifest ora@9.3.0
1126 silly packumentCache full:https://registry.npmjs.org/ora cache-miss
1127 silly fetch manifest @inquirer/input@^4.3.1
1128 silly packumentCache full:https://registry.npmjs.org/@inquirer%2finput cache-miss
1129 silly fetch manifest @inquirer/editor@^4.2.23
1130 silly packumentCache full:https://registry.npmjs.org/@inquirer%2feditor cache-miss
1131 silly fetch manifest @inquirer/expand@^4.0.23
1132 silly packumentCache full:https://registry.npmjs.org/@inquirer%2fexpand cache-miss
1133 silly fetch manifest @inquirer/number@^3.0.23
1134 silly packumentCache full:https://registry.npmjs.org/@inquirer%2fnumber cache-miss
1135 silly fetch manifest @inquirer/search@^3.2.2
1136 silly packumentCache full:https://registry.npmjs.org/@inquirer%2fsearch cache-miss
1137 silly fetch manifest @inquirer/select@^4.4.2
1138 silly packumentCache full:https://registry.npmjs.org/@inquirer%2fselect cache-miss
1139 silly fetch manifest @inquirer/rawlist@^4.1.11
1140 silly packumentCache full:https://registry.npmjs.org/@inquirer%2frawlist cache-miss
1141 silly fetch manifest @inquirer/checkbox@^4.3.2
1142 silly packumentCache full:https://registry.npmjs.org/@inquirer%2fcheckbox cache-miss
1143 silly fetch manifest @inquirer/password@^4.0.23
1144 silly packumentCache full:https://registry.npmjs.org/@inquirer%2fpassword cache-miss
1145 silly fetch manifest @inquirer/type@^3.0.8
1146 silly packumentCache full:https://registry.npmjs.org/@inquirer%2ftype cache-hit
1147 silly fetch manifest zod@^3.25 || ^4.0
1148 silly packumentCache full:https://registry.npmjs.org/zod cache-miss
1149 http cache https://registry.npmjs.org/ora 31ms (cache hit)
1150 silly packumentCache full:https://registry.npmjs.org/ora set size:144913 disposed:false
1151 silly fetch manifest cors@^2.8.5
1152 silly packumentCache full:https://registry.npmjs.org/cors cache-miss
1153 http cache https://registry.npmjs.org/@inquirer%2feditor 33ms (cache hit)
1154 silly packumentCache full:https://registry.npmjs.org/@inquirer%2feditor set size:315450 disposed:false
1155 silly fetch manifest hono@^4.11.4
1156 silly packumentCache full:https://registry.npmjs.org/hono cache-miss
1157 http cache https://registry.npmjs.org/@inquirer%2fnumber 36ms (cache hit)
1158 silly packumentCache full:https://registry.npmjs.org/@inquirer%2fnumber set size:137698 disposed:false
1159 silly fetch manifest jose@^6.1.3
1160 silly packumentCache full:https://registry.npmjs.org/jose cache-miss
1161 http cache https://registry.npmjs.org/@inquirer%2fselect 37ms (cache hit)
1162 silly packumentCache full:https://registry.npmjs.org/@inquirer%2fselect set size:330046 disposed:false
1163 silly fetch manifest express@^5.2.1
1164 silly packumentCache full:https://registry.npmjs.org/express cache-miss
1165 http cache https://registry.npmjs.org/@inquirer%2fexpand 42ms (cache hit)
1166 silly packumentCache full:https://registry.npmjs.org/@inquirer%2fexpand set size:317238 disposed:false
1167 silly fetch manifest raw-body@^3.0.0
1168 silly packumentCache full:https://registry.npmjs.org/raw-body cache-miss
1169 http cache https://registry.npmjs.org/@inquirer%2fcheckbox 46ms (cache hit)
1170 silly packumentCache full:https://registry.npmjs.org/@inquirer%2fcheckbox set size:341262 disposed:false
1171 silly fetch manifest cross-spawn@^7.0.5
1172 silly packumentCache full:https://registry.npmjs.org/cross-spawn cache-miss
1173 http cache https://registry.npmjs.org/@inquirer%2frawlist 51ms (cache hit)
1174 silly packumentCache full:https://registry.npmjs.org/@inquirer%2frawlist set size:283761 disposed:false
1175 silly fetch manifest eventsource@^3.0.2
1176 silly packumentCache full:https://registry.npmjs.org/eventsource cache-miss
1177 http cache https://registry.npmjs.org/@inquirer%2fsearch 56ms (cache hit)
1178 silly packumentCache full:https://registry.npmjs.org/@inquirer%2fsearch set size:138028 disposed:false
1179 silly fetch manifest content-type@^1.0.5
1180 silly packumentCache full:https://registry.npmjs.org/content-type cache-miss
1181 http cache https://registry.npmjs.org/@inquirer%2finput 61ms (cache hit)
1182 silly packumentCache full:https://registry.npmjs.org/@inquirer%2finput set size:312113 disposed:false
1183 silly fetch manifest pkce-challenge@^5.0.0
1184 silly packumentCache full:https://registry.npmjs.org/pkce-challenge cache-miss
1185 http cache https://registry.npmjs.org/@inquirer%2fpassword 63ms (cache hit)
1186 silly packumentCache full:https://registry.npmjs.org/@inquirer%2fpassword set size:313946 disposed:false
1187 silly fetch manifest @hono/node-server@^1.19.9
1188 silly packumentCache full:https://registry.npmjs.org/@hono%2fnode-server cache-miss
1189 http cache https://registry.npmjs.org/zod 70ms (cache hit)
1190 silly packumentCache full:https://registry.npmjs.org/zod set size:3552562 disposed:false
1191 silly fetch manifest json-schema-typed@^8.0.2
1192 silly packumentCache full:https://registry.npmjs.org/json-schema-typed cache-miss
1193 http cache https://registry.npmjs.org/cors 74ms (cache hit)
1194 silly packumentCache full:https://registry.npmjs.org/cors set size:77956 disposed:false
1195 silly fetch manifest eventsource-parser@^3.0.0
1196 silly packumentCache full:https://registry.npmjs.org/eventsource-parser cache-miss
1197 http cache https://registry.npmjs.org/jose 72ms (cache hit)
1198 silly packumentCache full:https://registry.npmjs.org/jose set size:1413195 disposed:false
1199 silly fetch manifest express-rate-limit@^8.2.1
1200 silly packumentCache full:https://registry.npmjs.org/express-rate-limit cache-miss
1201 http cache https://registry.npmjs.org/hono 88ms (cache hit)
1202 silly packumentCache full:https://registry.npmjs.org/hono set size:5717664 disposed:false
1203 silly fetch manifest zod-to-json-schema@^3.25.1
1204 silly packumentCache full:https://registry.npmjs.org/zod-to-json-schema cache-miss
1205 http cache https://registry.npmjs.org/raw-body 112ms (cache hit)
1206 silly packumentCache full:https://registry.npmjs.org/raw-body set size:117822 disposed:false
1207 silly fetch manifest @algolia/abtesting@1.14.1
1208 silly packumentCache full:https://registry.npmjs.org/@algolia%2fabtesting cache-miss
1209 http cache https://registry.npmjs.org/express 122ms (cache hit)
1210 silly packumentCache full:https://registry.npmjs.org/express set size:804926 disposed:false
1211 silly fetch manifest @algolia/ingestion@1.48.1
1212 silly packumentCache full:https://registry.npmjs.org/@algolia%2fingestion cache-miss
1213 http cache https://registry.npmjs.org/eventsource 112ms (cache hit)
1214 silly packumentCache full:https://registry.npmjs.org/eventsource set size:128214 disposed:false
1215 silly fetch manifest @algolia/recommend@5.48.1
1216 silly packumentCache full:https://registry.npmjs.org/@algolia%2frecommend cache-miss
1217 http cache https://registry.npmjs.org/content-type 113ms (cache hit)
1218 silly packumentCache full:https://registry.npmjs.org/content-type set size:18994 disposed:false
1219 silly fetch manifest @algolia/monitoring@1.48.1
1220 silly packumentCache full:https://registry.npmjs.org/@algolia%2fmonitoring cache-miss
1221 http cache https://registry.npmjs.org/pkce-challenge 107ms (cache hit)
1222 silly packumentCache full:https://registry.npmjs.org/pkce-challenge set size:37734 disposed:false
1223 silly fetch manifest @algolia/client-common@5.48.1
1224 silly packumentCache full:https://registry.npmjs.org/@algolia%2fclient-common cache-miss
1225 http cache https://registry.npmjs.org/cross-spawn 121ms (cache hit)
1226 silly packumentCache full:https://registry.npmjs.org/cross-spawn set size:109066 disposed:false
1227 silly fetch manifest @algolia/client-search@5.48.1
1228 silly packumentCache full:https://registry.npmjs.org/@algolia%2fclient-search cache-miss
1229 http cache https://registry.npmjs.org/@hono%2fnode-server 116ms (cache hit)
1230 silly packumentCache full:https://registry.npmjs.org/@hono%2fnode-server set size:254642 disposed:false
1231 silly fetch manifest @algolia/client-insights@5.48.1
1232 silly packumentCache full:https://registry.npmjs.org/@algolia%2fclient-insights cache-miss
1233 http cache https://registry.npmjs.org/json-schema-typed 94ms (cache hit)
1234 silly packumentCache full:https://registry.npmjs.org/json-schema-typed set size:26165 disposed:false
1235 silly fetch manifest @algolia/requester-fetch@5.48.1
1236 silly packumentCache full:https://registry.npmjs.org/@algolia%2frequester-fetch cache-miss
1237 http cache https://registry.npmjs.org/express-rate-limit 79ms (cache hit)
1238 silly packumentCache full:https://registry.npmjs.org/express-rate-limit set size:443601 disposed:false
1239 silly fetch manifest @algolia/client-abtesting@5.48.1
1240 silly packumentCache full:https://registry.npmjs.org/@algolia%2fclient-abtesting cache-miss
1241 http cache https://registry.npmjs.org/@algolia%2fabtesting 43ms (cache hit)
1242 silly packumentCache full:https://registry.npmjs.org/@algolia%2fabtesting set size:306493 disposed:false
1243 silly fetch manifest @algolia/client-analytics@5.48.1
1244 silly packumentCache full:https://registry.npmjs.org/@algolia%2fclient-analytics cache-miss
1245 http cache https://registry.npmjs.org/eventsource-parser 96ms (cache hit)
1246 silly packumentCache full:https://registry.npmjs.org/eventsource-parser set size:72949 disposed:false
1247 silly fetch manifest @algolia/requester-node-http@5.48.1
1248 silly packumentCache full:https://registry.npmjs.org/@algolia%2frequester-node-http cache-miss
1249 http cache https://registry.npmjs.org/@algolia%2fingestion 40ms (cache hit)
1250 silly packumentCache full:https://registry.npmjs.org/@algolia%2fingestion set size:1469710 disposed:false
1251 silly fetch manifest @algolia/requester-browser-xhr@5.48.1
1252 silly packumentCache full:https://registry.npmjs.org/@algolia%2frequester-browser-xhr cache-miss
1253 http cache https://registry.npmjs.org/zod-to-json-schema 65ms (cache hit)
1254 silly packumentCache full:https://registry.npmjs.org/zod-to-json-schema set size:309584 disposed:false
1255 silly fetch manifest @algolia/client-personalization@5.48.1
1256 silly packumentCache full:https://registry.npmjs.org/@algolia%2fclient-personalization cache-miss
1257 http cache https://registry.npmjs.org/@algolia%2frecommend 60ms (cache hit)
1258 silly packumentCache full:https://registry.npmjs.org/@algolia%2frecommend set size:743715 disposed:false
1259 silly fetch manifest @algolia/client-query-suggestions@5.48.1
1260 silly packumentCache full:https://registry.npmjs.org/@algolia%2fclient-query-suggestions cache-miss
1261 http cache https://registry.npmjs.org/@algolia%2fmonitoring 72ms (cache hit)
1262 silly packumentCache full:https://registry.npmjs.org/@algolia%2fmonitoring set size:1140306 disposed:false
1263 silly fetch manifest proc-log@^6.0.0
1264 silly packumentCache full:https://registry.npmjs.org/proc-log cache-miss
1265 http cache https://registry.npmjs.org/@algolia%2fclient-common 79ms (cache hit)
1266 silly packumentCache full:https://registry.npmjs.org/@algolia%2fclient-common set size:849865 disposed:false
1267 silly fetch manifest hosted-git-info@^9.0.0
1268 silly packumentCache full:https://registry.npmjs.org/hosted-git-info cache-miss
1269 http cache https://registry.npmjs.org/@algolia%2fclient-search 84ms (cache hit)
1270 silly packumentCache full:https://registry.npmjs.org/@algolia%2fclient-search set size:963064 disposed:false
1271 silly fetch manifest validate-npm-package-name@^7.0.0
1272 silly packumentCache full:https://registry.npmjs.org/validate-npm-package-name cache-miss
1273 http cache https://registry.npmjs.org/@algolia%2fclient-insights 85ms (cache hit)
1274 silly packumentCache full:https://registry.npmjs.org/@algolia%2fclient-insights set size:641489 disposed:false
1275 silly fetch manifest tar@^7.4.3
1276 silly packumentCache full:https://registry.npmjs.org/tar cache-miss
1277 http cache https://registry.npmjs.org/@algolia%2frequester-fetch 93ms (cache hit)
1278 silly packumentCache full:https://registry.npmjs.org/@algolia%2frequester-fetch set size:1784379 disposed:false
1279 silly fetch manifest ssri@^13.0.0
1280 silly packumentCache full:https://registry.npmjs.org/ssri cache-miss
1281 http cache https://registry.npmjs.org/@algolia%2frequester-node-http 93ms (cache hit)
1282 silly packumentCache full:https://registry.npmjs.org/@algolia%2frequester-node-http set size:877867 disposed:false
1283 silly fetch manifest cacache@^20.0.0
1284 silly packumentCache full:https://registry.npmjs.org/cacache cache-miss
1285 http cache https://registry.npmjs.org/@algolia%2fclient-abtesting 104ms (cache hit)
1286 silly packumentCache full:https://registry.npmjs.org/@algolia%2fclient-abtesting set size:1671793 disposed:false
1287 silly fetch manifest minipass@^7.0.2
1288 silly packumentCache full:https://registry.npmjs.org/minipass cache-miss
1289 http cache https://registry.npmjs.org/@algolia%2frequester-browser-xhr 100ms (cache hit)
1290 silly packumentCache full:https://registry.npmjs.org/@algolia%2frequester-browser-xhr set size:886753 disposed:false
1291 silly fetch manifest proc-log@^6.0.0
1292 silly packumentCache full:https://registry.npmjs.org/proc-log cache-miss
1293 http cache https://registry.npmjs.org/@algolia%2fclient-personalization 116ms (cache hit)
1294 silly packumentCache full:https://registry.npmjs.org/@algolia%2fclient-personalization set size:1932271 disposed:false
1295 silly fetch manifest sigstore@^4.0.0
1296 silly packumentCache full:https://registry.npmjs.org/sigstore cache-miss
1297 http cache https://registry.npmjs.org/@algolia%2fclient-analytics 159ms (cache hit)
1298 silly packumentCache full:https://registry.npmjs.org/@algolia%2fclient-analytics set size:969845 disposed:false
1299 silly fetch manifest @npmcli/git@^7.0.0
1300 silly packumentCache full:https://registry.npmjs.org/@npmcli%2fgit cache-miss
1301 http cache https://registry.npmjs.org/@algolia%2fclient-query-suggestions 133ms (cache hit)
1302 silly packumentCache full:https://registry.npmjs.org/@algolia%2fclient-query-suggestions set size:1694100 disposed:false
1303 silly fetch manifest fs-minipass@^3.0.0
1304 silly packumentCache full:https://registry.npmjs.org/fs-minipass cache-miss
1305 http cache https://registry.npmjs.org/proc-log 127ms (cache hit)
1306 silly packumentCache full:https://registry.npmjs.org/proc-log set size:35852 disposed:false
1307 silly fetch manifest npm-packlist@^10.0.1
1308 silly packumentCache full:https://registry.npmjs.org/npm-packlist cache-miss
1309 http cache https://registry.npmjs.org/hosted-git-info 122ms (cache hit)
1310 silly packumentCache full:https://registry.npmjs.org/hosted-git-info set size:190196 disposed:false
1311 silly fetch manifest promise-retry@^2.0.1
1312 silly packumentCache full:https://registry.npmjs.org/promise-retry cache-miss
1313 http cache https://registry.npmjs.org/validate-npm-package-name 116ms (cache hit)
1314 silly packumentCache full:https://registry.npmjs.org/validate-npm-package-name set size:51156 disposed:false
1315 silly fetch manifest npm-pick-manifest@^11.0.1
1316 silly packumentCache full:https://registry.npmjs.org/npm-pick-manifest cache-miss
1317 http cache https://registry.npmjs.org/tar 112ms (cache hit)
1318 silly packumentCache full:https://registry.npmjs.org/tar set size:544656 disposed:false
1319 silly fetch manifest @npmcli/run-script@^10.0.0
1320 silly packumentCache full:https://registry.npmjs.org/@npmcli%2frun-script cache-miss
1321 http cache https://registry.npmjs.org/ssri 104ms (cache hit)
1322 silly packumentCache full:https://registry.npmjs.org/ssri set size:139044 disposed:false
1323 silly fetch manifest npm-registry-fetch@^19.0.0
1324 silly packumentCache full:https://registry.npmjs.org/npm-registry-fetch cache-miss
1325 http cache https://registry.npmjs.org/minipass 94ms (cache hit)
1326 silly packumentCache full:https://registry.npmjs.org/minipass set size:276925 disposed:false
1327 silly fetch manifest @npmcli/package-json@^7.0.0
1328 silly packumentCache full:https://registry.npmjs.org/@npmcli%2fpackage-json cache-miss
1329 http cache https://registry.npmjs.org/cacache 111ms (cache hit)
1330 silly packumentCache full:https://registry.npmjs.org/cacache set size:385699 disposed:false
1331 silly fetch manifest @npmcli/promise-spawn@^9.0.0
1332 silly packumentCache full:https://registry.npmjs.org/@npmcli%2fpromise-spawn cache-miss
1333 http cache https://registry.npmjs.org/sigstore 57ms (cache hit)
1334 silly packumentCache full:https://registry.npmjs.org/sigstore set size:116846 disposed:false
1335 silly fetch manifest @npmcli/installed-package-contents@^4.0.0
1336 silly packumentCache full:https://registry.npmjs.org/@npmcli%2finstalled-package-contents cache-miss
1337 http cache https://registry.npmjs.org/proc-log 83ms (cache hit)
1338 silly packumentCache full:https://registry.npmjs.org/proc-log set size:35852 disposed:false
1339 silly packumentCache full:https://registry.npmjs.org/proc-log dispose
1340 silly fetch manifest cliui@^9.0.1
1341 silly packumentCache full:https://registry.npmjs.org/cliui cache-miss
1342 http cache https://registry.npmjs.org/@npmcli%2fgit 55ms (cache hit)
1343 silly packumentCache full:https://registry.npmjs.org/@npmcli%2fgit set size:113420 disposed:false
1344 silly fetch manifest escalade@^3.1.1
1345 silly packumentCache full:https://registry.npmjs.org/escalade cache-miss
1346 http cache https://registry.npmjs.org/npm-packlist 47ms (cache hit)
1347 silly packumentCache full:https://registry.npmjs.org/npm-packlist set size:194896 disposed:false
1348 silly fetch manifest get-caller-file@^2.0.5
1349 silly packumentCache full:https://registry.npmjs.org/get-caller-file cache-miss
1350 http cache https://registry.npmjs.org/promise-retry 46ms (cache hit)
1351 silly packumentCache full:https://registry.npmjs.org/promise-retry set size:34511 disposed:false
1352 silly fetch manifest string-width@^7.2.0
1353 silly packumentCache full:https://registry.npmjs.org/string-width cache-miss
1354 http cache https://registry.npmjs.org/fs-minipass 53ms (cache hit)
1355 silly packumentCache full:https://registry.npmjs.org/fs-minipass set size:44606 disposed:false
1356 silly fetch manifest y18n@^5.0.5
1357 silly packumentCache full:https://registry.npmjs.org/y18n cache-miss
1358 http cache https://registry.npmjs.org/npm-pick-manifest 47ms (cache hit)
1359 silly packumentCache full:https://registry.npmjs.org/npm-pick-manifest set size:105209 disposed:false
1360 silly fetch manifest yargs-parser@^22.0.0
1361 silly packumentCache full:https://registry.npmjs.org/yargs-parser cache-miss
1362 http cache https://registry.npmjs.org/@npmcli%2frun-script 46ms (cache hit)
1363 silly packumentCache full:https://registry.npmjs.org/@npmcli%2frun-script set size:199436 disposed:false
1364 http cache https://registry.npmjs.org/npm-registry-fetch 55ms (cache hit)
1365 silly packumentCache full:https://registry.npmjs.org/npm-registry-fetch set size:279367 disposed:false
1366 http cache https://registry.npmjs.org/@npmcli%2finstalled-package-contents 39ms (cache hit)
1367 silly packumentCache full:https://registry.npmjs.org/@npmcli%2finstalled-package-contents set size:51596 disposed:false
1368 http cache https://registry.npmjs.org/@npmcli%2fpromise-spawn 42ms (cache hit)
1369 silly packumentCache full:https://registry.npmjs.org/@npmcli%2fpromise-spawn set size:70616 disposed:false
1370 http cache https://registry.npmjs.org/@npmcli%2fpackage-json 48ms (cache hit)
1371 silly packumentCache full:https://registry.npmjs.org/@npmcli%2fpackage-json set size:82094 disposed:false
1372 http cache https://registry.npmjs.org/escalade 39ms (cache hit)
1373 silly packumentCache full:https://registry.npmjs.org/escalade set size:33724 disposed:false
1374 http cache https://registry.npmjs.org/cliui 42ms (cache hit)
1375 silly packumentCache full:https://registry.npmjs.org/cliui set size:69089 disposed:false
1376 http cache https://registry.npmjs.org/get-caller-file 39ms (cache hit)
1377 silly packumentCache full:https://registry.npmjs.org/get-caller-file set size:26456 disposed:false
1378 http cache https://registry.npmjs.org/y18n 36ms (cache hit)
1379 silly packumentCache full:https://registry.npmjs.org/y18n set size:76155 disposed:false
1380 http cache https://registry.npmjs.org/string-width 39ms (cache hit)
1381 silly packumentCache full:https://registry.npmjs.org/string-width set size:70381 disposed:false
1382 http cache https://registry.npmjs.org/yargs-parser 37ms (cache hit)
1383 silly packumentCache full:https://registry.npmjs.org/yargs-parser set size:238630 disposed:false
1384 silly placeDep ROOT ora@9.3.0 OK for: @angular-devkit/schematics@21.2.11 want: 9.3.0
1385 silly fetch manifest chalk@^5.6.2
1386 silly packumentCache full:https://registry.npmjs.org/chalk cache-miss
1387 silly fetch manifest cli-cursor@^5.0.0
1388 silly packumentCache full:https://registry.npmjs.org/cli-cursor cache-miss
1389 silly fetch manifest log-symbols@^7.0.1
1390 silly packumentCache full:https://registry.npmjs.org/log-symbols cache-miss
1391 silly fetch manifest cli-spinners@^3.2.0
1392 silly packumentCache full:https://registry.npmjs.org/cli-spinners cache-miss
1393 silly fetch manifest string-width@^8.1.0
1394 silly packumentCache full:https://registry.npmjs.org/string-width cache-hit
1395 silly fetch manifest is-interactive@^2.0.0
1396 silly packumentCache full:https://registry.npmjs.org/is-interactive cache-miss
1397 silly fetch manifest stdin-discarder@^0.3.1
1398 silly packumentCache full:https://registry.npmjs.org/stdin-discarder cache-miss
1399 silly fetch manifest is-unicode-supported@^2.1.0
1400 silly packumentCache full:https://registry.npmjs.org/is-unicode-supported cache-miss
1401 http cache https://registry.npmjs.org/log-symbols 18ms (cache hit)
1402 silly packumentCache full:https://registry.npmjs.org/log-symbols set size:31977 disposed:false
1403 http cache https://registry.npmjs.org/chalk 20ms (cache hit)
1404 silly packumentCache full:https://registry.npmjs.org/chalk set size:117861 disposed:false
1405 http cache https://registry.npmjs.org/cli-spinners 21ms (cache hit)
1406 silly packumentCache full:https://registry.npmjs.org/cli-spinners set size:67473 disposed:false
1407 http cache https://registry.npmjs.org/is-interactive 23ms (cache hit)
1408 silly packumentCache full:https://registry.npmjs.org/is-interactive set size:10692 disposed:false
1409 http cache https://registry.npmjs.org/cli-cursor 24ms (cache hit)
1410 silly packumentCache full:https://registry.npmjs.org/cli-cursor set size:18913 disposed:false
1411 http cache https://registry.npmjs.org/stdin-discarder 24ms (cache hit)
1412 silly packumentCache full:https://registry.npmjs.org/stdin-discarder set size:15211 disposed:false
1413 http cache https://registry.npmjs.org/is-unicode-supported 25ms (cache hit)
1414 silly packumentCache full:https://registry.npmjs.org/is-unicode-supported set size:19461 disposed:false
1415 silly placeDep ROOT @jridgewell/sourcemap-codec@1.5.5 OK for: @angular/compiler-cli@21.2.13 want: ^1.4.14
1416 silly placeDep ROOT chokidar@5.0.0 OK for: @angular/compiler-cli@21.2.13 want: ^5.0.0
1417 silly placeDep ROOT convert-source-map@1.9.0 OK for: @angular/compiler-cli@21.2.13 want: ^1.5.1
1418 silly placeDep ROOT reflect-metadata@0.2.2 OK for: @angular/compiler-cli@21.2.13 want: ^0.2.0
1419 silly fetch manifest readdirp@^5.0.0
1420 silly packumentCache full:https://registry.npmjs.org/readdirp cache-miss
1421 http fetch GET 200 https://registry.npmjs.org/readdirp 118ms (cache miss)
1422 silly packumentCache full:https://registry.npmjs.org/readdirp set size:undefined disposed:false
1423 silly placeDep ROOT @standard-schema/spec@1.1.0 OK for: @angular/forms@21.2.13 want: ^1.0.0
1424 silly fetch manifest @babel/core@^7.0.0
1425 silly packumentCache full:https://registry.npmjs.org/@babel%2fcore cache-miss
1426 http cache https://registry.npmjs.org/@babel%2fcore 7ms (cache hit)
1427 silly packumentCache full:https://registry.npmjs.org/@babel%2fcore set size:768033 disposed:false
1428 silly placeDep ROOT @babel/code-frame@7.29.0 OK for: @babel/core@7.29.0 want: ^7.29.0
1429 silly placeDep ROOT @babel/generator@7.29.1 OK for: @babel/core@7.29.0 want: ^7.29.0
1430 silly placeDep ROOT @babel/helper-compilation-targets@7.28.6 OK for: @babel/core@7.29.0 want: ^7.28.6
1431 silly placeDep ROOT @babel/helper-module-transforms@7.28.6 OK for: @babel/core@7.29.0 want: ^7.28.6
1432 silly placeDep ROOT @babel/helpers@7.29.2 OK for: @babel/core@7.29.0 want: ^7.28.6
1433 silly placeDep ROOT @babel/parser@7.29.3 OK for: @babel/core@7.29.0 want: ^7.29.0
1434 silly placeDep ROOT @babel/template@7.28.6 OK for: @babel/core@7.29.0 want: ^7.28.6
1435 silly placeDep ROOT @babel/traverse@7.29.0 OK for: @babel/core@7.29.0 want: ^7.29.0
1436 silly placeDep ROOT @babel/types@7.29.0 OK for: @babel/core@7.29.0 want: ^7.29.0
1437 silly placeDep ROOT @jridgewell/remapping@2.3.5 OK for: @babel/core@7.29.0 want: ^2.3.5
1438 silly placeDep node_modules/@babel/core convert-source-map@2.0.0 OK for: @babel/core@7.29.0 want: ^2.0.0
1439 silly placeDep ROOT debug@4.4.3 OK for: @babel/core@7.29.0 want: ^4.1.0
1440 silly placeDep ROOT gensync@1.0.0-beta.2 OK for: @babel/core@7.29.0 want: ^1.0.0-beta.2
1441 silly placeDep ROOT json5@2.2.3 OK for: @babel/core@7.29.0 want: ^2.2.3
1442 silly placeDep node_modules/@babel/core semver@6.3.1 OK for: @babel/core@7.29.0 want: ^6.3.1
1443 silly fetch manifest js-tokens@^4.0.0
1444 silly packumentCache full:https://registry.npmjs.org/js-tokens cache-miss
1445 silly fetch manifest @babel/helper-validator-identifier@^7.28.5
1446 silly packumentCache full:https://registry.npmjs.org/@babel%2fhelper-validator-identifier cache-miss
1447 silly fetch manifest jsesc@^3.0.2
1448 silly packumentCache full:https://registry.npmjs.org/jsesc cache-miss
1449 silly fetch manifest lru-cache@^5.1.1
1450 silly packumentCache full:https://registry.npmjs.org/lru-cache cache-miss
1451 silly fetch manifest @babel/compat-data@^7.28.6
1452 silly packumentCache full:https://registry.npmjs.org/@babel%2fcompat-data cache-miss
1453 silly fetch manifest @babel/helper-validator-option@^7.27.1
1454 silly packumentCache full:https://registry.npmjs.org/@babel%2fhelper-validator-option cache-miss
1455 silly fetch manifest @babel/traverse@^7.28.6
1456 silly packumentCache full:https://registry.npmjs.org/@babel%2ftraverse cache-miss
1457 silly fetch manifest @babel/helper-module-imports@^7.28.6
1458 silly packumentCache full:https://registry.npmjs.org/@babel%2fhelper-module-imports cache-miss
1459 silly fetch manifest @babel/helper-validator-identifier@^7.28.5
1460 silly packumentCache full:https://registry.npmjs.org/@babel%2fhelper-validator-identifier cache-miss
1461 silly fetch manifest @babel/types@^7.28.6
1462 silly packumentCache full:https://registry.npmjs.org/@babel%2ftypes cache-miss
1463 silly fetch manifest debug@^4.3.1
1464 silly packumentCache full:https://registry.npmjs.org/debug cache-hit
1465 silly fetch manifest @babel/helper-globals@^7.28.0
1466 silly packumentCache full:https://registry.npmjs.org/@babel%2fhelper-globals cache-miss
1467 http cache https://registry.npmjs.org/@babel%2ftypes 15ms (cache hit)
1468 silly packumentCache full:https://registry.npmjs.org/@babel%2ftypes set size:491978 disposed:false
1469 silly fetch manifest @babel/helper-string-parser@^7.27.1
1470 silly packumentCache full:https://registry.npmjs.org/@babel%2fhelper-string-parser cache-miss
1471 http cache https://registry.npmjs.org/@babel%2ftraverse 20ms (cache hit)
1472 silly packumentCache full:https://registry.npmjs.org/@babel%2ftraverse set size:553169 disposed:false
1473 silly fetch manifest @babel/helper-validator-identifier@^7.28.5
1474 silly packumentCache full:https://registry.npmjs.org/@babel%2fhelper-validator-identifier cache-miss
1475 http cache https://registry.npmjs.org/lru-cache 24ms (cache hit)
1476 silly packumentCache full:https://registry.npmjs.org/lru-cache set size:447777 disposed:false
1477 silly fetch manifest ms@^2.1.3
1478 silly packumentCache full:https://registry.npmjs.org/ms cache-miss
1479 http cache https://registry.npmjs.org/ms 8ms (cache hit)
1480 silly packumentCache full:https://registry.npmjs.org/ms set size:92208 disposed:false
1481 http fetch GET 200 https://registry.npmjs.org/js-tokens 98ms (cache miss)
1482 silly packumentCache full:https://registry.npmjs.org/js-tokens set size:undefined disposed:false
1483 http fetch GET 200 https://registry.npmjs.org/@babel%2fhelper-globals 118ms (cache miss)
1484 silly packumentCache full:https://registry.npmjs.org/@babel%2fhelper-globals set size:undefined disposed:false
1485 http fetch GET 200 https://registry.npmjs.org/@babel%2fhelper-module-imports 126ms (cache miss)
1486 silly packumentCache full:https://registry.npmjs.org/@babel%2fhelper-module-imports set size:undefined disposed:false
1487 http fetch GET 200 https://registry.npmjs.org/@babel%2fhelper-validator-identifier 135ms (cache miss)
1488 silly packumentCache full:https://registry.npmjs.org/@babel%2fhelper-validator-identifier set size:undefined disposed:false
1489 http fetch GET 200 https://registry.npmjs.org/@babel%2fcompat-data 146ms (cache miss)
1490 silly packumentCache full:https://registry.npmjs.org/@babel%2fcompat-data set size:undefined disposed:false
1491 http fetch GET 200 https://registry.npmjs.org/jsesc 154ms (cache miss)
1492 silly packumentCache full:https://registry.npmjs.org/jsesc set size:undefined disposed:false
1493 http fetch GET 200 https://registry.npmjs.org/@babel%2fhelper-validator-option 175ms (cache miss)
1494 silly packumentCache full:https://registry.npmjs.org/@babel%2fhelper-validator-option set size:undefined disposed:false
1495 http fetch GET 200 https://registry.npmjs.org/@babel%2fhelper-validator-identifier 192ms (cache miss)
1496 silly packumentCache full:https://registry.npmjs.org/@babel%2fhelper-validator-identifier set size:undefined disposed:false
1497 http fetch GET 200 https://registry.npmjs.org/@babel%2fhelper-validator-identifier 179ms (cache miss)
1498 silly packumentCache full:https://registry.npmjs.org/@babel%2fhelper-validator-identifier set size:undefined disposed:false
1499 http fetch GET 200 https://registry.npmjs.org/@babel%2fhelper-string-parser 320ms (cache miss)
1500 silly packumentCache full:https://registry.npmjs.org/@babel%2fhelper-string-parser set size:undefined disposed:false
1501 silly placeDep ROOT @babel/helper-validator-identifier@7.28.5 OK for: @babel/code-frame@7.29.0 want: ^7.28.5
1502 silly placeDep ROOT js-tokens@4.0.0 OK for: @babel/code-frame@7.29.0 want: ^4.0.0
1503 silly placeDep ROOT picocolors@1.1.1 OK for: @babel/code-frame@7.29.0 want: ^1.1.1
1504 silly placeDep ROOT jsesc@3.1.0 OK for: @babel/generator@7.29.1 want: ^3.0.2
1505 silly placeDep ROOT @babel/compat-data@7.29.3 OK for: @babel/helper-compilation-targets@7.28.6 want: ^7.28.6
1506 silly placeDep ROOT @babel/helper-validator-option@7.27.1 OK for: @babel/helper-compilation-targets@7.28.6 want: ^7.27.1
1507 silly placeDep ROOT lru-cache@5.1.1 OK for: @babel/helper-compilation-targets@7.28.6 want: ^5.1.1
1508 silly placeDep node_modules/@babel/helper-compilation-targets semver@6.3.1 OK for: @babel/helper-compilation-targets@7.28.6 want: ^6.3.1
1509 silly fetch manifest yallist@^3.0.2
1510 silly packumentCache full:https://registry.npmjs.org/yallist cache-miss
1511 http cache https://registry.npmjs.org/yallist 9ms (cache hit)
1512 silly packumentCache full:https://registry.npmjs.org/yallist set size:34610 disposed:false
1513 silly placeDep ROOT @babel/helper-module-imports@7.28.6 OK for: @babel/helper-module-transforms@7.28.6 want: ^7.28.6
1514 silly placeDep ROOT @babel/helper-globals@7.28.0 OK for: @babel/traverse@7.29.0 want: ^7.28.0
1515 silly placeDep ROOT @babel/helper-string-parser@7.27.1 OK for: @babel/types@7.29.0 want: ^7.27.1
1516 silly placeDep ROOT @inquirer/core@10.3.2 OK for: @inquirer/confirm@5.1.21 want: ^10.3.2
1517 silly placeDep ROOT @inquirer/type@3.0.10 OK for: @inquirer/confirm@5.1.21 want: ^3.0.10
1518 silly fetch manifest cli-width@^4.1.0
1519 silly packumentCache full:https://registry.npmjs.org/cli-width cache-miss
1520 silly fetch manifest wrap-ansi@^6.2.0
1521 silly packumentCache full:https://registry.npmjs.org/wrap-ansi cache-hit
1522 silly fetch manifest mute-stream@^2.0.0
1523 silly packumentCache full:https://registry.npmjs.org/mute-stream cache-miss
1524 silly fetch manifest signal-exit@^4.1.0
1525 silly packumentCache full:https://registry.npmjs.org/signal-exit cache-miss
1526 silly fetch manifest @inquirer/ansi@^1.0.2
1527 silly packumentCache full:https://registry.npmjs.org/@inquirer%2fansi cache-miss
1528 silly fetch manifest yoctocolors-cjs@^2.1.3
1529 silly packumentCache full:https://registry.npmjs.org/yoctocolors-cjs cache-miss
1530 silly fetch manifest @inquirer/figures@^1.0.15
1531 silly packumentCache full:https://registry.npmjs.org/@inquirer%2ffigures cache-miss
1532 http cache https://registry.npmjs.org/signal-exit 9ms (cache hit)
1533 silly packumentCache full:https://registry.npmjs.org/signal-exit set size:53489 disposed:false
1534 http cache https://registry.npmjs.org/@inquirer%2fansi 10ms (cache hit)
1535 silly packumentCache full:https://registry.npmjs.org/@inquirer%2fansi set size:24508 disposed:false
1536 http cache https://registry.npmjs.org/cli-width 12ms (cache hit)
1537 silly packumentCache full:https://registry.npmjs.org/cli-width set size:24976 disposed:false
1538 http cache https://registry.npmjs.org/@inquirer%2ffigures 11ms (cache hit)
1539 silly packumentCache full:https://registry.npmjs.org/@inquirer%2ffigures set size:52687 disposed:false
1540 http cache https://registry.npmjs.org/yoctocolors-cjs 15ms (cache hit)
1541 silly packumentCache full:https://registry.npmjs.org/yoctocolors-cjs set size:12865 disposed:false
1542 http cache https://registry.npmjs.org/mute-stream 16ms (cache hit)
1543 silly packumentCache full:https://registry.npmjs.org/mute-stream set size:24469 disposed:false
1544 silly placeDep ROOT @inquirer/ansi@1.0.2 OK for: @inquirer/core@10.3.2 want: ^1.0.2
1545 silly placeDep ROOT @inquirer/figures@1.0.15 OK for: @inquirer/core@10.3.2 want: ^1.0.15
1546 silly placeDep ROOT cli-width@4.1.0 OK for: @inquirer/core@10.3.2 want: ^4.1.0
1547 silly placeDep ROOT mute-stream@2.0.0 OK for: @inquirer/core@10.3.2 want: ^2.0.0
1548 silly placeDep ROOT signal-exit@4.1.0 OK for: @inquirer/core@10.3.2 want: ^4.1.0
1549 silly placeDep ROOT wrap-ansi@6.2.0 OK for: @inquirer/core@10.3.2 want: ^6.2.0
1550 silly placeDep ROOT yoctocolors-cjs@2.1.3 OK for: @inquirer/core@10.3.2 want: ^2.1.3
1551 silly fetch manifest strip-ansi@^6.0.0
1552 silly packumentCache full:https://registry.npmjs.org/strip-ansi cache-miss
1553 silly fetch manifest ansi-styles@^4.0.0
1554 silly packumentCache full:https://registry.npmjs.org/ansi-styles cache-miss
1555 silly fetch manifest string-width@^4.1.0
1556 silly packumentCache full:https://registry.npmjs.org/string-width cache-hit
1557 http cache https://registry.npmjs.org/strip-ansi 7ms (cache hit)
1558 silly packumentCache full:https://registry.npmjs.org/strip-ansi set size:44998 disposed:false
1559 http cache https://registry.npmjs.org/ansi-styles 8ms (cache hit)
1560 silly packumentCache full:https://registry.npmjs.org/ansi-styles set size:63233 disposed:false
1561 silly placeDep ROOT @inquirer/checkbox@4.3.2 OK for: @inquirer/prompts@7.10.1 want: ^4.3.2
1562 silly placeDep ROOT @inquirer/editor@4.2.23 OK for: @inquirer/prompts@7.10.1 want: ^4.2.23
1563 silly placeDep ROOT @inquirer/expand@4.0.23 OK for: @inquirer/prompts@7.10.1 want: ^4.0.23
1564 silly placeDep ROOT @inquirer/input@4.3.1 OK for: @inquirer/prompts@7.10.1 want: ^4.3.1
1565 silly placeDep ROOT @inquirer/number@3.0.23 OK for: @inquirer/prompts@7.10.1 want: ^3.0.23
1566 silly placeDep ROOT @inquirer/password@4.0.23 OK for: @inquirer/prompts@7.10.1 want: ^4.0.23
1567 silly placeDep ROOT @inquirer/rawlist@4.1.11 OK for: @inquirer/prompts@7.10.1 want: ^4.1.11
1568 silly placeDep ROOT @inquirer/search@3.2.2 OK for: @inquirer/prompts@7.10.1 want: ^3.2.2
1569 silly placeDep ROOT @inquirer/select@4.4.2 OK for: @inquirer/prompts@7.10.1 want: ^4.4.2
1570 silly fetch manifest @inquirer/external-editor@^1.0.3
1571 silly packumentCache full:https://registry.npmjs.org/@inquirer%2fexternal-editor cache-miss
1572 http cache https://registry.npmjs.org/@inquirer%2fexternal-editor 6ms (cache hit)
1573 silly packumentCache full:https://registry.npmjs.org/@inquirer%2fexternal-editor set size:33131 disposed:false
1574 silly placeDep ROOT @inquirer/external-editor@1.0.3 OK for: @inquirer/editor@4.2.23 want: ^1.0.3
1575 silly fetch manifest chardet@^2.1.1
1576 silly packumentCache full:https://registry.npmjs.org/chardet cache-miss
1577 silly fetch manifest iconv-lite@^0.7.0
1578 silly packumentCache full:https://registry.npmjs.org/iconv-lite cache-miss
1579 http cache https://registry.npmjs.org/chardet 7ms (cache hit)
1580 silly packumentCache full:https://registry.npmjs.org/chardet set size:70553 disposed:false
1581 http cache https://registry.npmjs.org/iconv-lite 8ms (cache hit)
1582 silly packumentCache full:https://registry.npmjs.org/iconv-lite set size:120557 disposed:false
1583 silly placeDep ROOT chardet@2.1.1 OK for: @inquirer/external-editor@1.0.3 want: ^2.1.1
1584 silly placeDep ROOT iconv-lite@0.7.2 OK for: @inquirer/external-editor@1.0.3 want: ^0.7.0
1585 silly fetch manifest safer-buffer@>= 2.1.2 < 3.0.0
1586 silly packumentCache full:https://registry.npmjs.org/safer-buffer cache-miss
1587 http cache https://registry.npmjs.org/safer-buffer 5ms (cache hit)
1588 silly packumentCache full:https://registry.npmjs.org/safer-buffer set size:18521 disposed:false
1589 silly placeDep ROOT @jridgewell/resolve-uri@3.1.2 OK for: @jridgewell/trace-mapping@0.3.31 want: ^3.1.0
1590 silly placeDep ROOT @hono/node-server@1.19.14 OK for: @modelcontextprotocol/sdk@1.26.0 want: ^1.19.9
1591 silly placeDep ROOT hono@4.12.19 OK for: @hono/node-server@1.19.14 want: ^4
1592 silly placeDep ROOT content-type@1.0.5 OK for: @modelcontextprotocol/sdk@1.26.0 want: ^1.0.5
1593 silly placeDep ROOT cors@2.8.6 OK for: @modelcontextprotocol/sdk@1.26.0 want: ^2.8.5
1594 silly placeDep ROOT cross-spawn@7.0.6 OK for: @modelcontextprotocol/sdk@1.26.0 want: ^7.0.5
1595 silly placeDep ROOT eventsource@3.0.7 OK for: @modelcontextprotocol/sdk@1.26.0 want: ^3.0.2
1596 silly placeDep ROOT eventsource-parser@3.0.8 OK for: @modelcontextprotocol/sdk@1.26.0 want: ^3.0.0
1597 silly placeDep ROOT express@5.2.1 OK for: @modelcontextprotocol/sdk@1.26.0 want: ^5.2.1
1598 silly placeDep ROOT express-rate-limit@8.5.2 OK for: @modelcontextprotocol/sdk@1.26.0 want: ^8.2.1
1599 silly placeDep ROOT jose@6.2.3 OK for: @modelcontextprotocol/sdk@1.26.0 want: ^6.1.3
1600 silly placeDep ROOT json-schema-typed@8.0.2 OK for: @modelcontextprotocol/sdk@1.26.0 want: ^8.0.2
1601 silly placeDep ROOT pkce-challenge@5.0.1 OK for: @modelcontextprotocol/sdk@1.26.0 want: ^5.0.0
1602 silly placeDep ROOT raw-body@3.0.2 OK for: @modelcontextprotocol/sdk@1.26.0 want: ^3.0.0
1603 silly placeDep ROOT zod-to-json-schema@3.25.2 OK for: @modelcontextprotocol/sdk@1.26.0 want: ^3.25.1
1604 silly fetch manifest object-assign@^4
1605 silly packumentCache full:https://registry.npmjs.org/object-assign cache-miss
1606 silly fetch manifest vary@^1
1607 silly packumentCache full:https://registry.npmjs.org/vary cache-miss
1608 silly fetch manifest which@^2.0.1
1609 silly packumentCache full:https://registry.npmjs.org/which cache-miss
1610 silly fetch manifest path-key@^3.1.0
1611 silly packumentCache full:https://registry.npmjs.org/path-key cache-miss
1612 silly fetch manifest shebang-command@^2.0.0
1613 silly packumentCache full:https://registry.npmjs.org/shebang-command cache-miss
1614 silly fetch manifest eventsource-parser@^3.0.1
1615 silly packumentCache full:https://registry.npmjs.org/eventsource-parser cache-hit
1616 silly fetch manifest qs@^6.14.0
1617 silly packumentCache full:https://registry.npmjs.org/qs cache-miss
1618 silly fetch manifest depd@^2.0.0
1619 silly packumentCache full:https://registry.npmjs.org/depd cache-miss
1620 silly fetch manifest etag@^1.8.1
1621 silly packumentCache full:https://registry.npmjs.org/etag cache-miss
1622 silly fetch manifest once@^1.4.0
1623 silly packumentCache full:https://registry.npmjs.org/once cache-miss
1624 silly fetch manifest send@^1.1.0
1625 silly packumentCache full:https://registry.npmjs.org/send cache-miss
1626 silly fetch manifest vary@^1.1.2
1627 silly packumentCache full:https://registry.npmjs.org/vary cache-miss
1628 http cache https://registry.npmjs.org/object-assign 23ms (cache hit)
1629 silly packumentCache full:https://registry.npmjs.org/object-assign set size:28988 disposed:false
1630 silly fetch manifest fresh@^2.0.0
1631 silly packumentCache full:https://registry.npmjs.org/fresh cache-miss
1632 http cache https://registry.npmjs.org/vary 24ms (cache hit)
1633 silly packumentCache full:https://registry.npmjs.org/vary set size:15994 disposed:false
1634 silly fetch manifest cookie@^0.7.1
1635 silly packumentCache full:https://registry.npmjs.org/cookie cache-miss
1636 http cache https://registry.npmjs.org/path-key 25ms (cache hit)
1637 silly packumentCache full:https://registry.npmjs.org/path-key set size:16975 disposed:false
1638 silly fetch manifest router@^2.2.0
1639 silly packumentCache full:https://registry.npmjs.org/router cache-miss
1640 http cache https://registry.npmjs.org/shebang-command 26ms (cache hit)
1641 silly packumentCache full:https://registry.npmjs.org/shebang-command set size:8525 disposed:false
1642 silly fetch manifest accepts@^2.0.0
1643 silly packumentCache full:https://registry.npmjs.org/accepts cache-miss
1644 http cache https://registry.npmjs.org/qs 29ms (cache hit)
1645 silly packumentCache full:https://registry.npmjs.org/qs set size:356906 disposed:false
1646 silly fetch manifest type-is@^2.0.1
1647 silly packumentCache full:https://registry.npmjs.org/type-is cache-miss
1648 http cache https://registry.npmjs.org/which 32ms (cache hit)
1649 silly packumentCache full:https://registry.npmjs.org/which set size:70143 disposed:false
1650 silly fetch manifest parseurl@^1.3.3
1651 silly packumentCache full:https://registry.npmjs.org/parseurl cache-miss
1652 http cache https://registry.npmjs.org/once 33ms (cache hit)
1653 silly packumentCache full:https://registry.npmjs.org/once set size:11752 disposed:false
1654 silly fetch manifest statuses@^2.0.1
1655 silly packumentCache full:https://registry.npmjs.org/statuses cache-miss
1656 http cache https://registry.npmjs.org/depd 34ms (cache hit)
1657 silly packumentCache full:https://registry.npmjs.org/depd set size:40182 disposed:false
1658 silly fetch manifest encodeurl@^2.0.0
1659 silly packumentCache full:https://registry.npmjs.org/encodeurl cache-miss
1660 http cache https://registry.npmjs.org/send 36ms (cache hit)
1661 silly packumentCache full:https://registry.npmjs.org/send set size:152810 disposed:false
1662 silly fetch manifest mime-types@^3.0.0
1663 silly packumentCache full:https://registry.npmjs.org/mime-types cache-miss
1664 http cache https://registry.npmjs.org/vary 37ms (cache hit)
1665 silly packumentCache full:https://registry.npmjs.org/vary set size:15994 disposed:false
1666 silly packumentCache full:https://registry.npmjs.org/vary dispose
1667 silly fetch manifest proxy-addr@^2.0.7
1668 silly packumentCache full:https://registry.npmjs.org/proxy-addr cache-miss
1669 http cache https://registry.npmjs.org/etag 40ms (cache hit)
1670 silly packumentCache full:https://registry.npmjs.org/etag set size:30032 disposed:false
1671 silly fetch manifest body-parser@^2.2.1
1672 silly packumentCache full:https://registry.npmjs.org/body-parser cache-miss
1673 http cache https://registry.npmjs.org/fresh 34ms (cache hit)
1674 silly packumentCache full:https://registry.npmjs.org/fresh set size:25427 disposed:false
1675 silly fetch manifest escape-html@^1.0.3
1676 silly packumentCache full:https://registry.npmjs.org/escape-html cache-miss
1677 http cache https://registry.npmjs.org/router 33ms (cache hit)
1678 silly packumentCache full:https://registry.npmjs.org/router set size:116499 disposed:false
1679 silly fetch manifest http-errors@^2.0.0
1680 silly packumentCache full:https://registry.npmjs.org/http-errors cache-miss
1681 http cache https://registry.npmjs.org/accepts 33ms (cache hit)
1682 silly packumentCache full:https://registry.npmjs.org/accepts set size:77054 disposed:false
1683 silly fetch manifest on-finished@^2.4.1
1684 silly packumentCache full:https://registry.npmjs.org/on-finished cache-miss
1685 http cache https://registry.npmjs.org/cookie 38ms (cache hit)
1686 silly packumentCache full:https://registry.npmjs.org/cookie set size:72891 disposed:false
1687 silly fetch manifest finalhandler@^2.1.0
1688 silly packumentCache full:https://registry.npmjs.org/finalhandler cache-miss
1689 http cache https://registry.npmjs.org/type-is 33ms (cache hit)
1690 silly packumentCache full:https://registry.npmjs.org/type-is set size:88614 disposed:false
1691 silly fetch manifest range-parser@^1.2.1
1692 silly packumentCache full:https://registry.npmjs.org/range-parser cache-miss
1693 http cache https://registry.npmjs.org/parseurl 34ms (cache hit)
1694 silly packumentCache full:https://registry.npmjs.org/parseurl set size:24148 disposed:false
1695 silly fetch manifest serve-static@^2.2.0
1696 silly packumentCache full:https://registry.npmjs.org/serve-static cache-miss
1697 http cache https://registry.npmjs.org/statuses 34ms (cache hit)
1698 silly packumentCache full:https://registry.npmjs.org/statuses set size:37117 disposed:false
1699 silly fetch manifest cookie-signature@^1.2.1
1700 silly packumentCache full:https://registry.npmjs.org/cookie-signature cache-miss
1701 http cache https://registry.npmjs.org/encodeurl 34ms (cache hit)
1702 silly packumentCache full:https://registry.npmjs.org/encodeurl set size:12296 disposed:false
1703 silly fetch manifest merge-descriptors@^2.0.0
1704 silly packumentCache full:https://registry.npmjs.org/merge-descriptors cache-miss
1705 http cache https://registry.npmjs.org/mime-types 31ms (cache hit)
1706 silly packumentCache full:https://registry.npmjs.org/mime-types set size:139110 disposed:false
1707 silly fetch manifest content-disposition@^1.0.0
1708 silly packumentCache full:https://registry.npmjs.org/content-disposition cache-miss
1709 http cache https://registry.npmjs.org/body-parser 31ms (cache hit)
1710 silly packumentCache full:https://registry.npmjs.org/body-parser set size:199299 disposed:false
1711 silly fetch manifest ip-address@^10.2.0
1712 silly packumentCache full:https://registry.npmjs.org/ip-address cache-miss
1713 http cache https://registry.npmjs.org/proxy-addr 35ms (cache hit)
1714 silly packumentCache full:https://registry.npmjs.org/proxy-addr set size:61619 disposed:false
1715 silly fetch manifest bytes@~3.1.2
1716 silly packumentCache full:https://registry.npmjs.org/bytes cache-miss
1717 http cache https://registry.npmjs.org/http-errors 26ms (cache hit)
1718 silly packumentCache full:https://registry.npmjs.org/http-errors set size:71987 disposed:false
1719 silly fetch manifest unpipe@~1.0.0
1720 silly packumentCache full:https://registry.npmjs.org/unpipe cache-miss
1721 http cache https://registry.npmjs.org/escape-html 31ms (cache hit)
1722 silly packumentCache full:https://registry.npmjs.org/escape-html set size:7345 disposed:false
1723 silly fetch manifest http-errors@~2.0.1
1724 silly packumentCache full:https://registry.npmjs.org/http-errors cache-hit
1725 http cache https://registry.npmjs.org/on-finished 29ms (cache hit)
1726 silly packumentCache full:https://registry.npmjs.org/on-finished set size:23212 disposed:false
1727 http cache https://registry.npmjs.org/finalhandler 28ms (cache hit)
1728 silly packumentCache full:https://registry.npmjs.org/finalhandler set size:79291 disposed:false
1729 http cache https://registry.npmjs.org/range-parser 28ms (cache hit)
1730 silly packumentCache full:https://registry.npmjs.org/range-parser set size:22228 disposed:false
1731 http cache https://registry.npmjs.org/serve-static 29ms (cache hit)
1732 silly packumentCache full:https://registry.npmjs.org/serve-static set size:150391 disposed:false
1733 http cache https://registry.npmjs.org/cookie-signature 28ms (cache hit)
1734 silly packumentCache full:https://registry.npmjs.org/cookie-signature set size:21777 disposed:false
1735 http cache https://registry.npmjs.org/content-disposition 27ms (cache hit)
1736 silly packumentCache full:https://registry.npmjs.org/content-disposition set size:40258 disposed:false
1737 http cache https://registry.npmjs.org/merge-descriptors 28ms (cache hit)
1738 silly packumentCache full:https://registry.npmjs.org/merge-descriptors set size:16527 disposed:false
1739 http cache https://registry.npmjs.org/ip-address 28ms (cache hit)
1740 silly packumentCache full:https://registry.npmjs.org/ip-address set size:171530 disposed:false
1741 http cache https://registry.npmjs.org/bytes 28ms (cache hit)
1742 silly packumentCache full:https://registry.npmjs.org/bytes set size:37018 disposed:false
1743 http cache https://registry.npmjs.org/unpipe 18ms (cache hit)
1744 silly packumentCache full:https://registry.npmjs.org/unpipe set size:3609 disposed:false
1745 silly placeDep ROOT fast-deep-equal@3.1.3 OK for: ajv@8.18.0 want: ^3.1.3
1746 silly placeDep ROOT fast-uri@3.1.2 OK for: ajv@8.18.0 want: ^3.0.1
1747 silly placeDep ROOT json-schema-traverse@1.0.0 OK for: ajv@8.18.0 want: ^1.0.0
1748 silly placeDep ROOT require-from-string@2.0.2 OK for: ajv@8.18.0 want: ^2.0.2
1749 silly placeDep ROOT @algolia/abtesting@1.14.1 OK for: algoliasearch@5.48.1 want: 1.14.1
1750 silly placeDep ROOT @algolia/client-abtesting@5.48.1 OK for: algoliasearch@5.48.1 want: 5.48.1
1751 silly placeDep ROOT @algolia/client-analytics@5.48.1 OK for: algoliasearch@5.48.1 want: 5.48.1
1752 silly placeDep ROOT @algolia/client-common@5.48.1 OK for: algoliasearch@5.48.1 want: 5.48.1
1753 silly placeDep ROOT @algolia/client-insights@5.48.1 OK for: algoliasearch@5.48.1 want: 5.48.1
1754 silly placeDep ROOT @algolia/client-personalization@5.48.1 OK for: algoliasearch@5.48.1 want: 5.48.1
1755 silly placeDep ROOT @algolia/client-query-suggestions@5.48.1 OK for: algoliasearch@5.48.1 want: 5.48.1
1756 silly placeDep ROOT @algolia/client-search@5.48.1 OK for: algoliasearch@5.48.1 want: 5.48.1
1757 silly placeDep ROOT @algolia/ingestion@1.48.1 OK for: algoliasearch@5.48.1 want: 1.48.1
1758 silly placeDep ROOT @algolia/monitoring@1.48.1 OK for: algoliasearch@5.48.1 want: 1.48.1
1759 silly placeDep ROOT @algolia/recommend@5.48.1 OK for: algoliasearch@5.48.1 want: 5.48.1
1760 silly placeDep ROOT @algolia/requester-browser-xhr@5.48.1 OK for: algoliasearch@5.48.1 want: 5.48.1
1761 silly placeDep ROOT @algolia/requester-fetch@5.48.1 OK for: algoliasearch@5.48.1 want: 5.48.1
1762 silly placeDep ROOT @algolia/requester-node-http@5.48.1 OK for: algoliasearch@5.48.1 want: 5.48.1
1763 silly placeDep ROOT css-select@6.0.0 OK for: beasties@0.4.1 want: ^6.0.0
1764 silly placeDep ROOT css-what@7.0.0 OK for: beasties@0.4.1 want: ^7.0.0
1765 silly placeDep ROOT dom-serializer@2.0.0 OK for: beasties@0.4.1 want: ^2.0.0
1766 silly placeDep ROOT domhandler@5.0.3 OK for: beasties@0.4.1 want: ^5.0.3
1767 silly placeDep ROOT htmlparser2@10.1.0 OK for: beasties@0.4.1 want: ^10.0.0
1768 silly placeDep ROOT postcss@8.5.14 OK for: beasties@0.4.1 want: ^8.4.49
1769 silly placeDep ROOT postcss-media-query-parser@0.2.3 OK for: beasties@0.4.1 want: ^0.2.3
1770 silly placeDep ROOT postcss-safe-parser@7.0.1 OK for: beasties@0.4.1 want: ^7.0.1
1771 silly fetch manifest boolbase@^1.0.0
1772 silly packumentCache full:https://registry.npmjs.org/boolbase cache-miss
1773 silly fetch manifest domutils@^3.2.2
1774 silly packumentCache full:https://registry.npmjs.org/domutils cache-miss
1775 silly fetch manifest nth-check@^2.1.1
1776 silly packumentCache full:https://registry.npmjs.org/nth-check cache-miss
1777 silly fetch manifest entities@^4.2.0
1778 silly packumentCache full:https://registry.npmjs.org/entities cache-hit
1779 silly fetch manifest domhandler@^5.0.2
1780 silly packumentCache full:https://registry.npmjs.org/domhandler cache-miss
1781 silly fetch manifest domelementtype@^2.3.0
1782 silly packumentCache full:https://registry.npmjs.org/domelementtype cache-miss
1783 silly fetch manifest domelementtype@^2.3.0
1784 silly packumentCache full:https://registry.npmjs.org/domelementtype cache-miss
1785 silly fetch manifest domutils@^3.2.2
1786 silly packumentCache full:https://registry.npmjs.org/domutils cache-miss
1787 silly fetch manifest entities@^7.0.1
1788 silly packumentCache full:https://registry.npmjs.org/entities cache-hit
1789 silly fetch manifest domelementtype@^2.3.0
1790 silly packumentCache full:https://registry.npmjs.org/domelementtype cache-miss
1791 silly fetch manifest nanoid@^3.3.11
1792 silly packumentCache full:https://registry.npmjs.org/nanoid cache-miss
1793 silly fetch manifest source-map-js@^1.2.1
1794 silly packumentCache full:https://registry.npmjs.org/source-map-js cache-miss
1795 http cache https://registry.npmjs.org/domhandler 14ms (cache hit)
1796 silly packumentCache full:https://registry.npmjs.org/domhandler set size:78187 disposed:false
1797 http cache https://registry.npmjs.org/source-map-js 12ms (cache hit)
1798 silly packumentCache full:https://registry.npmjs.org/source-map-js set size:62640 disposed:false
1799 http fetch GET 200 https://registry.npmjs.org/domelementtype 109ms (cache miss)
1800 silly packumentCache full:https://registry.npmjs.org/domelementtype set size:undefined disposed:false
1801 http fetch GET 200 https://registry.npmjs.org/boolbase 113ms (cache miss)
1802 silly packumentCache full:https://registry.npmjs.org/boolbase set size:undefined disposed:false
1803 http fetch GET 200 https://registry.npmjs.org/domutils 121ms (cache miss)
1804 silly packumentCache full:https://registry.npmjs.org/domutils set size:undefined disposed:false
1805 http fetch GET 200 https://registry.npmjs.org/domutils 122ms (cache miss)
1806 silly packumentCache full:https://registry.npmjs.org/domutils set size:undefined disposed:false
1807 http fetch GET 200 https://registry.npmjs.org/domelementtype 123ms (cache miss)
1808 silly packumentCache full:https://registry.npmjs.org/domelementtype set size:undefined disposed:false
1809 http fetch GET 200 https://registry.npmjs.org/nth-check 127ms (cache miss)
1810 silly packumentCache full:https://registry.npmjs.org/nth-check set size:undefined disposed:false
1811 http fetch GET 200 https://registry.npmjs.org/nanoid 181ms (cache miss)
1812 silly packumentCache full:https://registry.npmjs.org/nanoid set size:undefined disposed:false
1813 http fetch GET 200 https://registry.npmjs.org/domelementtype 190ms (cache miss)
1814 silly packumentCache full:https://registry.npmjs.org/domelementtype set size:undefined disposed:false
1815 silly fetch manifest browserslist@>= 4.21.0
1816 silly packumentCache full:https://registry.npmjs.org/browserslist cache-miss
1817 http cache https://registry.npmjs.org/browserslist 12ms (cache hit)
1818 silly packumentCache full:https://registry.npmjs.org/browserslist set size:504681 disposed:false
1819 silly placeDep ROOT baseline-browser-mapping@2.10.31 OK for: browserslist@4.28.2 want: ^2.10.12
1820 silly placeDep ROOT caniuse-lite@1.0.30001793 OK for: browserslist@4.28.2 want: ^1.0.30001782
1821 silly placeDep ROOT electron-to-chromium@1.5.359 OK for: browserslist@4.28.2 want: ^1.5.328
1822 silly placeDep ROOT node-releases@2.0.44 OK for: browserslist@4.28.2 want: ^2.0.36
1823 silly placeDep ROOT update-browserslist-db@1.2.3 OK for: browserslist@4.28.2 want: ^1.2.3
1824 silly fetch manifest escalade@^3.2.0
1825 silly packumentCache full:https://registry.npmjs.org/escalade cache-hit
1826 silly placeDep ROOT readdirp@5.0.0 OK for: chokidar@5.0.0 want: ^5.0.0
1827 silly placeDep ROOT object-assign@4.1.1 OK for: cors@2.8.6 want: ^4
1828 silly placeDep ROOT vary@1.1.2 OK for: cors@2.8.6 want: ^1
1829 silly placeDep ROOT path-key@3.1.1 OK for: cross-spawn@7.0.6 want: ^3.1.0
1830 silly placeDep ROOT shebang-command@2.0.0 OK for: cross-spawn@7.0.6 want: ^2.0.0
1831 silly placeDep ROOT which@2.0.2 OK for: cross-spawn@7.0.6 want: ^2.0.1
1832 silly fetch manifest shebang-regex@^3.0.0
1833 silly packumentCache full:https://registry.npmjs.org/shebang-regex cache-miss
1834 silly fetch manifest isexe@^2.0.0
1835 silly packumentCache full:https://registry.npmjs.org/isexe cache-miss
1836 http cache https://registry.npmjs.org/isexe 10ms (cache hit)
1837 silly packumentCache full:https://registry.npmjs.org/isexe set size:31756 disposed:false
1838 http cache https://registry.npmjs.org/shebang-regex 11ms (cache hit)
1839 silly packumentCache full:https://registry.npmjs.org/shebang-regex set size:9763 disposed:false
1840 silly placeDep ROOT boolbase@1.0.0 OK for: css-select@6.0.0 want: ^1.0.0
1841 silly placeDep ROOT domutils@3.2.2 OK for: css-select@6.0.0 want: ^3.2.2
1842 silly placeDep ROOT nth-check@2.1.1 OK for: css-select@6.0.0 want: ^2.1.1
1843 silly placeDep ROOT ms@2.1.3 OK for: debug@4.4.3 want: ^2.1.3
1844 silly placeDep ROOT domelementtype@2.3.0 OK for: dom-serializer@2.0.0 want: ^2.3.0
1845 silly placeDep ROOT entities@4.5.0 OK for: dom-serializer@2.0.0 want: ^4.2.0
1846 silly placeDep ROOT @esbuild/aix-ppc64@0.27.3 OK for: esbuild@0.27.3 want: 0.27.3
1847 silly placeDep ROOT @esbuild/android-arm@0.27.3 OK for: esbuild@0.27.3 want: 0.27.3
1848 silly placeDep ROOT @esbuild/android-arm64@0.27.3 OK for: esbuild@0.27.3 want: 0.27.3
1849 silly placeDep ROOT @esbuild/android-x64@0.27.3 OK for: esbuild@0.27.3 want: 0.27.3
1850 silly placeDep ROOT @esbuild/darwin-arm64@0.27.3 OK for: esbuild@0.27.3 want: 0.27.3
1851 silly placeDep ROOT @esbuild/darwin-x64@0.27.3 OK for: esbuild@0.27.3 want: 0.27.3
1852 silly placeDep ROOT @esbuild/freebsd-arm64@0.27.3 OK for: esbuild@0.27.3 want: 0.27.3
1853 silly placeDep ROOT @esbuild/freebsd-x64@0.27.3 OK for: esbuild@0.27.3 want: 0.27.3
1854 silly placeDep ROOT @esbuild/linux-arm@0.27.3 OK for: esbuild@0.27.3 want: 0.27.3
1855 silly placeDep ROOT @esbuild/linux-arm64@0.27.3 OK for: esbuild@0.27.3 want: 0.27.3
1856 silly placeDep ROOT @esbuild/linux-ia32@0.27.3 OK for: esbuild@0.27.3 want: 0.27.3
1857 silly placeDep ROOT @esbuild/linux-loong64@0.27.3 OK for: esbuild@0.27.3 want: 0.27.3
1858 silly placeDep ROOT @esbuild/linux-mips64el@0.27.3 OK for: esbuild@0.27.3 want: 0.27.3
1859 silly placeDep ROOT @esbuild/linux-ppc64@0.27.3 OK for: esbuild@0.27.3 want: 0.27.3
1860 silly placeDep ROOT @esbuild/linux-riscv64@0.27.3 OK for: esbuild@0.27.3 want: 0.27.3
1861 silly placeDep ROOT @esbuild/linux-s390x@0.27.3 OK for: esbuild@0.27.3 want: 0.27.3
1862 silly placeDep ROOT @esbuild/linux-x64@0.27.3 OK for: esbuild@0.27.3 want: 0.27.3
1863 silly placeDep ROOT @esbuild/netbsd-arm64@0.27.3 OK for: esbuild@0.27.3 want: 0.27.3
1864 silly placeDep ROOT @esbuild/netbsd-x64@0.27.3 OK for: esbuild@0.27.3 want: 0.27.3
1865 silly placeDep ROOT @esbuild/openbsd-arm64@0.27.3 OK for: esbuild@0.27.3 want: 0.27.3
1866 silly placeDep ROOT @esbuild/openbsd-x64@0.27.3 OK for: esbuild@0.27.3 want: 0.27.3
1867 silly placeDep ROOT @esbuild/openharmony-arm64@0.27.3 OK for: esbuild@0.27.3 want: 0.27.3
1868 silly placeDep ROOT @esbuild/sunos-x64@0.27.3 OK for: esbuild@0.27.3 want: 0.27.3
1869 silly placeDep ROOT @esbuild/win32-arm64@0.27.3 OK for: esbuild@0.27.3 want: 0.27.3
1870 silly placeDep ROOT @esbuild/win32-ia32@0.27.3 OK for: esbuild@0.27.3 want: 0.27.3
1871 silly placeDep ROOT @esbuild/win32-x64@0.27.3 OK for: esbuild@0.27.3 want: 0.27.3
1872 silly placeDep ROOT accepts@2.0.0 OK for: express@5.2.1 want: ^2.0.0
1873 silly placeDep ROOT body-parser@2.2.2 OK for: express@5.2.1 want: ^2.2.1
1874 silly placeDep ROOT content-disposition@1.1.0 OK for: express@5.2.1 want: ^1.0.0
1875 silly placeDep ROOT cookie@0.7.2 OK for: express@5.2.1 want: ^0.7.1
1876 silly placeDep ROOT cookie-signature@1.2.2 OK for: express@5.2.1 want: ^1.2.1
1877 silly placeDep ROOT depd@2.0.0 OK for: express@5.2.1 want: ^2.0.0
1878 silly placeDep ROOT encodeurl@2.0.0 OK for: express@5.2.1 want: ^2.0.0
1879 silly placeDep ROOT escape-html@1.0.3 OK for: express@5.2.1 want: ^1.0.3
1880 silly placeDep ROOT etag@1.8.1 OK for: express@5.2.1 want: ^1.8.1
1881 silly placeDep ROOT finalhandler@2.1.1 OK for: express@5.2.1 want: ^2.1.0
1882 silly placeDep ROOT fresh@2.0.0 OK for: express@5.2.1 want: ^2.0.0
1883 silly placeDep ROOT http-errors@2.0.1 OK for: express@5.2.1 want: ^2.0.0
1884 silly placeDep ROOT merge-descriptors@2.0.0 OK for: express@5.2.1 want: ^2.0.0
1885 silly placeDep ROOT mime-types@3.0.2 OK for: express@5.2.1 want: ^3.0.0
1886 silly placeDep ROOT on-finished@2.4.1 OK for: express@5.2.1 want: ^2.4.1
1887 silly placeDep ROOT once@1.4.0 OK for: express@5.2.1 want: ^1.4.0
1888 silly placeDep ROOT parseurl@1.3.3 OK for: express@5.2.1 want: ^1.3.3
1889 silly placeDep ROOT proxy-addr@2.0.7 OK for: express@5.2.1 want: ^2.0.7
1890 silly placeDep ROOT qs@6.15.2 OK for: express@5.2.1 want: ^6.14.0
1891 silly placeDep ROOT range-parser@1.2.1 OK for: express@5.2.1 want: ^1.2.1
1892 silly placeDep ROOT router@2.2.0 OK for: express@5.2.1 want: ^2.2.0
1893 silly placeDep ROOT send@1.2.1 OK for: express@5.2.1 want: ^1.1.0
1894 silly placeDep ROOT serve-static@2.2.1 OK for: express@5.2.1 want: ^2.2.0
1895 silly placeDep ROOT statuses@2.0.2 OK for: express@5.2.1 want: ^2.0.1
1896 silly placeDep ROOT type-is@2.1.0 OK for: express@5.2.1 want: ^2.0.1
1897 silly fetch manifest negotiator@^1.0.0
1898 silly packumentCache full:https://registry.npmjs.org/negotiator cache-miss
1899 silly fetch manifest qs@^6.14.1
1900 silly packumentCache full:https://registry.npmjs.org/qs cache-hit
1901 silly fetch manifest bytes@^3.1.2
1902 silly packumentCache full:https://registry.npmjs.org/bytes cache-hit
1903 silly fetch manifest inherits@~2.0.4
1904 silly packumentCache full:https://registry.npmjs.org/inherits cache-miss
1905 silly fetch manifest setprototypeof@~1.2.0
1906 silly packumentCache full:https://registry.npmjs.org/setprototypeof cache-miss
1907 silly fetch manifest statuses@~2.0.2
1908 silly packumentCache full:https://registry.npmjs.org/statuses cache-hit
1909 silly fetch manifest toidentifier@~1.0.1
1910 silly packumentCache full:https://registry.npmjs.org/toidentifier cache-miss
1911 silly fetch manifest mime-db@^1.54.0
1912 silly packumentCache full:https://registry.npmjs.org/mime-db cache-miss
1913 silly fetch manifest ee-first@1.1.1
1914 silly packumentCache full:https://registry.npmjs.org/ee-first cache-miss
1915 silly fetch manifest wrappy@1
1916 silly packumentCache full:https://registry.npmjs.org/wrappy cache-miss
1917 silly fetch manifest forwarded@0.2.0
1918 silly packumentCache full:https://registry.npmjs.org/forwarded cache-miss
1919 silly fetch manifest ipaddr.js@1.9.1
1920 silly packumentCache full:https://registry.npmjs.org/ipaddr.js cache-miss
1921 silly fetch manifest side-channel@^1.1.0
1922 silly packumentCache full:https://registry.npmjs.org/side-channel cache-miss
1923 silly fetch manifest is-promise@^4.0.0
1924 silly packumentCache full:https://registry.npmjs.org/is-promise cache-miss
1925 http cache https://registry.npmjs.org/negotiator 24ms (cache hit)
1926 silly packumentCache full:https://registry.npmjs.org/negotiator set size:48046 disposed:false
1927 silly fetch manifest path-to-regexp@^8.0.0
1928 silly packumentCache full:https://registry.npmjs.org/path-to-regexp cache-miss
1929 http cache https://registry.npmjs.org/inherits 24ms (cache hit)
1930 silly packumentCache full:https://registry.npmjs.org/inherits set size:12925 disposed:false
1931 silly fetch manifest statuses@^2.0.2
1932 silly packumentCache full:https://registry.npmjs.org/statuses cache-hit
1933 silly fetch manifest content-type@^2.0.0
1934 silly packumentCache full:https://registry.npmjs.org/content-type cache-hit
1935 silly fetch manifest media-typer@^1.1.0
1936 silly packumentCache full:https://registry.npmjs.org/media-typer cache-miss
1937 http cache https://registry.npmjs.org/mime-db 25ms (cache hit)
1938 silly packumentCache full:https://registry.npmjs.org/mime-db set size:164953 disposed:false
1939 http cache https://registry.npmjs.org/ee-first 27ms (cache hit)
1940 silly packumentCache full:https://registry.npmjs.org/ee-first set size:15327 disposed:false
1941 http cache https://registry.npmjs.org/forwarded 28ms (cache hit)
1942 silly packumentCache full:https://registry.npmjs.org/forwarded set size:11229 disposed:false
1943 http cache https://registry.npmjs.org/wrappy 29ms (cache hit)
1944 silly packumentCache full:https://registry.npmjs.org/wrappy set size:7682 disposed:false
1945 http cache https://registry.npmjs.org/toidentifier 30ms (cache hit)
1946 silly packumentCache full:https://registry.npmjs.org/toidentifier set size:12006 disposed:false
1947 http cache https://registry.npmjs.org/setprototypeof 30ms (cache hit)
1948 silly packumentCache full:https://registry.npmjs.org/setprototypeof set size:14532 disposed:false
1949 http cache https://registry.npmjs.org/side-channel 30ms (cache hit)
1950 silly packumentCache full:https://registry.npmjs.org/side-channel set size:24660 disposed:false
1951 http cache https://registry.npmjs.org/is-promise 31ms (cache hit)
1952 silly packumentCache full:https://registry.npmjs.org/is-promise set size:18599 disposed:false
1953 http cache https://registry.npmjs.org/ipaddr.js 31ms (cache hit)
1954 silly packumentCache full:https://registry.npmjs.org/ipaddr.js set size:69563 disposed:false
1955 http cache https://registry.npmjs.org/path-to-regexp 15ms (cache hit)
1956 silly packumentCache full:https://registry.npmjs.org/path-to-regexp set size:216334 disposed:false
1957 http cache https://registry.npmjs.org/media-typer 16ms (cache hit)
1958 silly packumentCache full:https://registry.npmjs.org/media-typer set size:20873 disposed:false
1959 silly placeDep ROOT negotiator@1.0.0 OK for: accepts@2.0.0 want: ^1.0.0
1960 silly placeDep ROOT bytes@3.1.2 OK for: body-parser@2.2.2 want: ^3.1.2
1961 silly placeDep ROOT ip-address@10.2.0 OK for: express-rate-limit@8.5.2 want: ^10.2.0
1962 silly placeDep node_modules/htmlparser2 entities@7.0.1 OK for: htmlparser2@10.1.0 want: ^7.0.1
1963 silly placeDep ROOT inherits@2.0.4 OK for: http-errors@2.0.1 want: ~2.0.4
1964 silly placeDep ROOT setprototypeof@1.2.0 OK for: http-errors@2.0.1 want: ~1.2.0
1965 silly placeDep ROOT toidentifier@1.0.1 OK for: http-errors@2.0.1 want: ~1.0.1
1966 silly placeDep ROOT agent-base@7.1.4 OK for: https-proxy-agent@7.0.6 want: ^7.1.2
1967 silly placeDep ROOT safer-buffer@2.1.2 OK for: iconv-lite@0.7.2 want: >= 2.1.2 < 3.0.0
1968 silly placeDep ROOT @istanbuljs/schema@0.1.6 OK for: istanbul-lib-instrument@6.0.3 want: ^0.1.3
1969 silly placeDep ROOT istanbul-lib-coverage@3.2.2 OK for: istanbul-lib-instrument@6.0.3 want: ^3.2.0
1970 silly fetch manifest @noble/hashes@^1.8.0 || ^2.0.0
1971 silly packumentCache full:https://registry.npmjs.org/@noble%2fhashes cache-miss
1972 http fetch GET 200 https://registry.npmjs.org/@noble%2fhashes 190ms (cache miss)
1973 silly packumentCache full:https://registry.npmjs.org/@noble%2fhashes set size:undefined disposed:false
1974 silly placeDep ROOT @acemir/cssom@0.9.31 OK for: jsdom@28.1.0 want: ^0.9.31
1975 silly placeDep ROOT @asamuzakjp/dom-selector@6.8.1 OK for: jsdom@28.1.0 want: ^6.8.1
1976 silly placeDep ROOT @bramus/specificity@2.4.2 OK for: jsdom@28.1.0 want: ^2.4.2
1977 silly placeDep ROOT @exodus/bytes@1.15.0 OK for: jsdom@28.1.0 want: ^1.11.0
1978 silly placeDep ROOT cssstyle@6.2.0 OK for: jsdom@28.1.0 want: ^6.0.1
1979 silly placeDep ROOT data-urls@7.0.0 OK for: jsdom@28.1.0 want: ^7.0.0
1980 silly placeDep ROOT decimal.js@10.6.0 OK for: jsdom@28.1.0 want: ^10.6.0
1981 silly placeDep ROOT html-encoding-sniffer@6.0.0 OK for: jsdom@28.1.0 want: ^6.0.0
1982 silly placeDep ROOT http-proxy-agent@7.0.2 OK for: jsdom@28.1.0 want: ^7.0.2
1983 silly placeDep ROOT is-potential-custom-element-name@1.0.1 OK for: jsdom@28.1.0 want: ^1.0.1
1984 silly placeDep ROOT parse5@8.0.1 OK for: jsdom@28.1.0 want: ^8.0.0
1985 silly placeDep ROOT saxes@6.0.0 OK for: jsdom@28.1.0 want: ^6.0.0
1986 silly placeDep ROOT symbol-tree@3.2.4 OK for: jsdom@28.1.0 want: ^3.2.4
1987 silly placeDep ROOT tough-cookie@6.0.1 OK for: jsdom@28.1.0 want: ^6.0.0
1988 silly placeDep ROOT w3c-xmlserializer@5.0.0 OK for: jsdom@28.1.0 want: ^5.0.0
1989 silly placeDep ROOT webidl-conversions@8.0.1 OK for: jsdom@28.1.0 want: ^8.0.1
1990 silly placeDep ROOT whatwg-mimetype@5.0.0 OK for: jsdom@28.1.0 want: ^5.0.0
1991 silly placeDep ROOT whatwg-url@16.0.1 OK for: jsdom@28.1.0 want: ^16.0.0
1992 silly placeDep ROOT xml-name-validator@5.0.0 OK for: jsdom@28.1.0 want: ^5.0.0
1993 silly fetch manifest bidi-js@^1.0.3
1994 silly packumentCache full:https://registry.npmjs.org/bidi-js cache-miss
1995 silly fetch manifest css-tree@^3.1.0
1996 silly packumentCache full:https://registry.npmjs.org/css-tree cache-miss
1997 silly fetch manifest lru-cache@^11.2.6
1998 silly packumentCache full:https://registry.npmjs.org/lru-cache cache-hit
1999 silly fetch manifest @asamuzakjp/nwsapi@^2.3.9
2000 silly packumentCache full:https://registry.npmjs.org/@asamuzakjp%2fnwsapi cache-miss
2001 silly fetch manifest css-tree@^3.0.0
2002 silly packumentCache full:https://registry.npmjs.org/css-tree cache-miss
2003 silly fetch manifest @asamuzakjp/css-color@^5.0.1
2004 silly packumentCache full:https://registry.npmjs.org/@asamuzakjp%2fcss-color cache-miss
2005 silly fetch manifest @csstools/css-syntax-patches-for-csstree@^1.0.28
2006 silly packumentCache full:https://registry.npmjs.org/@csstools%2fcss-syntax-patches-for-csstree cache-miss
2007 silly fetch manifest css-tree@^3.1.0
2008 silly packumentCache full:https://registry.npmjs.org/css-tree cache-miss
2009 silly fetch manifest lru-cache@^11.2.6
2010 silly packumentCache full:https://registry.npmjs.org/lru-cache cache-hit
2011 silly fetch manifest entities@^8.0.0
2012 silly packumentCache full:https://registry.npmjs.org/entities cache-hit
2013 silly fetch manifest xmlchars@^2.2.0
2014 silly packumentCache full:https://registry.npmjs.org/xmlchars cache-miss
2015 silly fetch manifest tldts@^7.0.5
2016 silly packumentCache full:https://registry.npmjs.org/tldts cache-miss
2017 silly fetch manifest tr46@^6.0.0
2018 silly packumentCache full:https://registry.npmjs.org/tr46 cache-miss
2019 http fetch GET 200 https://registry.npmjs.org/xmlchars 107ms (cache miss)
2020 silly packumentCache full:https://registry.npmjs.org/xmlchars set size:undefined disposed:false
2021 http fetch GET 200 https://registry.npmjs.org/@csstools%2fcss-syntax-patches-for-csstree 137ms (cache miss)
2022 silly packumentCache full:https://registry.npmjs.org/@csstools%2fcss-syntax-patches-for-csstree set size:undefined disposed:false
2023 http fetch GET 200 https://registry.npmjs.org/css-tree 158ms (cache miss)
2024 silly packumentCache full:https://registry.npmjs.org/css-tree set size:undefined disposed:false
2025 http fetch GET 200 https://registry.npmjs.org/@asamuzakjp%2fcss-color 163ms (cache miss)
2026 silly packumentCache full:https://registry.npmjs.org/@asamuzakjp%2fcss-color set size:undefined disposed:false
2027 http fetch GET 200 https://registry.npmjs.org/tr46 171ms (cache miss)
2028 silly packumentCache full:https://registry.npmjs.org/tr46 set size:undefined disposed:false
2029 http fetch GET 200 https://registry.npmjs.org/bidi-js 354ms (cache miss)
2030 silly packumentCache full:https://registry.npmjs.org/bidi-js set size:undefined disposed:false
2031 http fetch GET 200 https://registry.npmjs.org/@asamuzakjp%2fnwsapi 395ms (cache miss)
2032 silly packumentCache full:https://registry.npmjs.org/@asamuzakjp%2fnwsapi set size:undefined disposed:false
2033 http fetch GET 200 https://registry.npmjs.org/css-tree 469ms (cache miss)
2034 silly packumentCache full:https://registry.npmjs.org/css-tree set size:undefined disposed:false
2035 http fetch GET 200 https://registry.npmjs.org/css-tree 500ms (cache miss)
2036 silly packumentCache full:https://registry.npmjs.org/css-tree set size:undefined disposed:false
2037 http fetch GET 200 https://registry.npmjs.org/tldts 808ms (cache miss)
2038 silly packumentCache full:https://registry.npmjs.org/tldts set size:undefined disposed:false
2039 silly placeDep ROOT @asamuzakjp/nwsapi@2.3.9 OK for: @asamuzakjp/dom-selector@6.8.1 want: ^2.3.9
2040 silly placeDep ROOT bidi-js@1.0.3 OK for: @asamuzakjp/dom-selector@6.8.1 want: ^1.0.3
2041 silly placeDep ROOT css-tree@3.2.1 OK for: @asamuzakjp/dom-selector@6.8.1 want: ^3.1.0
2042 silly placeDep node_modules/@asamuzakjp/dom-selector lru-cache@11.4.0 OK for: @asamuzakjp/dom-selector@6.8.1 want: ^11.2.6
2043 silly fetch manifest mdn-data@2.27.1
2044 silly packumentCache full:https://registry.npmjs.org/mdn-data cache-miss
2045 http fetch GET 200 https://registry.npmjs.org/mdn-data 209ms (cache miss)
2046 silly packumentCache full:https://registry.npmjs.org/mdn-data set size:undefined disposed:false
2047 silly placeDep ROOT mdn-data@2.27.1 OK for: css-tree@3.2.1 want: 2.27.1
2048 silly placeDep ROOT source-map-js@1.2.1 OK for: css-tree@3.2.1 want: ^1.2.1
2049 silly placeDep ROOT @asamuzakjp/css-color@5.1.11 OK for: cssstyle@6.2.0 want: ^5.0.1
2050 silly placeDep ROOT @csstools/css-syntax-patches-for-csstree@1.1.4 OK for: cssstyle@6.2.0 want: ^1.0.28
2051 silly placeDep node_modules/cssstyle lru-cache@11.4.0 OK for: cssstyle@6.2.0 want: ^11.2.6
2052 silly fetch manifest @csstools/css-calc@^3.2.0
2053 silly packumentCache full:https://registry.npmjs.org/@csstools%2fcss-calc cache-miss
2054 silly fetch manifest @csstools/css-tokenizer@^4.0.0
2055 silly packumentCache full:https://registry.npmjs.org/@csstools%2fcss-tokenizer cache-miss
2056 silly fetch manifest @csstools/css-color-parser@^4.1.0
2057 silly packumentCache full:https://registry.npmjs.org/@csstools%2fcss-color-parser cache-miss
2058 silly fetch manifest @asamuzakjp/generational-cache@^1.0.1
2059 silly packumentCache full:https://registry.npmjs.org/@asamuzakjp%2fgenerational-cache cache-miss
2060 silly fetch manifest @csstools/css-parser-algorithms@^4.0.0
2061 silly packumentCache full:https://registry.npmjs.org/@csstools%2fcss-parser-algorithms cache-miss
2062 http fetch GET 200 https://registry.npmjs.org/@csstools%2fcss-calc 120ms (cache miss)
2063 silly packumentCache full:https://registry.npmjs.org/@csstools%2fcss-calc set size:undefined disposed:false
2064 http fetch GET 200 https://registry.npmjs.org/@csstools%2fcss-color-parser 129ms (cache miss)
2065 silly packumentCache full:https://registry.npmjs.org/@csstools%2fcss-color-parser set size:undefined disposed:false
2066 http fetch GET 200 https://registry.npmjs.org/@asamuzakjp%2fgenerational-cache 132ms (cache miss)
2067 silly packumentCache full:https://registry.npmjs.org/@asamuzakjp%2fgenerational-cache set size:undefined disposed:false
2068 http fetch GET 200 https://registry.npmjs.org/@csstools%2fcss-tokenizer 135ms (cache miss)
2069 silly packumentCache full:https://registry.npmjs.org/@csstools%2fcss-tokenizer set size:undefined disposed:false
2070 http fetch GET 200 https://registry.npmjs.org/@csstools%2fcss-parser-algorithms 252ms (cache miss)
2071 silly packumentCache full:https://registry.npmjs.org/@csstools%2fcss-parser-algorithms set size:undefined disposed:false
2072 silly placeDep ROOT @asamuzakjp/generational-cache@1.0.1 OK for: @asamuzakjp/css-color@5.1.11 want: ^1.0.1
2073 silly placeDep ROOT @csstools/css-calc@3.2.1 OK for: @asamuzakjp/css-color@5.1.11 want: ^3.2.0
2074 silly placeDep ROOT @csstools/css-parser-algorithms@4.0.0 OK for: @csstools/css-calc@3.2.1 want: ^4.0.0
2075 silly placeDep ROOT @csstools/css-tokenizer@4.0.0 OK for: @csstools/css-parser-algorithms@4.0.0 want: ^4.0.0
2076 silly placeDep ROOT @csstools/css-color-parser@4.1.1 OK for: @asamuzakjp/css-color@5.1.11 want: ^4.1.0
2077 silly fetch manifest @csstools/color-helpers@^6.0.2
2078 silly packumentCache full:https://registry.npmjs.org/@csstools%2fcolor-helpers cache-miss
2079 http fetch GET 200 https://registry.npmjs.org/@csstools%2fcolor-helpers 126ms (cache miss)
2080 silly packumentCache full:https://registry.npmjs.org/@csstools%2fcolor-helpers set size:undefined disposed:false
2081 silly placeDep ROOT @csstools/color-helpers@6.0.2 OK for: @csstools/css-color-parser@4.1.1 want: ^6.0.2
2082 silly placeDep ROOT cli-truncate@5.2.0 OK for: listr2@9.0.5 want: ^5.0.0
2083 silly placeDep ROOT colorette@2.0.20 OK for: listr2@9.0.5 want: ^2.0.20
2084 silly placeDep ROOT eventemitter3@5.0.4 OK for: listr2@9.0.5 want: ^5.0.1
2085 silly placeDep ROOT log-update@6.1.0 OK for: listr2@9.0.5 want: ^6.1.0
2086 silly placeDep ROOT rfdc@1.4.1 OK for: listr2@9.0.5 want: ^1.4.1
2087 silly placeDep node_modules/listr2 wrap-ansi@9.0.2 OK for: listr2@9.0.5 want: ^9.0.0
2088 silly fetch manifest slice-ansi@^8.0.0
2089 silly packumentCache full:https://registry.npmjs.org/slice-ansi cache-miss
2090 silly fetch manifest string-width@^8.2.0
2091 silly packumentCache full:https://registry.npmjs.org/string-width cache-hit
2092 silly fetch manifest slice-ansi@^7.1.0
2093 silly packumentCache full:https://registry.npmjs.org/slice-ansi cache-miss
2094 silly fetch manifest strip-ansi@^7.1.0
2095 silly packumentCache full:https://registry.npmjs.org/strip-ansi cache-hit
2096 silly fetch manifest ansi-escapes@^7.0.0
2097 silly packumentCache full:https://registry.npmjs.org/ansi-escapes cache-miss
2098 silly fetch manifest strip-ansi@^7.1.0
2099 silly packumentCache full:https://registry.npmjs.org/strip-ansi cache-hit
2100 silly fetch manifest ansi-styles@^6.2.1
2101 silly packumentCache full:https://registry.npmjs.org/ansi-styles cache-hit
2102 silly fetch manifest string-width@^7.0.0
2103 silly packumentCache full:https://registry.npmjs.org/string-width cache-hit
2104 http cache https://registry.npmjs.org/slice-ansi 13ms (cache hit)
2105 silly packumentCache full:https://registry.npmjs.org/slice-ansi set size:36418 disposed:false
2106 http cache https://registry.npmjs.org/ansi-escapes 13ms (cache hit)
2107 silly packumentCache full:https://registry.npmjs.org/ansi-escapes set size:70915 disposed:false
2108 http cache https://registry.npmjs.org/slice-ansi 15ms (cache hit)
2109 silly packumentCache full:https://registry.npmjs.org/slice-ansi set size:36418 disposed:false
2110 silly packumentCache full:https://registry.npmjs.org/slice-ansi dispose
2111 silly placeDep ROOT slice-ansi@8.0.0 OK for: cli-truncate@5.2.0 want: ^8.0.0
2112 silly placeDep ROOT string-width@8.2.1 OK for: cli-truncate@5.2.0 want: ^8.2.0
2113 silly fetch manifest ansi-styles@^6.2.3
2114 silly packumentCache full:https://registry.npmjs.org/ansi-styles cache-hit
2115 silly fetch manifest is-fullwidth-code-point@^5.1.0
2116 silly packumentCache full:https://registry.npmjs.org/is-fullwidth-code-point cache-miss
2117 silly fetch manifest get-east-asian-width@^1.5.0
2118 silly packumentCache full:https://registry.npmjs.org/get-east-asian-width cache-miss
2119 silly fetch manifest strip-ansi@^7.1.2
2120 silly packumentCache full:https://registry.npmjs.org/strip-ansi cache-hit
2121 http cache https://registry.npmjs.org/is-fullwidth-code-point 4ms (cache hit)
2122 silly packumentCache full:https://registry.npmjs.org/is-fullwidth-code-point set size:14578 disposed:false
2123 http cache https://registry.npmjs.org/get-east-asian-width 5ms (cache hit)
2124 silly packumentCache full:https://registry.npmjs.org/get-east-asian-width set size:20538 disposed:false
2125 silly placeDep ROOT @harperfast/extended-iterable@1.0.3 OK for: lmdb@3.5.1 want: ^1.0.3
2126 silly placeDep ROOT @lmdb/lmdb-darwin-arm64@3.5.1 OK for: lmdb@3.5.1 want: 3.5.1
2127 silly placeDep ROOT @lmdb/lmdb-darwin-x64@3.5.1 OK for: lmdb@3.5.1 want: 3.5.1
2128 silly placeDep ROOT @lmdb/lmdb-linux-arm@3.5.1 OK for: lmdb@3.5.1 want: 3.5.1
2129 silly placeDep ROOT @lmdb/lmdb-linux-arm64@3.5.1 OK for: lmdb@3.5.1 want: 3.5.1
2130 silly placeDep ROOT @lmdb/lmdb-linux-x64@3.5.1 OK for: lmdb@3.5.1 want: 3.5.1
2131 silly placeDep ROOT @lmdb/lmdb-win32-arm64@3.5.1 OK for: lmdb@3.5.1 want: 3.5.1
2132 silly placeDep ROOT @lmdb/lmdb-win32-x64@3.5.1 OK for: lmdb@3.5.1 want: 3.5.1
2133 silly placeDep ROOT msgpackr@1.11.12 OK for: lmdb@3.5.1 want: ^1.11.2
2134 silly placeDep ROOT node-addon-api@6.1.0 OK for: lmdb@3.5.1 want: ^6.1.0
2135 silly placeDep ROOT node-gyp-build-optional-packages@5.2.2 OK for: lmdb@3.5.1 want: 5.2.2
2136 silly placeDep ROOT ordered-binary@1.6.1 OK for: lmdb@3.5.1 want: ^1.5.3
2137 silly placeDep ROOT weak-lru-cache@1.2.2 OK for: lmdb@3.5.1 want: ^1.2.2
2138 silly fetch manifest msgpackr-extract@^3.0.2
2139 silly packumentCache full:https://registry.npmjs.org/msgpackr-extract cache-miss
2140 silly fetch manifest detect-libc@^2.0.1
2141 silly packumentCache full:https://registry.npmjs.org/detect-libc cache-miss
2142 http fetch GET 200 https://registry.npmjs.org/msgpackr-extract 275ms (cache miss)
2143 silly packumentCache full:https://registry.npmjs.org/msgpackr-extract set size:undefined disposed:false
2144 http fetch GET 200 https://registry.npmjs.org/detect-libc 623ms (cache miss)
2145 silly packumentCache full:https://registry.npmjs.org/detect-libc set size:undefined disposed:false
2146 silly placeDep ROOT ansi-escapes@7.3.0 OK for: log-update@6.1.0 want: ^7.0.0
2147 silly placeDep ROOT cli-cursor@5.0.0 OK for: log-update@6.1.0 want: ^5.0.0
2148 silly placeDep node_modules/log-update slice-ansi@7.1.2 OK for: log-update@6.1.0 want: ^7.1.0
2149 silly placeDep ROOT strip-ansi@7.2.0 OK for: log-update@6.1.0 want: ^7.1.0
2150 silly placeDep node_modules/log-update wrap-ansi@9.0.2 OK for: log-update@6.1.0 want: ^9.0.0
2151 silly fetch manifest environment@^1.0.0
2152 silly packumentCache full:https://registry.npmjs.org/environment cache-miss
2153 silly fetch manifest restore-cursor@^5.0.0
2154 silly packumentCache full:https://registry.npmjs.org/restore-cursor cache-miss
2155 silly fetch manifest is-fullwidth-code-point@^5.0.0
2156 silly packumentCache full:https://registry.npmjs.org/is-fullwidth-code-point cache-hit
2157 silly fetch manifest ansi-regex@^6.2.2
2158 silly packumentCache full:https://registry.npmjs.org/ansi-regex cache-miss
2159 http cache https://registry.npmjs.org/ansi-regex 7ms (cache hit)
2160 silly packumentCache full:https://registry.npmjs.org/ansi-regex set size:43572 disposed:false
2161 http cache https://registry.npmjs.org/restore-cursor 7ms (cache hit)
2162 silly packumentCache full:https://registry.npmjs.org/restore-cursor set size:17895 disposed:false
2163 http cache https://registry.npmjs.org/environment 8ms (cache hit)
2164 silly packumentCache full:https://registry.npmjs.org/environment set size:13915 disposed:false
2165 silly placeDep ROOT environment@1.1.0 OK for: ansi-escapes@7.3.0 want: ^1.0.0
2166 silly placeDep ROOT restore-cursor@5.1.0 OK for: cli-cursor@5.0.0 want: ^5.0.0
2167 silly fetch manifest onetime@^7.0.0
2168 silly packumentCache full:https://registry.npmjs.org/onetime cache-miss
2169 http cache https://registry.npmjs.org/onetime 3ms (cache hit)
2170 silly packumentCache full:https://registry.npmjs.org/onetime set size:32314 disposed:false
2171 silly placeDep ROOT yallist@3.1.1 OK for: lru-cache@5.1.1 want: ^3.0.2
2172 silly placeDep ROOT mime-db@1.54.0 OK for: mime-types@3.0.2 want: ^1.54.0
2173 silly placeDep ROOT msgpackr-extract@3.0.3 OK for: msgpackr@1.11.12 want: ^3.0.2
2174 silly fetch manifest @msgpackr-extract/msgpackr-extract-darwin-arm64@3.0.3
2175 silly packumentCache full:https://registry.npmjs.org/@msgpackr-extract%2fmsgpackr-extract-darwin-arm64 cache-miss
2176 silly fetch manifest @msgpackr-extract/msgpackr-extract-darwin-x64@3.0.3
2177 silly packumentCache full:https://registry.npmjs.org/@msgpackr-extract%2fmsgpackr-extract-darwin-x64 cache-miss
2178 silly fetch manifest @msgpackr-extract/msgpackr-extract-linux-arm@3.0.3
2179 silly packumentCache full:https://registry.npmjs.org/@msgpackr-extract%2fmsgpackr-extract-linux-arm cache-miss
2180 silly fetch manifest @msgpackr-extract/msgpackr-extract-linux-arm64@3.0.3
2181 silly packumentCache full:https://registry.npmjs.org/@msgpackr-extract%2fmsgpackr-extract-linux-arm64 cache-miss
2182 silly fetch manifest @msgpackr-extract/msgpackr-extract-linux-x64@3.0.3
2183 silly packumentCache full:https://registry.npmjs.org/@msgpackr-extract%2fmsgpackr-extract-linux-x64 cache-miss
2184 silly fetch manifest @msgpackr-extract/msgpackr-extract-win32-x64@3.0.3
2185 silly packumentCache full:https://registry.npmjs.org/@msgpackr-extract%2fmsgpackr-extract-win32-x64 cache-miss
2186 http fetch GET 200 https://registry.npmjs.org/@msgpackr-extract%2fmsgpackr-extract-linux-arm64 121ms (cache miss)
2187 silly packumentCache full:https://registry.npmjs.org/@msgpackr-extract%2fmsgpackr-extract-linux-arm64 set size:undefined disposed:false
2188 http fetch GET 200 https://registry.npmjs.org/@msgpackr-extract%2fmsgpackr-extract-linux-x64 137ms (cache miss)
2189 silly packumentCache full:https://registry.npmjs.org/@msgpackr-extract%2fmsgpackr-extract-linux-x64 set size:undefined disposed:false
2190 http fetch GET 200 https://registry.npmjs.org/@msgpackr-extract%2fmsgpackr-extract-darwin-arm64 139ms (cache miss)
2191 silly packumentCache full:https://registry.npmjs.org/@msgpackr-extract%2fmsgpackr-extract-darwin-arm64 set size:undefined disposed:false
2192 http fetch GET 200 https://registry.npmjs.org/@msgpackr-extract%2fmsgpackr-extract-win32-x64 149ms (cache miss)
2193 silly packumentCache full:https://registry.npmjs.org/@msgpackr-extract%2fmsgpackr-extract-win32-x64 set size:undefined disposed:false
2194 http fetch GET 200 https://registry.npmjs.org/@msgpackr-extract%2fmsgpackr-extract-darwin-x64 192ms (cache miss)
2195 silly packumentCache full:https://registry.npmjs.org/@msgpackr-extract%2fmsgpackr-extract-darwin-x64 set size:undefined disposed:false
2196 http fetch GET 200 https://registry.npmjs.org/@msgpackr-extract%2fmsgpackr-extract-linux-arm 194ms (cache miss)
2197 silly packumentCache full:https://registry.npmjs.org/@msgpackr-extract%2fmsgpackr-extract-linux-arm set size:undefined disposed:false
2198 silly placeDep ROOT @msgpackr-extract/msgpackr-extract-darwin-arm64@3.0.3 OK for: msgpackr-extract@3.0.3 want: 3.0.3
2199 silly placeDep ROOT @msgpackr-extract/msgpackr-extract-darwin-x64@3.0.3 OK for: msgpackr-extract@3.0.3 want: 3.0.3
2200 silly placeDep ROOT @msgpackr-extract/msgpackr-extract-linux-arm@3.0.3 OK for: msgpackr-extract@3.0.3 want: 3.0.3
2201 silly placeDep ROOT @msgpackr-extract/msgpackr-extract-linux-arm64@3.0.3 OK for: msgpackr-extract@3.0.3 want: 3.0.3
2202 silly placeDep ROOT @msgpackr-extract/msgpackr-extract-linux-x64@3.0.3 OK for: msgpackr-extract@3.0.3 want: 3.0.3
2203 silly placeDep ROOT @msgpackr-extract/msgpackr-extract-win32-x64@3.0.3 OK for: msgpackr-extract@3.0.3 want: 3.0.3
2204 silly placeDep ROOT detect-libc@2.1.2 OK for: node-gyp-build-optional-packages@5.2.2 want: ^2.0.1
2205 silly placeDep ROOT hosted-git-info@9.0.3 OK for: npm-package-arg@13.0.2 want: ^9.0.0
2206 silly placeDep ROOT proc-log@6.1.0 OK for: npm-package-arg@13.0.2 want: ^6.0.0
2207 silly placeDep ROOT validate-npm-package-name@7.0.2 OK for: npm-package-arg@13.0.2 want: ^7.0.0
2208 silly fetch manifest lru-cache@^11.1.0
2209 silly packumentCache full:https://registry.npmjs.org/lru-cache cache-hit
2210 silly placeDep node_modules/hosted-git-info lru-cache@11.4.0 OK for: hosted-git-info@9.0.3 want: ^11.1.0
2211 silly placeDep ROOT ee-first@1.1.1 OK for: on-finished@2.4.1 want: 1.1.1
2212 silly placeDep ROOT wrappy@1.0.2 OK for: once@1.4.0 want: 1
2213 silly placeDep ROOT chalk@5.6.2 OK for: ora@9.3.0 want: ^5.6.2
2214 silly placeDep ROOT cli-spinners@3.4.0 OK for: ora@9.3.0 want: ^3.2.0
2215 silly placeDep ROOT is-interactive@2.0.0 OK for: ora@9.3.0 want: ^2.0.0
2216 silly placeDep ROOT is-unicode-supported@2.1.0 OK for: ora@9.3.0 want: ^2.1.0
2217 silly placeDep ROOT log-symbols@7.0.1 OK for: ora@9.3.0 want: ^7.0.1
2218 silly placeDep ROOT stdin-discarder@0.3.2 OK for: ora@9.3.0 want: ^0.3.1
2219 silly fetch manifest yoctocolors@^2.1.1
2220 silly packumentCache full:https://registry.npmjs.org/yoctocolors cache-miss
2221 http cache https://registry.npmjs.org/yoctocolors 14ms (cache hit)
2222 silly packumentCache full:https://registry.npmjs.org/yoctocolors set size:25767 disposed:false
2223 silly placeDep ROOT yoctocolors@2.1.2 OK for: log-symbols@7.0.1 want: ^2.1.1
2224 silly placeDep ROOT @npmcli/git@7.0.2 OK for: pacote@21.3.1 want: ^7.0.0
2225 silly placeDep ROOT @npmcli/installed-package-contents@4.0.0 OK for: pacote@21.3.1 want: ^4.0.0
2226 silly placeDep ROOT @npmcli/package-json@7.0.5 OK for: pacote@21.3.1 want: ^7.0.0
2227 silly placeDep ROOT @npmcli/promise-spawn@9.0.1 OK for: pacote@21.3.1 want: ^9.0.0
2228 silly placeDep ROOT @npmcli/run-script@10.0.4 OK for: pacote@21.3.1 want: ^10.0.0
2229 silly placeDep ROOT cacache@20.0.4 OK for: pacote@21.3.1 want: ^20.0.0
2230 silly placeDep ROOT fs-minipass@3.0.3 OK for: pacote@21.3.1 want: ^3.0.0
2231 silly placeDep ROOT minipass@7.1.3 OK for: pacote@21.3.1 want: ^7.0.2
2232 silly placeDep ROOT npm-packlist@10.0.4 OK for: pacote@21.3.1 want: ^10.0.1
2233 silly placeDep ROOT npm-pick-manifest@11.0.3 OK for: pacote@21.3.1 want: ^11.0.1
2234 silly placeDep ROOT npm-registry-fetch@19.1.1 OK for: pacote@21.3.1 want: ^19.0.0
2235 silly placeDep ROOT promise-retry@2.0.1 OK for: pacote@21.3.1 want: ^2.0.1
2236 silly placeDep ROOT sigstore@4.1.0 OK for: pacote@21.3.1 want: ^4.0.0
2237 silly placeDep ROOT ssri@13.0.1 OK for: pacote@21.3.1 want: ^13.0.0
2238 silly placeDep ROOT tar@7.5.15 OK for: pacote@21.3.1 want: ^7.4.3
2239 silly fetch manifest which@^6.0.0
2240 silly packumentCache full:https://registry.npmjs.org/which cache-hit
2241 silly fetch manifest lru-cache@^11.2.1
2242 silly packumentCache full:https://registry.npmjs.org/lru-cache cache-hit
2243 silly fetch manifest @gar/promise-retry@^1.0.0
2244 silly packumentCache full:https://registry.npmjs.org/@gar%2fpromise-retry cache-miss
2245 silly fetch manifest npm-bundled@^5.0.0
2246 silly packumentCache full:https://registry.npmjs.org/npm-bundled cache-miss
2247 silly fetch manifest npm-normalize-package-bin@^5.0.0
2248 silly packumentCache full:https://registry.npmjs.org/npm-normalize-package-bin cache-miss
2249 silly fetch manifest glob@^13.0.0
2250 silly packumentCache full:https://registry.npmjs.org/glob cache-miss
2251 silly fetch manifest spdx-expression-parse@^4.0.0
2252 silly packumentCache full:https://registry.npmjs.org/spdx-expression-parse cache-miss
2253 silly fetch manifest json-parse-even-better-errors@^5.0.0
2254 silly packumentCache full:https://registry.npmjs.org/json-parse-even-better-errors cache-miss
2255 silly fetch manifest which@^6.0.0
2256 silly packumentCache full:https://registry.npmjs.org/which cache-hit
2257 silly fetch manifest node-gyp@^12.1.0
2258 silly packumentCache full:https://registry.npmjs.org/node-gyp cache-miss
2259 silly fetch manifest @npmcli/node-gyp@^5.0.0
2260 silly packumentCache full:https://registry.npmjs.org/@npmcli%2fnode-gyp cache-miss
2261 silly fetch manifest glob@^13.0.0
2262 silly packumentCache full:https://registry.npmjs.org/glob cache-miss
2263 silly fetch manifest p-map@^7.0.2
2264 silly packumentCache full:https://registry.npmjs.org/p-map cache-miss
2265 silly fetch manifest minipass@^7.0.3
2266 silly packumentCache full:https://registry.npmjs.org/minipass cache-hit
2267 silly fetch manifest @npmcli/fs@^5.0.0
2268 silly packumentCache full:https://registry.npmjs.org/@npmcli%2ffs cache-miss
2269 http cache https://registry.npmjs.org/@gar%2fpromise-retry 30ms (cache hit)
2270 silly packumentCache full:https://registry.npmjs.org/@gar%2fpromise-retry set size:11490 disposed:false
2271 silly fetch manifest minipass-flush@^1.0.5
2272 silly packumentCache full:https://registry.npmjs.org/minipass-flush cache-miss
2273 http cache https://registry.npmjs.org/npm-normalize-package-bin 31ms (cache hit)
2274 silly packumentCache full:https://registry.npmjs.org/npm-normalize-package-bin set size:24461 disposed:false
2275 silly fetch manifest minipass-collect@^2.0.1
2276 silly packumentCache full:https://registry.npmjs.org/minipass-collect cache-miss
2277 http cache https://registry.npmjs.org/npm-bundled 33ms (cache hit)
2278 silly packumentCache full:https://registry.npmjs.org/npm-bundled set size:43804 disposed:false
2279 silly fetch manifest minipass-pipeline@^1.2.4
2280 silly packumentCache full:https://registry.npmjs.org/minipass-pipeline cache-miss
2281 http cache https://registry.npmjs.org/glob 34ms (cache hit)
2282 silly packumentCache full:https://registry.npmjs.org/glob set size:469465 disposed:false
2283 silly fetch manifest ignore-walk@^8.0.0
2284 silly packumentCache full:https://registry.npmjs.org/ignore-walk cache-miss
2285 http cache https://registry.npmjs.org/spdx-expression-parse 37ms (cache hit)
2286 silly packumentCache full:https://registry.npmjs.org/spdx-expression-parse set size:29500 disposed:false
2287 silly fetch manifest npm-install-checks@^8.0.0
2288 silly packumentCache full:https://registry.npmjs.org/npm-install-checks cache-miss
2289 http cache https://registry.npmjs.org/@npmcli%2fnode-gyp 36ms (cache hit)
2290 silly packumentCache full:https://registry.npmjs.org/@npmcli%2fnode-gyp set size:24278 disposed:false
2291 silly fetch manifest minizlib@^3.0.1
2292 silly packumentCache full:https://registry.npmjs.org/minizlib cache-miss
2293 http cache https://registry.npmjs.org/json-parse-even-better-errors 39ms (cache hit)
2294 silly packumentCache full:https://registry.npmjs.org/json-parse-even-better-errors set size:37274 disposed:false
2295 silly fetch manifest jsonparse@^1.3.1
2296 silly packumentCache full:https://registry.npmjs.org/jsonparse cache-miss
2297 http cache https://registry.npmjs.org/p-map 38ms (cache hit)
2298 silly packumentCache full:https://registry.npmjs.org/p-map set size:52373 disposed:false
2299 silly fetch manifest @npmcli/redact@^4.0.0
2300 silly packumentCache full:https://registry.npmjs.org/@npmcli%2fredact cache-miss
2301 http cache https://registry.npmjs.org/node-gyp 40ms (cache hit)
2302 silly packumentCache full:https://registry.npmjs.org/node-gyp set size:317909 disposed:false
2303 silly fetch manifest minipass-fetch@^5.0.0
2304 silly packumentCache full:https://registry.npmjs.org/minipass-fetch cache-miss
2305 http cache https://registry.npmjs.org/glob 45ms (cache hit)
2306 silly packumentCache full:https://registry.npmjs.org/glob set size:469465 disposed:false
2307 silly packumentCache full:https://registry.npmjs.org/glob dispose
2308 silly fetch manifest make-fetch-happen@^15.0.0
2309 silly packumentCache full:https://registry.npmjs.org/make-fetch-happen cache-miss
2310 http cache https://registry.npmjs.org/@npmcli%2ffs 47ms (cache hit)
2311 silly packumentCache full:https://registry.npmjs.org/@npmcli%2ffs set size:42864 disposed:false
2312 silly fetch manifest err-code@^2.0.2
2313 silly packumentCache full:https://registry.npmjs.org/err-code cache-miss
2314 http cache https://registry.npmjs.org/minipass-collect 40ms (cache hit)
2315 silly packumentCache full:https://registry.npmjs.org/minipass-collect set size:12471 disposed:false
2316 silly fetch manifest retry@^0.12.0
2317 silly packumentCache full:https://registry.npmjs.org/retry cache-miss
2318 http cache https://registry.npmjs.org/minipass-flush 44ms (cache hit)
2319 silly packumentCache full:https://registry.npmjs.org/minipass-flush set size:21037 disposed:false
2320 silly fetch manifest @sigstore/bundle@^4.0.0
2321 silly packumentCache full:https://registry.npmjs.org/@sigstore%2fbundle cache-miss
2322 http cache https://registry.npmjs.org/minipass-pipeline 43ms (cache hit)
2323 silly packumentCache full:https://registry.npmjs.org/minipass-pipeline set size:32257 disposed:false
2324 silly fetch manifest @sigstore/core@^3.1.0
2325 silly packumentCache full:https://registry.npmjs.org/@sigstore%2fcore cache-miss
2326 http cache https://registry.npmjs.org/ignore-walk 41ms (cache hit)
2327 silly packumentCache full:https://registry.npmjs.org/ignore-walk set size:71031 disposed:false
2328 silly fetch manifest @sigstore/protobuf-specs@^0.5.0
2329 silly packumentCache full:https://registry.npmjs.org/@sigstore%2fprotobuf-specs cache-miss
2330 http cache https://registry.npmjs.org/minizlib 41ms (cache hit)
2331 silly packumentCache full:https://registry.npmjs.org/minizlib set size:62862 disposed:false
2332 silly fetch manifest @sigstore/sign@^4.1.0
2333 silly packumentCache full:https://registry.npmjs.org/@sigstore%2fsign cache-miss
2334 http cache https://registry.npmjs.org/npm-install-checks 42ms (cache hit)
2335 silly packumentCache full:https://registry.npmjs.org/npm-install-checks set size:61706 disposed:false
2336 silly fetch manifest @sigstore/tuf@^4.0.1
2337 silly packumentCache full:https://registry.npmjs.org/@sigstore%2ftuf cache-miss
2338 http cache https://registry.npmjs.org/jsonparse 42ms (cache hit)
2339 silly packumentCache full:https://registry.npmjs.org/jsonparse set size:15932 disposed:false
2340 silly fetch manifest @sigstore/verify@^3.1.0
2341 silly packumentCache full:https://registry.npmjs.org/@sigstore%2fverify cache-miss
2342 http cache https://registry.npmjs.org/@npmcli%2fredact 44ms (cache hit)
2343 silly packumentCache full:https://registry.npmjs.org/@npmcli%2fredact set size:32911 disposed:false
2344 silly fetch manifest @isaacs/fs-minipass@^4.0.0
2345 silly packumentCache full:https://registry.npmjs.org/@isaacs%2ffs-minipass cache-miss
2346 http cache https://registry.npmjs.org/make-fetch-happen 35ms (cache hit)
2347 silly packumentCache full:https://registry.npmjs.org/make-fetch-happen set size:373638 disposed:false
2348 silly fetch manifest chownr@^3.0.0
2349 silly packumentCache full:https://registry.npmjs.org/chownr cache-miss
2350 http cache https://registry.npmjs.org/minipass-fetch 47ms (cache hit)
2351 silly packumentCache full:https://registry.npmjs.org/minipass-fetch set size:109078 disposed:false
2352 silly fetch manifest minizlib@^3.1.0
2353 silly packumentCache full:https://registry.npmjs.org/minizlib cache-hit
2354 silly fetch manifest yallist@^5.0.0
2355 silly packumentCache full:https://registry.npmjs.org/yallist cache-hit
2356 http cache https://registry.npmjs.org/err-code 42ms (cache hit)
2357 silly packumentCache full:https://registry.npmjs.org/err-code set size:29518 disposed:false
2358 http cache https://registry.npmjs.org/retry 33ms (cache hit)
2359 silly packumentCache full:https://registry.npmjs.org/retry set size:31161 disposed:false
2360 http cache https://registry.npmjs.org/@sigstore%2fbundle 33ms (cache hit)
2361 silly packumentCache full:https://registry.npmjs.org/@sigstore%2fbundle set size:23167 disposed:false
2362 http cache https://registry.npmjs.org/@sigstore%2fprotobuf-specs 31ms (cache hit)
2363 silly packumentCache full:https://registry.npmjs.org/@sigstore%2fprotobuf-specs set size:27957 disposed:false
2364 http cache https://registry.npmjs.org/@sigstore%2fsign 31ms (cache hit)
2365 silly packumentCache full:https://registry.npmjs.org/@sigstore%2fsign set size:39638 disposed:false
2366 http cache https://registry.npmjs.org/@sigstore%2ftuf 31ms (cache hit)
2367 silly packumentCache full:https://registry.npmjs.org/@sigstore%2ftuf set size:39378 disposed:false
2368 http cache https://registry.npmjs.org/@sigstore%2fcore 37ms (cache hit)
2369 silly packumentCache full:https://registry.npmjs.org/@sigstore%2fcore set size:15387 disposed:false
2370 http cache https://registry.npmjs.org/@sigstore%2fverify 31ms (cache hit)
2371 silly packumentCache full:https://registry.npmjs.org/@sigstore%2fverify set size:21996 disposed:false
2372 http cache https://registry.npmjs.org/@isaacs%2ffs-minipass 30ms (cache hit)
2373 silly packumentCache full:https://registry.npmjs.org/@isaacs%2ffs-minipass set size:7912 disposed:false
2374 http cache https://registry.npmjs.org/chownr 26ms (cache hit)
2375 silly packumentCache full:https://registry.npmjs.org/chownr set size:22157 disposed:false
2376 silly placeDep ROOT @gar/promise-retry@1.0.3 OK for: @npmcli/git@7.0.2 want: ^1.0.0
2377 silly placeDep node_modules/@npmcli/git lru-cache@11.4.0 OK for: @npmcli/git@7.0.2 want: ^11.2.1
2378 silly placeDep node_modules/@npmcli/git which@6.0.1 OK for: @npmcli/git@7.0.2 want: ^6.0.0
2379 silly fetch manifest isexe@^4.0.0
2380 silly packumentCache full:https://registry.npmjs.org/isexe cache-hit
2381 silly placeDep ROOT npm-bundled@5.0.0 OK for: @npmcli/installed-package-contents@4.0.0 want: ^5.0.0
2382 silly placeDep ROOT npm-normalize-package-bin@5.0.0 OK for: @npmcli/installed-package-contents@4.0.0 want: ^5.0.0
2383 silly placeDep ROOT glob@13.0.6 OK for: @npmcli/package-json@7.0.5 want: ^13.0.0
2384 silly placeDep ROOT json-parse-even-better-errors@5.0.0 OK for: @npmcli/package-json@7.0.5 want: ^5.0.0
2385 silly placeDep ROOT spdx-expression-parse@4.0.0 OK for: @npmcli/package-json@7.0.5 want: ^4.0.0
2386 silly fetch manifest minimatch@^10.2.2
2387 silly packumentCache full:https://registry.npmjs.org/minimatch cache-miss
2388 silly fetch manifest path-scurry@^2.0.2
2389 silly packumentCache full:https://registry.npmjs.org/path-scurry cache-miss
2390 silly fetch manifest spdx-exceptions@^2.1.0
2391 silly packumentCache full:https://registry.npmjs.org/spdx-exceptions cache-miss
2392 silly fetch manifest spdx-license-ids@^3.0.0
2393 silly packumentCache full:https://registry.npmjs.org/spdx-license-ids cache-miss
2394 http cache https://registry.npmjs.org/path-scurry 9ms (cache hit)
2395 silly packumentCache full:https://registry.npmjs.org/path-scurry set size:117612 disposed:false
2396 http cache https://registry.npmjs.org/spdx-exceptions 14ms (cache hit)
2397 silly packumentCache full:https://registry.npmjs.org/spdx-exceptions set size:21227 disposed:false
2398 http cache https://registry.npmjs.org/spdx-license-ids 14ms (cache hit)
2399 silly packumentCache full:https://registry.npmjs.org/spdx-license-ids set size:81601 disposed:false
2400 http cache https://registry.npmjs.org/minimatch 17ms (cache hit)
2401 silly packumentCache full:https://registry.npmjs.org/minimatch set size:375282 disposed:false
2402 silly placeDep node_modules/@npmcli/promise-spawn which@6.0.1 OK for: @npmcli/promise-spawn@9.0.1 want: ^6.0.0
2403 silly placeDep ROOT @npmcli/node-gyp@5.0.0 OK for: @npmcli/run-script@10.0.4 want: ^5.0.0
2404 silly placeDep ROOT node-gyp@12.3.0 OK for: @npmcli/run-script@10.0.4 want: ^12.1.0
2405 silly fetch manifest env-paths@^2.2.0
2406 silly packumentCache full:https://registry.npmjs.org/env-paths cache-miss
2407 silly fetch manifest exponential-backoff@^3.1.1
2408 silly packumentCache full:https://registry.npmjs.org/exponential-backoff cache-miss
2409 silly fetch manifest graceful-fs@^4.2.6
2410 silly packumentCache full:https://registry.npmjs.org/graceful-fs cache-hit
2411 silly fetch manifest nopt@^9.0.0
2412 silly packumentCache full:https://registry.npmjs.org/nopt cache-miss
2413 silly fetch manifest undici@^6.25.0
2414 silly packumentCache full:https://registry.npmjs.org/undici cache-miss
2415 http cache https://registry.npmjs.org/env-paths 10ms (cache hit)
2416 silly packumentCache full:https://registry.npmjs.org/env-paths set size:26913 disposed:false
2417 http cache https://registry.npmjs.org/nopt 11ms (cache hit)
2418 silly packumentCache full:https://registry.npmjs.org/nopt set size:74173 disposed:false
2419 http cache https://registry.npmjs.org/undici 12ms (cache hit)
2420 silly packumentCache full:https://registry.npmjs.org/undici set size:1412963 disposed:false
2421 http cache https://registry.npmjs.org/exponential-backoff 21ms (cache hit)
2422 silly packumentCache full:https://registry.npmjs.org/exponential-backoff set size:55896 disposed:false
2423 silly placeDep ROOT @npmcli/fs@5.0.0 OK for: cacache@20.0.4 want: ^5.0.0
2424 silly placeDep node_modules/cacache lru-cache@11.4.0 OK for: cacache@20.0.4 want: ^11.1.0
2425 silly placeDep ROOT minipass-collect@2.0.1 OK for: cacache@20.0.4 want: ^2.0.1
2426 silly placeDep ROOT minipass-flush@1.0.7 OK for: cacache@20.0.4 want: ^1.0.5
2427 silly placeDep ROOT minipass-pipeline@1.2.4 OK for: cacache@20.0.4 want: ^1.2.4
2428 silly placeDep ROOT p-map@7.0.4 OK for: cacache@20.0.4 want: ^7.0.2
2429 silly fetch manifest minipass@^3.0.0
2430 silly packumentCache full:https://registry.npmjs.org/minipass cache-hit
2431 silly fetch manifest minipass@^3.0.0
2432 silly packumentCache full:https://registry.npmjs.org/minipass cache-hit
2433 silly placeDep ROOT minimatch@10.2.5 OK for: glob@13.0.6 want: ^10.2.2
2434 silly placeDep ROOT path-scurry@2.0.2 OK for: glob@13.0.6 want: ^2.0.2
2435 silly fetch manifest brace-expansion@^5.0.5
2436 silly packumentCache full:https://registry.npmjs.org/brace-expansion cache-miss
2437 silly fetch manifest lru-cache@^11.0.0
2438 silly packumentCache full:https://registry.npmjs.org/lru-cache cache-hit
2439 http cache https://registry.npmjs.org/brace-expansion 5ms (cache hit)
2440 silly packumentCache full:https://registry.npmjs.org/brace-expansion set size:70654 disposed:false
2441 silly placeDep ROOT brace-expansion@5.0.6 OK for: minimatch@10.2.5 want: ^5.0.5
2442 silly fetch manifest balanced-match@^4.0.2
2443 silly packumentCache full:https://registry.npmjs.org/balanced-match cache-miss
2444 http cache https://registry.npmjs.org/balanced-match 3ms (cache hit)
2445 silly packumentCache full:https://registry.npmjs.org/balanced-match set size:39082 disposed:false
2446 silly placeDep ROOT balanced-match@4.0.4 OK for: brace-expansion@5.0.6 want: ^4.0.2
2447 silly placeDep node_modules/minipass-flush minipass@3.3.6 OK for: minipass-flush@1.0.7 want: ^3.0.0
2448 silly fetch manifest yallist@^4.0.0
2449 silly packumentCache full:https://registry.npmjs.org/yallist cache-hit
2450 silly placeDep node_modules/minipass-pipeline minipass@3.3.6 OK for: minipass-pipeline@1.2.4 want: ^3.0.0
2451 silly placeDep ROOT env-paths@2.2.1 OK for: node-gyp@12.3.0 want: ^2.2.0
2452 silly placeDep ROOT exponential-backoff@3.1.3 OK for: node-gyp@12.3.0 want: ^3.1.1
2453 silly placeDep ROOT graceful-fs@4.2.11 OK for: node-gyp@12.3.0 want: ^4.2.6
2454 silly placeDep ROOT nopt@9.0.0 OK for: node-gyp@12.3.0 want: ^9.0.0
2455 silly placeDep node_modules/node-gyp undici@6.25.0 OK for: node-gyp@12.3.0 want: ^6.25.0
2456 silly placeDep node_modules/node-gyp which@6.0.1 OK for: node-gyp@12.3.0 want: ^6.0.0
2457 silly fetch manifest abbrev@^4.0.0
2458 silly packumentCache full:https://registry.npmjs.org/abbrev cache-miss
2459 http cache https://registry.npmjs.org/abbrev 8ms (cache hit)
2460 silly packumentCache full:https://registry.npmjs.org/abbrev set size:24244 disposed:false
2461 silly placeDep ROOT abbrev@4.0.0 OK for: nopt@9.0.0 want: ^4.0.0
2462 silly placeDep ROOT ignore-walk@8.0.0 OK for: npm-packlist@10.0.4 want: ^8.0.0
2463 silly placeDep ROOT npm-install-checks@8.0.0 OK for: npm-pick-manifest@11.0.3 want: ^8.0.0
2464 silly placeDep ROOT @npmcli/redact@4.0.0 OK for: npm-registry-fetch@19.1.1 want: ^4.0.0
2465 silly placeDep ROOT jsonparse@1.3.1 OK for: npm-registry-fetch@19.1.1 want: ^1.3.1
2466 silly placeDep ROOT make-fetch-happen@15.0.5 OK for: npm-registry-fetch@19.1.1 want: ^15.0.0
2467 silly placeDep ROOT minipass-fetch@5.0.2 OK for: npm-registry-fetch@19.1.1 want: ^5.0.0
2468 silly placeDep ROOT minizlib@3.1.0 OK for: npm-registry-fetch@19.1.1 want: ^3.0.1
2469 silly fetch manifest @npmcli/agent@^4.0.0
2470 silly packumentCache full:https://registry.npmjs.org/@npmcli%2fagent cache-miss
2471 silly fetch manifest http-cache-semantics@^4.1.1
2472 silly packumentCache full:https://registry.npmjs.org/http-cache-semantics cache-miss
2473 silly fetch manifest minipass-sized@^2.0.0
2474 silly packumentCache full:https://registry.npmjs.org/minipass-sized cache-miss
2475 http cache https://registry.npmjs.org/@npmcli%2fagent 6ms (cache hit)
2476 silly packumentCache full:https://registry.npmjs.org/@npmcli%2fagent set size:30932 disposed:false
2477 http cache https://registry.npmjs.org/http-cache-semantics 7ms (cache hit)
2478 silly packumentCache full:https://registry.npmjs.org/http-cache-semantics set size:66288 disposed:false
2479 http cache https://registry.npmjs.org/minipass-sized 10ms (cache hit)
2480 silly packumentCache full:https://registry.npmjs.org/minipass-sized set size:14420 disposed:false
2481 silly placeDep ROOT @npmcli/agent@4.0.0 OK for: make-fetch-happen@15.0.5 want: ^4.0.0
2482 silly placeDep ROOT http-cache-semantics@4.2.0 OK for: make-fetch-happen@15.0.5 want: ^4.1.1
2483 silly fetch manifest socks-proxy-agent@^8.0.3
2484 silly packumentCache full:https://registry.npmjs.org/socks-proxy-agent cache-miss
2485 http cache https://registry.npmjs.org/socks-proxy-agent 5ms (cache hit)
2486 silly packumentCache full:https://registry.npmjs.org/socks-proxy-agent set size:104740 disposed:false
2487 silly placeDep node_modules/@npmcli/agent lru-cache@11.4.0 OK for: @npmcli/agent@4.0.0 want: ^11.2.1
2488 silly placeDep ROOT socks-proxy-agent@8.0.5 OK for: @npmcli/agent@4.0.0 want: ^8.0.3
2489 silly fetch manifest socks@^2.8.3
2490 silly packumentCache full:https://registry.npmjs.org/socks cache-miss
2491 http cache https://registry.npmjs.org/socks 4ms (cache hit)
2492 silly packumentCache full:https://registry.npmjs.org/socks set size:173143 disposed:false
2493 silly placeDep ROOT minipass-sized@2.0.0 OK for: minipass-fetch@5.0.2 want: ^2.0.0
2494 silly placeDep node_modules/parse5 entities@8.0.0 OK for: parse5@8.0.1 want: ^8.0.0
2495 silly placeDep node_modules/parse5-html-rewriting-stream entities@6.0.1 OK for: parse5-html-rewriting-stream@8.0.0 want: ^6.0.0
2496 silly placeDep ROOT parse5-sax-parser@8.0.0 OK for: parse5-html-rewriting-stream@8.0.0 want: ^8.0.0
2497 silly placeDep node_modules/path-scurry lru-cache@11.4.0 OK for: path-scurry@2.0.2 want: ^11.0.0
2498 silly placeDep ROOT @napi-rs/nice@1.1.1 OK for: piscina@5.1.4 want: ^1.0.4
2499 silly fetch manifest @napi-rs/nice-darwin-x64@1.1.1
2500 silly packumentCache full:https://registry.npmjs.org/@napi-rs%2fnice-darwin-x64 cache-miss
2501 silly fetch manifest @napi-rs/nice-darwin-arm64@1.1.1
2502 silly packumentCache full:https://registry.npmjs.org/@napi-rs%2fnice-darwin-arm64 cache-miss
2503 silly fetch manifest @napi-rs/nice-linux-x64-gnu@1.1.1
2504 silly packumentCache full:https://registry.npmjs.org/@napi-rs%2fnice-linux-x64-gnu cache-miss
2505 silly fetch manifest @napi-rs/nice-win32-x64-msvc@1.1.1
2506 silly packumentCache full:https://registry.npmjs.org/@napi-rs%2fnice-win32-x64-msvc cache-miss
2507 silly fetch manifest @napi-rs/nice-linux-x64-musl@1.1.1
2508 silly packumentCache full:https://registry.npmjs.org/@napi-rs%2fnice-linux-x64-musl cache-miss
2509 silly fetch manifest @napi-rs/nice-linux-arm64-gnu@1.1.1
2510 silly packumentCache full:https://registry.npmjs.org/@napi-rs%2fnice-linux-arm64-gnu cache-miss
2511 silly fetch manifest @napi-rs/nice-win32-ia32-msvc@1.1.1
2512 silly packumentCache full:https://registry.npmjs.org/@napi-rs%2fnice-win32-ia32-msvc cache-miss
2513 silly fetch manifest @napi-rs/nice-linux-arm-gnueabihf@1.1.1
2514 silly packumentCache full:https://registry.npmjs.org/@napi-rs%2fnice-linux-arm-gnueabihf cache-miss
2515 silly fetch manifest @napi-rs/nice-android-arm64@1.1.1
2516 silly packumentCache full:https://registry.npmjs.org/@napi-rs%2fnice-android-arm64 cache-miss
2517 silly fetch manifest @napi-rs/nice-freebsd-x64@1.1.1
2518 silly packumentCache full:https://registry.npmjs.org/@napi-rs%2fnice-freebsd-x64 cache-miss
2519 silly fetch manifest @napi-rs/nice-linux-arm64-musl@1.1.1
2520 silly packumentCache full:https://registry.npmjs.org/@napi-rs%2fnice-linux-arm64-musl cache-miss
2521 http fetch GET 200 https://registry.npmjs.org/@napi-rs%2fnice-linux-arm64-gnu 111ms (cache miss)
2522 silly packumentCache full:https://registry.npmjs.org/@napi-rs%2fnice-linux-arm64-gnu set size:undefined disposed:false
2523 silly fetch manifest @napi-rs/nice-android-arm-eabi@1.1.1
2524 silly packumentCache full:https://registry.npmjs.org/@napi-rs%2fnice-android-arm-eabi cache-miss
2525 http fetch GET 200 https://registry.npmjs.org/@napi-rs%2fnice-linux-x64-gnu 119ms (cache miss)
2526 silly packumentCache full:https://registry.npmjs.org/@napi-rs%2fnice-linux-x64-gnu set size:undefined disposed:false
2527 silly fetch manifest @napi-rs/nice-win32-arm64-msvc@1.1.1
2528 silly packumentCache full:https://registry.npmjs.org/@napi-rs%2fnice-win32-arm64-msvc cache-miss
2529 http fetch GET 200 https://registry.npmjs.org/@napi-rs%2fnice-darwin-arm64 130ms (cache miss)
2530 silly packumentCache full:https://registry.npmjs.org/@napi-rs%2fnice-darwin-arm64 set size:undefined disposed:false
2531 silly fetch manifest @napi-rs/nice-linux-ppc64-gnu@1.1.1
2532 silly packumentCache full:https://registry.npmjs.org/@napi-rs%2fnice-linux-ppc64-gnu cache-miss
2533 http fetch GET 200 https://registry.npmjs.org/@napi-rs%2fnice-win32-ia32-msvc 132ms (cache miss)
2534 silly packumentCache full:https://registry.npmjs.org/@napi-rs%2fnice-win32-ia32-msvc set size:undefined disposed:false
2535 silly fetch manifest @napi-rs/nice-linux-s390x-gnu@1.1.1
2536 silly packumentCache full:https://registry.npmjs.org/@napi-rs%2fnice-linux-s390x-gnu cache-miss
2537 http fetch GET 200 https://registry.npmjs.org/@napi-rs%2fnice-darwin-x64 137ms (cache miss)
2538 silly packumentCache full:https://registry.npmjs.org/@napi-rs%2fnice-darwin-x64 set size:undefined disposed:false
2539 silly fetch manifest @napi-rs/nice-linux-riscv64-gnu@1.1.1
2540 silly packumentCache full:https://registry.npmjs.org/@napi-rs%2fnice-linux-riscv64-gnu cache-miss
2541 http fetch GET 200 https://registry.npmjs.org/@napi-rs%2fnice-freebsd-x64 145ms (cache miss)
2542 silly packumentCache full:https://registry.npmjs.org/@napi-rs%2fnice-freebsd-x64 set size:undefined disposed:false
2543 silly fetch manifest @napi-rs/nice-openharmony-arm64@1.1.1
2544 silly packumentCache full:https://registry.npmjs.org/@napi-rs%2fnice-openharmony-arm64 cache-miss
2545 http fetch GET 200 https://registry.npmjs.org/@napi-rs%2fnice-linux-arm-gnueabihf 146ms (cache miss)
2546 silly packumentCache full:https://registry.npmjs.org/@napi-rs%2fnice-linux-arm-gnueabihf set size:undefined disposed:false
2547 http fetch GET 200 https://registry.npmjs.org/@napi-rs%2fnice-linux-arm64-musl 158ms (cache miss)
2548 silly packumentCache full:https://registry.npmjs.org/@napi-rs%2fnice-linux-arm64-musl set size:undefined disposed:false
2549 http fetch GET 200 https://registry.npmjs.org/@napi-rs%2fnice-android-arm-eabi 124ms (cache miss)
2550 silly packumentCache full:https://registry.npmjs.org/@napi-rs%2fnice-android-arm-eabi set size:undefined disposed:false
2551 http fetch GET 200 https://registry.npmjs.org/@napi-rs%2fnice-linux-x64-musl 237ms (cache miss)
2552 silly packumentCache full:https://registry.npmjs.org/@napi-rs%2fnice-linux-x64-musl set size:undefined disposed:false
2553 http fetch GET 200 https://registry.npmjs.org/@napi-rs%2fnice-win32-arm64-msvc 123ms (cache miss)
2554 silly packumentCache full:https://registry.npmjs.org/@napi-rs%2fnice-win32-arm64-msvc set size:undefined disposed:false
2555 http fetch GET 200 https://registry.npmjs.org/@napi-rs%2fnice-openharmony-arm64 99ms (cache miss)
2556 silly packumentCache full:https://registry.npmjs.org/@napi-rs%2fnice-openharmony-arm64 set size:undefined disposed:false
2557 http fetch GET 200 https://registry.npmjs.org/@napi-rs%2fnice-linux-riscv64-gnu 110ms (cache miss)
2558 silly packumentCache full:https://registry.npmjs.org/@napi-rs%2fnice-linux-riscv64-gnu set size:undefined disposed:false
2559 http fetch GET 200 https://registry.npmjs.org/@napi-rs%2fnice-linux-ppc64-gnu 137ms (cache miss)
2560 silly packumentCache full:https://registry.npmjs.org/@napi-rs%2fnice-linux-ppc64-gnu set size:undefined disposed:false
2561 http fetch GET 200 https://registry.npmjs.org/@napi-rs%2fnice-linux-s390x-gnu 139ms (cache miss)
2562 silly packumentCache full:https://registry.npmjs.org/@napi-rs%2fnice-linux-s390x-gnu set size:undefined disposed:false
2563 http fetch GET 200 https://registry.npmjs.org/@napi-rs%2fnice-win32-x64-msvc 282ms (cache miss)
2564 silly packumentCache full:https://registry.npmjs.org/@napi-rs%2fnice-win32-x64-msvc set size:undefined disposed:false
2565 http fetch GET 200 https://registry.npmjs.org/@napi-rs%2fnice-android-arm64 317ms (cache miss)
2566 silly packumentCache full:https://registry.npmjs.org/@napi-rs%2fnice-android-arm64 set size:undefined disposed:false
2567 silly placeDep ROOT @napi-rs/nice-android-arm-eabi@1.1.1 OK for: @napi-rs/nice@1.1.1 want: 1.1.1
2568 silly placeDep ROOT @napi-rs/nice-android-arm64@1.1.1 OK for: @napi-rs/nice@1.1.1 want: 1.1.1
2569 silly placeDep ROOT @napi-rs/nice-darwin-arm64@1.1.1 OK for: @napi-rs/nice@1.1.1 want: 1.1.1
2570 silly placeDep ROOT @napi-rs/nice-darwin-x64@1.1.1 OK for: @napi-rs/nice@1.1.1 want: 1.1.1
2571 silly placeDep ROOT @napi-rs/nice-freebsd-x64@1.1.1 OK for: @napi-rs/nice@1.1.1 want: 1.1.1
2572 silly placeDep ROOT @napi-rs/nice-linux-arm-gnueabihf@1.1.1 OK for: @napi-rs/nice@1.1.1 want: 1.1.1
2573 silly placeDep ROOT @napi-rs/nice-linux-arm64-gnu@1.1.1 OK for: @napi-rs/nice@1.1.1 want: 1.1.1
2574 silly placeDep ROOT @napi-rs/nice-linux-arm64-musl@1.1.1 OK for: @napi-rs/nice@1.1.1 want: 1.1.1
2575 silly placeDep ROOT @napi-rs/nice-linux-ppc64-gnu@1.1.1 OK for: @napi-rs/nice@1.1.1 want: 1.1.1
2576 silly placeDep ROOT @napi-rs/nice-linux-riscv64-gnu@1.1.1 OK for: @napi-rs/nice@1.1.1 want: 1.1.1
2577 silly placeDep ROOT @napi-rs/nice-linux-s390x-gnu@1.1.1 OK for: @napi-rs/nice@1.1.1 want: 1.1.1
2578 silly placeDep ROOT @napi-rs/nice-linux-x64-gnu@1.1.1 OK for: @napi-rs/nice@1.1.1 want: 1.1.1
2579 silly placeDep ROOT @napi-rs/nice-linux-x64-musl@1.1.1 OK for: @napi-rs/nice@1.1.1 want: 1.1.1
2580 silly placeDep ROOT @napi-rs/nice-openharmony-arm64@1.1.1 OK for: @napi-rs/nice@1.1.1 want: 1.1.1
2581 silly placeDep ROOT @napi-rs/nice-win32-arm64-msvc@1.1.1 OK for: @napi-rs/nice@1.1.1 want: 1.1.1
2582 silly placeDep ROOT @napi-rs/nice-win32-ia32-msvc@1.1.1 OK for: @napi-rs/nice@1.1.1 want: 1.1.1
2583 silly placeDep ROOT @napi-rs/nice-win32-x64-msvc@1.1.1 OK for: @napi-rs/nice@1.1.1 want: 1.1.1
2584 silly placeDep ROOT nanoid@3.3.12 OK for: postcss@8.5.14 want: ^3.3.11
2585 silly placeDep ROOT err-code@2.0.3 OK for: promise-retry@2.0.1 want: ^2.0.2
2586 silly placeDep ROOT retry@0.12.0 OK for: promise-retry@2.0.1 want: ^0.12.0
2587 silly placeDep ROOT forwarded@0.2.0 OK for: proxy-addr@2.0.7 want: 0.2.0
2588 silly placeDep ROOT ipaddr.js@1.9.1 OK for: proxy-addr@2.0.7 want: 1.9.1
2589 silly placeDep ROOT side-channel@1.1.0 OK for: qs@6.15.2 want: ^1.1.0
2590 silly fetch manifest es-errors@^1.3.0
2591 silly packumentCache full:https://registry.npmjs.org/es-errors cache-miss
2592 silly fetch manifest object-inspect@^1.13.3
2593 silly packumentCache full:https://registry.npmjs.org/object-inspect cache-miss
2594 silly fetch manifest side-channel-list@^1.0.0
2595 silly packumentCache full:https://registry.npmjs.org/side-channel-list cache-miss
2596 silly fetch manifest side-channel-map@^1.0.1
2597 silly packumentCache full:https://registry.npmjs.org/side-channel-map cache-miss
2598 silly fetch manifest side-channel-weakmap@^1.0.2
2599 silly packumentCache full:https://registry.npmjs.org/side-channel-weakmap cache-miss
2600 http cache https://registry.npmjs.org/es-errors 12ms (cache hit)
2601 silly packumentCache full:https://registry.npmjs.org/es-errors set size:16918 disposed:false
2602 http cache https://registry.npmjs.org/side-channel-map 12ms (cache hit)
2603 silly packumentCache full:https://registry.npmjs.org/side-channel-map set size:9126 disposed:false
2604 http cache https://registry.npmjs.org/object-inspect 12ms (cache hit)
2605 silly packumentCache full:https://registry.npmjs.org/object-inspect set size:101912 disposed:false
2606 http cache https://registry.npmjs.org/side-channel-list 14ms (cache hit)
2607 silly packumentCache full:https://registry.npmjs.org/side-channel-list set size:9021 disposed:false
2608 http cache https://registry.npmjs.org/side-channel-weakmap 15ms (cache hit)
2609 silly packumentCache full:https://registry.npmjs.org/side-channel-weakmap set size:12620 disposed:false
2610 silly placeDep ROOT unpipe@1.0.0 OK for: raw-body@3.0.2 want: ~1.0.0
2611 silly placeDep ROOT onetime@7.0.0 OK for: restore-cursor@5.1.0 want: ^7.0.0
2612 silly fetch manifest mimic-function@^5.0.0
2613 silly packumentCache full:https://registry.npmjs.org/mimic-function cache-miss
2614 http cache https://registry.npmjs.org/mimic-function 4ms (cache hit)
2615 silly packumentCache full:https://registry.npmjs.org/mimic-function set size:6356 disposed:false
2616 silly placeDep ROOT mimic-function@5.0.1 OK for: onetime@7.0.0 want: ^5.0.0
2617 silly placeDep ROOT @oxc-project/types@0.113.0 OK for: rolldown@1.0.0-rc.4 want: =0.113.0
2618 silly placeDep ROOT @rolldown/binding-android-arm64@1.0.0-rc.4 OK for: rolldown@1.0.0-rc.4 want: 1.0.0-rc.4
2619 silly placeDep ROOT @rolldown/binding-darwin-arm64@1.0.0-rc.4 OK for: rolldown@1.0.0-rc.4 want: 1.0.0-rc.4
2620 silly placeDep ROOT @rolldown/binding-darwin-x64@1.0.0-rc.4 OK for: rolldown@1.0.0-rc.4 want: 1.0.0-rc.4
2621 silly placeDep ROOT @rolldown/binding-freebsd-x64@1.0.0-rc.4 OK for: rolldown@1.0.0-rc.4 want: 1.0.0-rc.4
2622 silly placeDep ROOT @rolldown/binding-linux-arm-gnueabihf@1.0.0-rc.4 OK for: rolldown@1.0.0-rc.4 want: 1.0.0-rc.4
2623 silly placeDep ROOT @rolldown/binding-linux-arm64-gnu@1.0.0-rc.4 OK for: rolldown@1.0.0-rc.4 want: 1.0.0-rc.4
2624 silly placeDep ROOT @rolldown/binding-linux-arm64-musl@1.0.0-rc.4 OK for: rolldown@1.0.0-rc.4 want: 1.0.0-rc.4
2625 silly placeDep ROOT @rolldown/binding-linux-x64-gnu@1.0.0-rc.4 OK for: rolldown@1.0.0-rc.4 want: 1.0.0-rc.4
2626 silly placeDep ROOT @rolldown/binding-linux-x64-musl@1.0.0-rc.4 OK for: rolldown@1.0.0-rc.4 want: 1.0.0-rc.4
2627 silly placeDep ROOT @rolldown/binding-openharmony-arm64@1.0.0-rc.4 OK for: rolldown@1.0.0-rc.4 want: 1.0.0-rc.4
2628 silly placeDep ROOT @rolldown/binding-wasm32-wasi@1.0.0-rc.4 OK for: rolldown@1.0.0-rc.4 want: 1.0.0-rc.4
2629 silly placeDep ROOT @rolldown/binding-win32-arm64-msvc@1.0.0-rc.4 OK for: rolldown@1.0.0-rc.4 want: 1.0.0-rc.4
2630 silly placeDep ROOT @rolldown/binding-win32-x64-msvc@1.0.0-rc.4 OK for: rolldown@1.0.0-rc.4 want: 1.0.0-rc.4
2631 silly placeDep ROOT @rolldown/pluginutils@1.0.0-rc.4 OK for: rolldown@1.0.0-rc.4 want: 1.0.0-rc.4
2632 silly fetch manifest @napi-rs/wasm-runtime@^1.1.1
2633 silly packumentCache full:https://registry.npmjs.org/@napi-rs%2fwasm-runtime cache-miss
2634 http fetch GET 200 https://registry.npmjs.org/@napi-rs%2fwasm-runtime 117ms (cache miss)
2635 silly packumentCache full:https://registry.npmjs.org/@napi-rs%2fwasm-runtime set size:undefined disposed:false
2636 silly fetch manifest @emnapi/core@^1.7.1
2637 silly packumentCache full:https://registry.npmjs.org/@emnapi%2fcore cache-miss
2638 http fetch GET 200 https://registry.npmjs.org/@emnapi%2fcore 186ms (cache miss)
2639 silly packumentCache full:https://registry.npmjs.org/@emnapi%2fcore set size:undefined disposed:false
2640 silly fetch manifest @emnapi/runtime@^1.7.1
2641 silly packumentCache full:https://registry.npmjs.org/@emnapi%2fruntime cache-miss
2642 http fetch GET 200 https://registry.npmjs.org/@emnapi%2fruntime 396ms (cache miss)
2643 silly packumentCache full:https://registry.npmjs.org/@emnapi%2fruntime set size:undefined disposed:false
2644 silly placeDep ROOT @napi-rs/wasm-runtime@1.1.4 OK for: @rolldown/binding-wasm32-wasi@1.0.0-rc.4 want: ^1.1.1
2645 silly placeDep ROOT @emnapi/core@1.10.0 OK for: @napi-rs/wasm-runtime@1.1.4 want: ^1.7.1
2646 silly placeDep ROOT @emnapi/runtime@1.10.0 OK for: @napi-rs/wasm-runtime@1.1.4 want: ^1.7.1
2647 silly fetch manifest @tybys/wasm-util@^0.10.1
2648 silly packumentCache full:https://registry.npmjs.org/@tybys%2fwasm-util cache-miss
2649 silly fetch manifest @emnapi/wasi-threads@1.2.1
2650 silly packumentCache full:https://registry.npmjs.org/@emnapi%2fwasi-threads cache-miss
2651 http fetch GET 200 https://registry.npmjs.org/@emnapi%2fwasi-threads 142ms (cache miss)
2652 silly packumentCache full:https://registry.npmjs.org/@emnapi%2fwasi-threads set size:undefined disposed:false
2653 http fetch GET 200 https://registry.npmjs.org/@tybys%2fwasm-util 149ms (cache miss)
2654 silly packumentCache full:https://registry.npmjs.org/@tybys%2fwasm-util set size:undefined disposed:false
2655 silly placeDep ROOT @emnapi/wasi-threads@1.2.1 OK for: @emnapi/core@1.10.0 want: 1.2.1
2656 silly placeDep ROOT @tybys/wasm-util@0.10.2 OK for: @napi-rs/wasm-runtime@1.1.4 want: ^0.10.1
2657 silly placeDep ROOT is-promise@4.0.0 OK for: router@2.2.0 want: ^4.0.0
2658 silly placeDep ROOT path-to-regexp@8.4.2 OK for: router@2.2.0 want: ^8.0.0
2659 silly placeDep ROOT @parcel/watcher@2.5.6 OK for: sass@1.97.3 want: ^2.4.1
2660 silly placeDep node_modules/sass chokidar@4.0.3 OK for: sass@1.97.3 want: ^4.0.0
2661 silly placeDep ROOT immutable@5.1.5 OK for: sass@1.97.3 want: ^5.0.2
2662 silly fetch manifest is-glob@^4.0.3
2663 silly packumentCache full:https://registry.npmjs.org/is-glob cache-miss
2664 silly fetch manifest node-addon-api@^7.0.0
2665 silly packumentCache full:https://registry.npmjs.org/node-addon-api cache-miss
2666 silly fetch manifest @parcel/watcher-darwin-x64@2.5.6
2667 silly packumentCache full:https://registry.npmjs.org/@parcel%2fwatcher-darwin-x64 cache-miss
2668 silly fetch manifest @parcel/watcher-darwin-arm64@2.5.6
2669 silly packumentCache full:https://registry.npmjs.org/@parcel%2fwatcher-darwin-arm64 cache-miss
2670 silly fetch manifest @parcel/watcher-win32-x64@2.5.6
2671 silly packumentCache full:https://registry.npmjs.org/@parcel%2fwatcher-win32-x64 cache-miss
2672 silly fetch manifest @parcel/watcher-win32-arm64@2.5.6
2673 silly packumentCache full:https://registry.npmjs.org/@parcel%2fwatcher-win32-arm64 cache-miss
2674 silly fetch manifest @parcel/watcher-win32-ia32@2.5.6
2675 silly packumentCache full:https://registry.npmjs.org/@parcel%2fwatcher-win32-ia32 cache-miss
2676 silly fetch manifest @parcel/watcher-linux-x64-glibc@2.5.6
2677 silly packumentCache full:https://registry.npmjs.org/@parcel%2fwatcher-linux-x64-glibc cache-miss
2678 silly fetch manifest @parcel/watcher-linux-x64-musl@2.5.6
2679 silly packumentCache full:https://registry.npmjs.org/@parcel%2fwatcher-linux-x64-musl cache-miss
2680 silly fetch manifest @parcel/watcher-linux-arm64-glibc@2.5.6
2681 silly packumentCache full:https://registry.npmjs.org/@parcel%2fwatcher-linux-arm64-glibc cache-miss
2682 silly fetch manifest @parcel/watcher-linux-arm64-musl@2.5.6
2683 silly packumentCache full:https://registry.npmjs.org/@parcel%2fwatcher-linux-arm64-musl cache-miss
2684 http cache https://registry.npmjs.org/node-addon-api 17ms (cache hit)
2685 silly packumentCache full:https://registry.npmjs.org/node-addon-api set size:347062 disposed:false
2686 silly fetch manifest @parcel/watcher-linux-arm-glibc@2.5.6
2687 silly packumentCache full:https://registry.npmjs.org/@parcel%2fwatcher-linux-arm-glibc cache-miss
2688 http fetch GET 200 https://registry.npmjs.org/@parcel%2fwatcher-darwin-x64 120ms (cache miss)
2689 silly packumentCache full:https://registry.npmjs.org/@parcel%2fwatcher-darwin-x64 set size:undefined disposed:false
2690 silly fetch manifest @parcel/watcher-linux-arm-musl@2.5.6
2691 silly packumentCache full:https://registry.npmjs.org/@parcel%2fwatcher-linux-arm-musl cache-miss
2692 http fetch GET 200 https://registry.npmjs.org/is-glob 126ms (cache miss)
2693 silly packumentCache full:https://registry.npmjs.org/is-glob set size:undefined disposed:false
2694 silly fetch manifest @parcel/watcher-android-arm64@2.5.6
2695 silly packumentCache full:https://registry.npmjs.org/@parcel%2fwatcher-android-arm64 cache-miss
2696 http fetch GET 200 https://registry.npmjs.org/@parcel%2fwatcher-darwin-arm64 129ms (cache miss)
2697 silly packumentCache full:https://registry.npmjs.org/@parcel%2fwatcher-darwin-arm64 set size:undefined disposed:false
2698 silly fetch manifest @parcel/watcher-freebsd-x64@2.5.6
2699 silly packumentCache full:https://registry.npmjs.org/@parcel%2fwatcher-freebsd-x64 cache-miss
2700 http fetch GET 200 https://registry.npmjs.org/@parcel%2fwatcher-linux-x64-glibc 134ms (cache miss)
2701 silly packumentCache full:https://registry.npmjs.org/@parcel%2fwatcher-linux-x64-glibc set size:undefined disposed:false
2702 silly fetch manifest readdirp@^4.0.1
2703 silly packumentCache full:https://registry.npmjs.org/readdirp cache-miss
2704 http fetch GET 200 https://registry.npmjs.org/@parcel%2fwatcher-linux-arm-glibc 115ms (cache miss)
2705 silly packumentCache full:https://registry.npmjs.org/@parcel%2fwatcher-linux-arm-glibc set size:undefined disposed:false
2706 http fetch GET 200 https://registry.npmjs.org/@parcel%2fwatcher-win32-arm64 138ms (cache miss)
2707 silly packumentCache full:https://registry.npmjs.org/@parcel%2fwatcher-win32-arm64 set size:undefined disposed:false
2708 http cache https://registry.npmjs.org/readdirp 10ms (cache hit)
2709 silly packumentCache full:https://registry.npmjs.org/readdirp set size:107589 disposed:false
2710 http fetch GET 200 https://registry.npmjs.org/@parcel%2fwatcher-linux-x64-musl 149ms (cache miss)
2711 silly packumentCache full:https://registry.npmjs.org/@parcel%2fwatcher-linux-x64-musl set size:undefined disposed:false
2712 http fetch GET 200 https://registry.npmjs.org/@parcel%2fwatcher-win32-x64 151ms (cache miss)
2713 silly packumentCache full:https://registry.npmjs.org/@parcel%2fwatcher-win32-x64 set size:undefined disposed:false
2714 http fetch GET 200 https://registry.npmjs.org/@parcel%2fwatcher-linux-arm64-musl 189ms (cache miss)
2715 silly packumentCache full:https://registry.npmjs.org/@parcel%2fwatcher-linux-arm64-musl set size:undefined disposed:false
2716 http fetch GET 200 https://registry.npmjs.org/@parcel%2fwatcher-linux-arm-musl 107ms (cache miss)
2717 silly packumentCache full:https://registry.npmjs.org/@parcel%2fwatcher-linux-arm-musl set size:undefined disposed:false
2718 http fetch GET 200 https://registry.npmjs.org/@parcel%2fwatcher-android-arm64 133ms (cache miss)
2719 silly packumentCache full:https://registry.npmjs.org/@parcel%2fwatcher-android-arm64 set size:undefined disposed:false
2720 http fetch GET 200 https://registry.npmjs.org/@parcel%2fwatcher-freebsd-x64 136ms (cache miss)
2721 silly packumentCache full:https://registry.npmjs.org/@parcel%2fwatcher-freebsd-x64 set size:undefined disposed:false
2722 http fetch GET 200 https://registry.npmjs.org/@parcel%2fwatcher-win32-ia32 338ms (cache miss)
2723 silly packumentCache full:https://registry.npmjs.org/@parcel%2fwatcher-win32-ia32 set size:undefined disposed:false
2724 http fetch GET 200 https://registry.npmjs.org/@parcel%2fwatcher-linux-arm64-glibc 437ms (cache miss)
2725 silly packumentCache full:https://registry.npmjs.org/@parcel%2fwatcher-linux-arm64-glibc set size:undefined disposed:false
2726 silly placeDep ROOT @parcel/watcher-android-arm64@2.5.6 OK for: @parcel/watcher@2.5.6 want: 2.5.6
2727 silly placeDep ROOT @parcel/watcher-darwin-arm64@2.5.6 OK for: @parcel/watcher@2.5.6 want: 2.5.6
2728 silly placeDep ROOT @parcel/watcher-darwin-x64@2.5.6 OK for: @parcel/watcher@2.5.6 want: 2.5.6
2729 silly placeDep ROOT @parcel/watcher-freebsd-x64@2.5.6 OK for: @parcel/watcher@2.5.6 want: 2.5.6
2730 silly placeDep ROOT @parcel/watcher-linux-arm-glibc@2.5.6 OK for: @parcel/watcher@2.5.6 want: 2.5.6
2731 silly placeDep ROOT @parcel/watcher-linux-arm-musl@2.5.6 OK for: @parcel/watcher@2.5.6 want: 2.5.6
2732 silly placeDep ROOT @parcel/watcher-linux-arm64-glibc@2.5.6 OK for: @parcel/watcher@2.5.6 want: 2.5.6
2733 silly placeDep ROOT @parcel/watcher-linux-arm64-musl@2.5.6 OK for: @parcel/watcher@2.5.6 want: 2.5.6
2734 silly placeDep ROOT @parcel/watcher-linux-x64-glibc@2.5.6 OK for: @parcel/watcher@2.5.6 want: 2.5.6
2735 silly placeDep ROOT @parcel/watcher-linux-x64-musl@2.5.6 OK for: @parcel/watcher@2.5.6 want: 2.5.6
2736 silly placeDep ROOT @parcel/watcher-win32-arm64@2.5.6 OK for: @parcel/watcher@2.5.6 want: 2.5.6
2737 silly placeDep ROOT @parcel/watcher-win32-ia32@2.5.6 OK for: @parcel/watcher@2.5.6 want: 2.5.6
2738 silly placeDep ROOT @parcel/watcher-win32-x64@2.5.6 OK for: @parcel/watcher@2.5.6 want: 2.5.6
2739 silly placeDep ROOT is-glob@4.0.3 OK for: @parcel/watcher@2.5.6 want: ^4.0.3
2740 silly placeDep node_modules/@parcel/watcher node-addon-api@7.1.1 OK for: @parcel/watcher@2.5.6 want: ^7.0.0
2741 silly fetch manifest is-extglob@^2.1.1
2742 silly packumentCache full:https://registry.npmjs.org/is-extglob cache-miss
2743 http fetch GET 200 https://registry.npmjs.org/is-extglob 108ms (cache miss)
2744 silly packumentCache full:https://registry.npmjs.org/is-extglob set size:undefined disposed:false
2745 silly placeDep ROOT is-extglob@2.1.1 OK for: is-glob@4.0.3 want: ^2.1.1
2746 silly placeDep ROOT xmlchars@2.2.0 OK for: saxes@6.0.0 want: ^2.2.0
2747 silly placeDep ROOT shebang-regex@3.0.0 OK for: shebang-command@2.0.0 want: ^3.0.0
2748 silly placeDep ROOT es-errors@1.3.0 OK for: side-channel@1.1.0 want: ^1.3.0
2749 silly placeDep ROOT object-inspect@1.13.4 OK for: side-channel@1.1.0 want: ^1.13.3
2750 silly placeDep ROOT side-channel-list@1.0.1 OK for: side-channel@1.1.0 want: ^1.0.0
2751 silly placeDep ROOT side-channel-map@1.0.1 OK for: side-channel@1.1.0 want: ^1.0.1
2752 silly placeDep ROOT side-channel-weakmap@1.0.2 OK for: side-channel@1.1.0 want: ^1.0.2
2753 silly fetch manifest call-bound@^1.0.2
2754 silly packumentCache full:https://registry.npmjs.org/call-bound cache-miss
2755 silly fetch manifest get-intrinsic@^1.2.5
2756 silly packumentCache full:https://registry.npmjs.org/get-intrinsic cache-miss
2757 silly fetch manifest call-bound@^1.0.2
2758 silly packumentCache full:https://registry.npmjs.org/call-bound cache-miss
2759 silly fetch manifest get-intrinsic@^1.2.5
2760 silly packumentCache full:https://registry.npmjs.org/get-intrinsic cache-miss
2761 http cache https://registry.npmjs.org/get-intrinsic 53ms (cache hit)
2762 silly packumentCache full:https://registry.npmjs.org/get-intrinsic set size:60985 disposed:false
2763 http cache https://registry.npmjs.org/call-bound 56ms (cache hit)
2764 silly packumentCache full:https://registry.npmjs.org/call-bound set size:15317 disposed:false
2765 http cache https://registry.npmjs.org/get-intrinsic 57ms (cache hit)
2766 silly packumentCache full:https://registry.npmjs.org/get-intrinsic set size:60985 disposed:false
2767 silly packumentCache full:https://registry.npmjs.org/get-intrinsic dispose
2768 http cache https://registry.npmjs.org/call-bound 58ms (cache hit)
2769 silly packumentCache full:https://registry.npmjs.org/call-bound set size:15317 disposed:false
2770 silly packumentCache full:https://registry.npmjs.org/call-bound dispose
2771 silly placeDep ROOT call-bound@1.0.4 OK for: side-channel-map@1.0.1 want: ^1.0.2
2772 silly placeDep ROOT get-intrinsic@1.3.0 OK for: side-channel-map@1.0.1 want: ^1.2.5
2773 silly fetch manifest call-bind-apply-helpers@^1.0.2
2774 silly packumentCache full:https://registry.npmjs.org/call-bind-apply-helpers cache-miss
2775 silly fetch manifest get-intrinsic@^1.3.0
2776 silly packumentCache full:https://registry.npmjs.org/get-intrinsic cache-hit
2777 silly fetch manifest gopd@^1.2.0
2778 silly packumentCache full:https://registry.npmjs.org/gopd cache-miss
2779 silly fetch manifest hasown@^2.0.2
2780 silly packumentCache full:https://registry.npmjs.org/hasown cache-miss
2781 silly fetch manifest get-proto@^1.0.1
2782 silly packumentCache full:https://registry.npmjs.org/get-proto cache-miss
2783 silly fetch manifest has-symbols@^1.1.0
2784 silly packumentCache full:https://registry.npmjs.org/has-symbols cache-miss
2785 silly fetch manifest function-bind@^1.1.2
2786 silly packumentCache full:https://registry.npmjs.org/function-bind cache-miss
2787 silly fetch manifest es-object-atoms@^1.1.1
2788 silly packumentCache full:https://registry.npmjs.org/es-object-atoms cache-miss
2789 silly fetch manifest math-intrinsics@^1.1.0
2790 silly packumentCache full:https://registry.npmjs.org/math-intrinsics cache-miss
2791 silly fetch manifest es-define-property@^1.0.1
2792 silly packumentCache full:https://registry.npmjs.org/es-define-property cache-miss
2793 silly fetch manifest call-bind-apply-helpers@^1.0.2
2794 silly packumentCache full:https://registry.npmjs.org/call-bind-apply-helpers cache-miss
2795 http cache https://registry.npmjs.org/function-bind 29ms (cache hit)
2796 silly packumentCache full:https://registry.npmjs.org/function-bind set size:15733 disposed:false
2797 http cache https://registry.npmjs.org/es-object-atoms 30ms (cache hit)
2798 silly packumentCache full:https://registry.npmjs.org/es-object-atoms set size:15304 disposed:false
2799 http cache https://registry.npmjs.org/call-bind-apply-helpers 33ms (cache hit)
2800 silly packumentCache full:https://registry.npmjs.org/call-bind-apply-helpers set size:12744 disposed:false
2801 http cache https://registry.npmjs.org/gopd 34ms (cache hit)
2802 silly packumentCache full:https://registry.npmjs.org/gopd set size:11458 disposed:false
2803 http cache https://registry.npmjs.org/get-proto 35ms (cache hit)
2804 silly packumentCache full:https://registry.npmjs.org/get-proto set size:8300 disposed:false
2805 http cache https://registry.npmjs.org/math-intrinsics 35ms (cache hit)
2806 silly packumentCache full:https://registry.npmjs.org/math-intrinsics set size:9265 disposed:false
2807 http cache https://registry.npmjs.org/hasown 36ms (cache hit)
2808 silly packumentCache full:https://registry.npmjs.org/hasown set size:15429 disposed:false
2809 http cache https://registry.npmjs.org/has-symbols 36ms (cache hit)
2810 silly packumentCache full:https://registry.npmjs.org/has-symbols set size:21550 disposed:false
2811 http cache https://registry.npmjs.org/es-define-property 38ms (cache hit)
2812 silly packumentCache full:https://registry.npmjs.org/es-define-property set size:8542 disposed:false
2813 http cache https://registry.npmjs.org/call-bind-apply-helpers 38ms (cache hit)
2814 silly packumentCache full:https://registry.npmjs.org/call-bind-apply-helpers set size:12744 disposed:false
2815 silly packumentCache full:https://registry.npmjs.org/call-bind-apply-helpers dispose
2816 silly placeDep ROOT call-bind-apply-helpers@1.0.2 OK for: call-bound@1.0.4 want: ^1.0.2
2817 silly placeDep ROOT function-bind@1.1.2 OK for: call-bind-apply-helpers@1.0.2 want: ^1.1.2
2818 silly placeDep ROOT es-define-property@1.0.1 OK for: get-intrinsic@1.3.0 want: ^1.0.1
2819 silly placeDep ROOT es-object-atoms@1.1.1 OK for: get-intrinsic@1.3.0 want: ^1.1.1
2820 silly placeDep ROOT get-proto@1.0.1 OK for: get-intrinsic@1.3.0 want: ^1.0.1
2821 silly placeDep ROOT gopd@1.2.0 OK for: get-intrinsic@1.3.0 want: ^1.2.0
2822 silly placeDep ROOT has-symbols@1.1.0 OK for: get-intrinsic@1.3.0 want: ^1.1.0
2823 silly placeDep ROOT hasown@2.0.3 OK for: get-intrinsic@1.3.0 want: ^2.0.2
2824 silly placeDep ROOT math-intrinsics@1.1.0 OK for: get-intrinsic@1.3.0 want: ^1.1.0
2825 silly fetch manifest dunder-proto@^1.0.1
2826 silly packumentCache full:https://registry.npmjs.org/dunder-proto cache-miss
2827 http cache https://registry.npmjs.org/dunder-proto 8ms (cache hit)
2828 silly packumentCache full:https://registry.npmjs.org/dunder-proto set size:8256 disposed:false
2829 silly placeDep ROOT dunder-proto@1.0.1 OK for: get-proto@1.0.1 want: ^1.0.1
2830 silly placeDep ROOT @sigstore/bundle@4.0.0 OK for: sigstore@4.1.0 want: ^4.0.0
2831 silly placeDep ROOT @sigstore/core@3.2.0 OK for: sigstore@4.1.0 want: ^3.1.0
2832 silly placeDep ROOT @sigstore/protobuf-specs@0.5.1 OK for: sigstore@4.1.0 want: ^0.5.0
2833 silly placeDep ROOT @sigstore/sign@4.1.1 OK for: sigstore@4.1.0 want: ^4.1.0
2834 silly placeDep ROOT @sigstore/tuf@4.0.2 OK for: sigstore@4.1.0 want: ^4.0.1
2835 silly placeDep ROOT @sigstore/verify@3.1.0 OK for: sigstore@4.1.0 want: ^3.1.0
2836 silly fetch manifest tuf-js@^4.1.0
2837 silly packumentCache full:https://registry.npmjs.org/tuf-js cache-miss
2838 http cache https://registry.npmjs.org/tuf-js 7ms (cache hit)
2839 silly packumentCache full:https://registry.npmjs.org/tuf-js set size:67490 disposed:false
2840 silly placeDep ROOT tuf-js@4.1.0 OK for: @sigstore/tuf@4.0.2 want: ^4.1.0
2841 silly fetch manifest @tufjs/models@4.1.0
2842 silly packumentCache full:https://registry.npmjs.org/@tufjs%2fmodels cache-miss
2843 http cache https://registry.npmjs.org/@tufjs%2fmodels 7ms (cache hit)
2844 silly packumentCache full:https://registry.npmjs.org/@tufjs%2fmodels set size:31346 disposed:false
2845 silly placeDep ROOT ansi-styles@6.2.3 OK for: slice-ansi@8.0.0 want: ^6.2.3
2846 silly placeDep ROOT is-fullwidth-code-point@5.1.0 OK for: slice-ansi@8.0.0 want: ^5.1.0
2847 silly fetch manifest get-east-asian-width@^1.3.1
2848 silly packumentCache full:https://registry.npmjs.org/get-east-asian-width cache-hit
2849 silly placeDep ROOT get-east-asian-width@1.6.0 OK for: is-fullwidth-code-point@5.1.0 want: ^1.3.1
2850 silly placeDep ROOT socks@2.8.9 OK for: socks-proxy-agent@8.0.5 want: ^2.8.3
2851 silly fetch manifest smart-buffer@^4.2.0
2852 silly packumentCache full:https://registry.npmjs.org/smart-buffer cache-miss
2853 http cache https://registry.npmjs.org/smart-buffer 6ms (cache hit)
2854 silly packumentCache full:https://registry.npmjs.org/smart-buffer set size:87065 disposed:false
2855 silly placeDep ROOT smart-buffer@4.2.0 OK for: socks@2.8.9 want: ^4.2.0
2856 silly placeDep ROOT buffer-from@1.1.2 OK for: source-map-support@0.5.21 want: ^1.0.0
2857 silly placeDep node_modules/source-map-support source-map@0.6.1 OK for: source-map-support@0.5.21 want: ^0.6.0
2858 silly placeDep ROOT spdx-exceptions@2.5.0 OK for: spdx-expression-parse@4.0.0 want: ^2.1.0
2859 silly placeDep ROOT spdx-license-ids@3.0.23 OK for: spdx-expression-parse@4.0.0 want: ^3.0.0
2860 silly placeDep ROOT ansi-regex@6.2.2 OK for: strip-ansi@7.2.0 want: ^6.2.2
2861 silly placeDep ROOT @isaacs/fs-minipass@4.0.1 OK for: tar@7.5.15 want: ^4.0.0
2862 silly placeDep ROOT chownr@3.0.0 OK for: tar@7.5.15 want: ^3.0.0
2863 silly placeDep node_modules/tar yallist@5.0.0 OK for: tar@7.5.15 want: ^5.0.0
2864 silly placeDep ROOT fdir@6.5.0 OK for: tinyglobby@0.2.15 want: ^6.5.0
2865 silly placeDep ROOT tldts@7.0.30 OK for: tough-cookie@6.0.1 want: ^7.0.5
2866 silly fetch manifest tldts-core@^7.0.30
2867 silly packumentCache full:https://registry.npmjs.org/tldts-core cache-miss
2868 http fetch GET 200 https://registry.npmjs.org/tldts-core 1673ms (cache miss)
2869 silly packumentCache full:https://registry.npmjs.org/tldts-core set size:undefined disposed:false
2870 silly placeDep ROOT tldts-core@7.0.30 OK for: tldts@7.0.30 want: ^7.0.30
2871 silly placeDep ROOT @tufjs/models@4.1.0 OK for: tuf-js@4.1.0 want: 4.1.0
2872 silly fetch manifest @tufjs/canonical-json@2.0.0
2873 silly packumentCache full:https://registry.npmjs.org/@tufjs%2fcanonical-json cache-miss
2874 http cache https://registry.npmjs.org/@tufjs%2fcanonical-json 10ms (cache hit)
2875 silly packumentCache full:https://registry.npmjs.org/@tufjs%2fcanonical-json set size:7336 disposed:false
2876 silly placeDep ROOT @tufjs/canonical-json@2.0.0 OK for: @tufjs/models@4.1.0 want: 2.0.0
2877 silly placeDep node_modules/type-is content-type@2.0.0 OK for: type-is@2.1.0 want: ^2.0.0
2878 silly placeDep ROOT media-typer@1.1.0 OK for: type-is@2.1.0 want: ^1.1.0
2879 silly placeDep ROOT escalade@3.2.0 OK for: update-browserslist-db@1.2.3 want: ^3.2.0
2880 silly placeDep ROOT fsevents@2.3.3 OK for: vite@7.3.2 want: ~2.3.3
2881 silly placeDep ROOT rollup@4.60.4 OK for: vite@7.3.2 want: ^4.43.0
2882 silly fetch manifest @types/estree@1.0.8
2883 silly packumentCache full:https://registry.npmjs.org/@types%2festree cache-miss
2884 silly fetch manifest @rollup/rollup-darwin-arm64@4.60.4
2885 silly packumentCache full:https://registry.npmjs.org/@rollup%2frollup-darwin-arm64 cache-miss
2886 silly fetch manifest @rollup/rollup-android-arm64@4.60.4
2887 silly packumentCache full:https://registry.npmjs.org/@rollup%2frollup-android-arm64 cache-miss
2888 silly fetch manifest @rollup/rollup-win32-arm64-msvc@4.60.4
2889 silly packumentCache full:https://registry.npmjs.org/@rollup%2frollup-win32-arm64-msvc cache-miss
2890 silly fetch manifest @rollup/rollup-freebsd-arm64@4.60.4
2891 silly packumentCache full:https://registry.npmjs.org/@rollup%2frollup-freebsd-arm64 cache-miss
2892 silly fetch manifest @rollup/rollup-linux-arm64-gnu@4.60.4
2893 silly packumentCache full:https://registry.npmjs.org/@rollup%2frollup-linux-arm64-gnu cache-miss
2894 silly fetch manifest @rollup/rollup-linux-arm64-musl@4.60.4
2895 silly packumentCache full:https://registry.npmjs.org/@rollup%2frollup-linux-arm64-musl cache-miss
2896 silly fetch manifest @rollup/rollup-android-arm-eabi@4.60.4
2897 silly packumentCache full:https://registry.npmjs.org/@rollup%2frollup-android-arm-eabi cache-miss
2898 silly fetch manifest @rollup/rollup-linux-arm-gnueabihf@4.60.4
2899 silly packumentCache full:https://registry.npmjs.org/@rollup%2frollup-linux-arm-gnueabihf cache-miss
2900 silly fetch manifest @rollup/rollup-linux-arm-musleabihf@4.60.4
2901 silly packumentCache full:https://registry.npmjs.org/@rollup%2frollup-linux-arm-musleabihf cache-miss
2902 silly fetch manifest @rollup/rollup-win32-ia32-msvc@4.60.4
2903 silly packumentCache full:https://registry.npmjs.org/@rollup%2frollup-win32-ia32-msvc cache-miss
2904 http fetch GET 200 https://registry.npmjs.org/@types%2festree 114ms (cache miss)
2905 silly packumentCache full:https://registry.npmjs.org/@types%2festree set size:undefined disposed:false
2906 silly fetch manifest @rollup/rollup-linux-loong64-gnu@4.60.4
2907 silly packumentCache full:https://registry.npmjs.org/@rollup%2frollup-linux-loong64-gnu cache-miss
2908 http fetch GET 200 https://registry.npmjs.org/@rollup%2frollup-linux-arm64-gnu 161ms (cache miss)
2909 silly packumentCache full:https://registry.npmjs.org/@rollup%2frollup-linux-arm64-gnu set size:undefined disposed:false
2910 silly fetch manifest @rollup/rollup-linux-loong64-musl@4.60.4
2911 silly packumentCache full:https://registry.npmjs.org/@rollup%2frollup-linux-loong64-musl cache-miss
2912 http fetch GET 200 https://registry.npmjs.org/@rollup%2frollup-android-arm64 171ms (cache miss)
2913 silly packumentCache full:https://registry.npmjs.org/@rollup%2frollup-android-arm64 set size:undefined disposed:false
2914 silly fetch manifest @rollup/rollup-linux-riscv64-gnu@4.60.4
2915 silly packumentCache full:https://registry.npmjs.org/@rollup%2frollup-linux-riscv64-gnu cache-miss
2916 http fetch GET 200 https://registry.npmjs.org/@rollup%2frollup-win32-arm64-msvc 174ms (cache miss)
2917 silly packumentCache full:https://registry.npmjs.org/@rollup%2frollup-win32-arm64-msvc set size:undefined disposed:false
2918 silly fetch manifest @rollup/rollup-linux-riscv64-musl@4.60.4
2919 silly packumentCache full:https://registry.npmjs.org/@rollup%2frollup-linux-riscv64-musl cache-miss
2920 http fetch GET 200 https://registry.npmjs.org/@rollup%2frollup-android-arm-eabi 233ms (cache miss)
2921 silly packumentCache full:https://registry.npmjs.org/@rollup%2frollup-android-arm-eabi set size:undefined disposed:false
2922 silly fetch manifest @rollup/rollup-linux-ppc64-gnu@4.60.4
2923 silly packumentCache full:https://registry.npmjs.org/@rollup%2frollup-linux-ppc64-gnu cache-miss
2924 http fetch GET 200 https://registry.npmjs.org/@rollup%2frollup-win32-ia32-msvc 240ms (cache miss)
2925 silly packumentCache full:https://registry.npmjs.org/@rollup%2frollup-win32-ia32-msvc set size:undefined disposed:false
2926 silly fetch manifest @rollup/rollup-linux-ppc64-musl@4.60.4
2927 silly packumentCache full:https://registry.npmjs.org/@rollup%2frollup-linux-ppc64-musl cache-miss
2928 http fetch GET 200 https://registry.npmjs.org/@rollup%2frollup-linux-arm-gnueabihf 248ms (cache miss)
2929 silly packumentCache full:https://registry.npmjs.org/@rollup%2frollup-linux-arm-gnueabihf set size:undefined disposed:false
2930 silly fetch manifest @rollup/rollup-linux-s390x-gnu@4.60.4
2931 silly packumentCache full:https://registry.npmjs.org/@rollup%2frollup-linux-s390x-gnu cache-miss
2932 http fetch GET 200 https://registry.npmjs.org/@rollup%2frollup-linux-loong64-gnu 141ms (cache miss)
2933 silly packumentCache full:https://registry.npmjs.org/@rollup%2frollup-linux-loong64-gnu set size:undefined disposed:false
2934 silly fetch manifest @rollup/rollup-darwin-x64@4.60.4
2935 silly packumentCache full:https://registry.npmjs.org/@rollup%2frollup-darwin-x64 cache-miss
2936 http fetch GET 200 https://registry.npmjs.org/@rollup%2frollup-linux-loong64-musl 103ms (cache miss)
2937 silly packumentCache full:https://registry.npmjs.org/@rollup%2frollup-linux-loong64-musl set size:undefined disposed:false
2938 silly fetch manifest @rollup/rollup-win32-x64-gnu@4.60.4
2939 silly packumentCache full:https://registry.npmjs.org/@rollup%2frollup-win32-x64-gnu cache-miss
2940 http fetch GET 200 https://registry.npmjs.org/@rollup%2frollup-linux-riscv64-musl 118ms (cache miss)
2941 silly packumentCache full:https://registry.npmjs.org/@rollup%2frollup-linux-riscv64-musl set size:undefined disposed:false
2942 silly fetch manifest @rollup/rollup-win32-x64-msvc@4.60.4
2943 silly packumentCache full:https://registry.npmjs.org/@rollup%2frollup-win32-x64-msvc cache-miss
2944 http fetch GET 200 https://registry.npmjs.org/@rollup%2frollup-linux-riscv64-gnu 146ms (cache miss)
2945 silly packumentCache full:https://registry.npmjs.org/@rollup%2frollup-linux-riscv64-gnu set size:undefined disposed:false
2946 silly fetch manifest @rollup/rollup-freebsd-x64@4.60.4
2947 silly packumentCache full:https://registry.npmjs.org/@rollup%2frollup-freebsd-x64 cache-miss
2948 http fetch GET 200 https://registry.npmjs.org/@rollup%2frollup-freebsd-arm64 340ms (cache miss)
2949 silly packumentCache full:https://registry.npmjs.org/@rollup%2frollup-freebsd-arm64 set size:undefined disposed:false
2950 silly fetch manifest @rollup/rollup-linux-x64-gnu@4.60.4
2951 silly packumentCache full:https://registry.npmjs.org/@rollup%2frollup-linux-x64-gnu cache-miss
2952 http fetch GET 200 https://registry.npmjs.org/@rollup%2frollup-darwin-arm64 360ms (cache miss)
2953 silly packumentCache full:https://registry.npmjs.org/@rollup%2frollup-darwin-arm64 set size:undefined disposed:false
2954 silly fetch manifest @rollup/rollup-linux-x64-musl@4.60.4
2955 silly packumentCache full:https://registry.npmjs.org/@rollup%2frollup-linux-x64-musl cache-miss
2956 http fetch GET 200 https://registry.npmjs.org/@rollup%2frollup-linux-ppc64-gnu 128ms (cache miss)
2957 silly packumentCache full:https://registry.npmjs.org/@rollup%2frollup-linux-ppc64-gnu set size:undefined disposed:false
2958 silly fetch manifest @rollup/rollup-openbsd-x64@4.60.4
2959 silly packumentCache full:https://registry.npmjs.org/@rollup%2frollup-openbsd-x64 cache-miss
2960 http fetch GET 200 https://registry.npmjs.org/@rollup%2frollup-win32-x64-gnu 106ms (cache miss)
2961 silly packumentCache full:https://registry.npmjs.org/@rollup%2frollup-win32-x64-gnu set size:undefined disposed:false
2962 silly fetch manifest @rollup/rollup-openharmony-arm64@4.60.4
2963 silly packumentCache full:https://registry.npmjs.org/@rollup%2frollup-openharmony-arm64 cache-miss
2964 http fetch GET 200 https://registry.npmjs.org/@rollup%2frollup-linux-arm64-musl 385ms (cache miss)
2965 silly packumentCache full:https://registry.npmjs.org/@rollup%2frollup-linux-arm64-musl set size:undefined disposed:false
2966 http fetch GET 200 https://registry.npmjs.org/@rollup%2frollup-darwin-x64 139ms (cache miss)
2967 silly packumentCache full:https://registry.npmjs.org/@rollup%2frollup-darwin-x64 set size:undefined disposed:false
2968 http fetch GET 200 https://registry.npmjs.org/@rollup%2frollup-linux-arm-musleabihf 422ms (cache miss)
2969 silly packumentCache full:https://registry.npmjs.org/@rollup%2frollup-linux-arm-musleabihf set size:undefined disposed:false
2970 http fetch GET 200 https://registry.npmjs.org/@rollup%2frollup-linux-s390x-gnu 175ms (cache miss)
2971 silly packumentCache full:https://registry.npmjs.org/@rollup%2frollup-linux-s390x-gnu set size:undefined disposed:false
2972 http fetch GET 200 https://registry.npmjs.org/@rollup%2frollup-win32-x64-msvc 134ms (cache miss)
2973 silly packumentCache full:https://registry.npmjs.org/@rollup%2frollup-win32-x64-msvc set size:undefined disposed:false
2974 http fetch GET 200 https://registry.npmjs.org/@rollup%2frollup-freebsd-x64 167ms (cache miss)
2975 silly packumentCache full:https://registry.npmjs.org/@rollup%2frollup-freebsd-x64 set size:undefined disposed:false
2976 http fetch GET 200 https://registry.npmjs.org/@rollup%2frollup-openharmony-arm64 129ms (cache miss)
2977 silly packumentCache full:https://registry.npmjs.org/@rollup%2frollup-openharmony-arm64 set size:undefined disposed:false
2978 http fetch GET 200 https://registry.npmjs.org/@rollup%2frollup-linux-ppc64-musl 265ms (cache miss)
2979 silly packumentCache full:https://registry.npmjs.org/@rollup%2frollup-linux-ppc64-musl set size:undefined disposed:false
2980 http fetch GET 200 https://registry.npmjs.org/@rollup%2frollup-linux-x64-musl 147ms (cache miss)
2981 silly packumentCache full:https://registry.npmjs.org/@rollup%2frollup-linux-x64-musl set size:undefined disposed:false
2982 http fetch GET 200 https://registry.npmjs.org/@rollup%2frollup-openbsd-x64 203ms (cache miss)
2983 silly packumentCache full:https://registry.npmjs.org/@rollup%2frollup-openbsd-x64 set size:undefined disposed:false
2984 http fetch GET 200 https://registry.npmjs.org/@rollup%2frollup-linux-x64-gnu 258ms (cache miss)
2985 silly packumentCache full:https://registry.npmjs.org/@rollup%2frollup-linux-x64-gnu set size:undefined disposed:false
2986 silly placeDep ROOT @rollup/rollup-android-arm-eabi@4.60.4 OK for: rollup@4.60.4 want: 4.60.4
2987 silly placeDep ROOT @rollup/rollup-android-arm64@4.60.4 OK for: rollup@4.60.4 want: 4.60.4
2988 silly placeDep ROOT @rollup/rollup-darwin-arm64@4.60.4 OK for: rollup@4.60.4 want: 4.60.4
2989 silly placeDep ROOT @rollup/rollup-darwin-x64@4.60.4 OK for: rollup@4.60.4 want: 4.60.4
2990 silly placeDep ROOT @rollup/rollup-freebsd-arm64@4.60.4 OK for: rollup@4.60.4 want: 4.60.4
2991 silly placeDep ROOT @rollup/rollup-freebsd-x64@4.60.4 OK for: rollup@4.60.4 want: 4.60.4
2992 silly placeDep ROOT @rollup/rollup-linux-arm-gnueabihf@4.60.4 OK for: rollup@4.60.4 want: 4.60.4
2993 silly placeDep ROOT @rollup/rollup-linux-arm-musleabihf@4.60.4 OK for: rollup@4.60.4 want: 4.60.4
2994 silly placeDep ROOT @rollup/rollup-linux-arm64-gnu@4.60.4 OK for: rollup@4.60.4 want: 4.60.4
2995 silly placeDep ROOT @rollup/rollup-linux-arm64-musl@4.60.4 OK for: rollup@4.60.4 want: 4.60.4
2996 silly placeDep ROOT @rollup/rollup-linux-loong64-gnu@4.60.4 OK for: rollup@4.60.4 want: 4.60.4
2997 silly placeDep ROOT @rollup/rollup-linux-loong64-musl@4.60.4 OK for: rollup@4.60.4 want: 4.60.4
2998 silly placeDep ROOT @rollup/rollup-linux-ppc64-gnu@4.60.4 OK for: rollup@4.60.4 want: 4.60.4
2999 silly placeDep ROOT @rollup/rollup-linux-ppc64-musl@4.60.4 OK for: rollup@4.60.4 want: 4.60.4
3000 silly placeDep ROOT @rollup/rollup-linux-riscv64-gnu@4.60.4 OK for: rollup@4.60.4 want: 4.60.4
3001 silly placeDep ROOT @rollup/rollup-linux-riscv64-musl@4.60.4 OK for: rollup@4.60.4 want: 4.60.4
3002 silly placeDep ROOT @rollup/rollup-linux-s390x-gnu@4.60.4 OK for: rollup@4.60.4 want: 4.60.4
3003 silly placeDep ROOT @rollup/rollup-linux-x64-gnu@4.60.4 OK for: rollup@4.60.4 want: 4.60.4
3004 silly placeDep ROOT @rollup/rollup-linux-x64-musl@4.60.4 OK for: rollup@4.60.4 want: 4.60.4
3005 silly placeDep ROOT @rollup/rollup-openbsd-x64@4.60.4 OK for: rollup@4.60.4 want: 4.60.4
3006 silly placeDep ROOT @rollup/rollup-openharmony-arm64@4.60.4 OK for: rollup@4.60.4 want: 4.60.4
3007 silly placeDep ROOT @rollup/rollup-win32-arm64-msvc@4.60.4 OK for: rollup@4.60.4 want: 4.60.4
3008 silly placeDep ROOT @rollup/rollup-win32-ia32-msvc@4.60.4 OK for: rollup@4.60.4 want: 4.60.4
3009 silly placeDep ROOT @rollup/rollup-win32-x64-gnu@4.60.4 OK for: rollup@4.60.4 want: 4.60.4
3010 silly placeDep ROOT @rollup/rollup-win32-x64-msvc@4.60.4 OK for: rollup@4.60.4 want: 4.60.4
3011 silly placeDep ROOT @types/estree@1.0.8 OK for: rollup@4.60.4 want: 1.0.8
3012 silly fetch manifest msw@^2.4.9
3013 silly packumentCache full:https://registry.npmjs.org/msw cache-miss
3014 http fetch GET 200 https://registry.npmjs.org/msw 523ms (cache miss)
3015 silly packumentCache full:https://registry.npmjs.org/msw set size:undefined disposed:false
3016 silly fetch manifest typescript@>= 4.8.x
3017 silly packumentCache full:https://registry.npmjs.org/typescript cache-miss
3018 http cache https://registry.npmjs.org/typescript 52ms (cache hit)
3019 silly packumentCache full:https://registry.npmjs.org/typescript set size:15409943 disposed:false
3020 silly fetch manifest @vitejs/devtools@^0.1.18
3021 silly packumentCache full:https://registry.npmjs.org/@vitejs%2fdevtools cache-miss
3022 http fetch GET 200 https://registry.npmjs.org/@vitejs%2fdevtools 171ms (cache miss)
3023 silly packumentCache full:https://registry.npmjs.org/@vitejs%2fdevtools set size:undefined disposed:false
3024 silly fetch manifest esbuild@^0.27.0 || ^0.28.0
3025 silly packumentCache full:https://registry.npmjs.org/esbuild cache-miss
3026 http cache https://registry.npmjs.org/esbuild 14ms (cache hit)
3027 silly packumentCache full:https://registry.npmjs.org/esbuild set size:1254708 disposed:false
3028 silly fetch manifest less@^4.0.0
3029 silly packumentCache full:https://registry.npmjs.org/less cache-miss
3030 http cache https://registry.npmjs.org/less 7ms (cache hit)
3031 silly packumentCache full:https://registry.npmjs.org/less set size:461684 disposed:false
3032 silly fetch manifest sass@^1.70.0
3033 silly packumentCache full:https://registry.npmjs.org/sass cache-miss
3034 http cache https://registry.npmjs.org/sass 7ms (cache hit)
3035 silly packumentCache full:https://registry.npmjs.org/sass set size:726244 disposed:false
3036 silly fetch manifest postcss@^8.3.3
3037 silly packumentCache full:https://registry.npmjs.org/postcss cache-hit
3038 silly placeDep ROOT @vitest/expect@4.1.6 OK for: vitest@4.1.6 want: 4.1.6
3039 silly placeDep ROOT @vitest/mocker@4.1.6 OK for: vitest@4.1.6 want: 4.1.6
3040 silly placeDep ROOT @vitest/pretty-format@4.1.6 OK for: vitest@4.1.6 want: 4.1.6
3041 silly placeDep ROOT @vitest/runner@4.1.6 OK for: vitest@4.1.6 want: 4.1.6
3042 silly placeDep ROOT @vitest/snapshot@4.1.6 OK for: vitest@4.1.6 want: 4.1.6
3043 silly placeDep ROOT @vitest/spy@4.1.6 OK for: vitest@4.1.6 want: 4.1.6
3044 silly placeDep ROOT @vitest/utils@4.1.6 OK for: vitest@4.1.6 want: 4.1.6
3045 silly placeDep ROOT es-module-lexer@2.1.0 OK for: vitest@4.1.6 want: ^2.0.0
3046 silly placeDep ROOT expect-type@1.3.0 OK for: vitest@4.1.6 want: ^1.3.0
3047 silly placeDep ROOT obug@2.1.1 OK for: vitest@4.1.6 want: ^2.1.1
3048 silly placeDep ROOT pathe@2.0.3 OK for: vitest@4.1.6 want: ^2.0.3
3049 silly placeDep ROOT std-env@4.1.0 OK for: vitest@4.1.6 want: ^4.0.0-rc.1
3050 silly placeDep ROOT tinybench@2.9.0 OK for: vitest@4.1.6 want: ^2.9.0
3051 silly placeDep ROOT tinyexec@1.1.2 OK for: vitest@4.1.6 want: ^1.0.2
3052 silly placeDep ROOT tinyrainbow@3.1.0 OK for: vitest@4.1.6 want: ^3.1.0
3053 silly placeDep ROOT why-is-node-running@2.3.0 OK for: vitest@4.1.6 want: ^2.3.0
3054 silly fetch manifest chai@^6.2.2
3055 silly packumentCache full:https://registry.npmjs.org/chai cache-miss
3056 silly fetch manifest @types/chai@^5.2.2
3057 silly packumentCache full:https://registry.npmjs.org/@types%2fchai cache-miss
3058 silly fetch manifest estree-walker@^3.0.3
3059 silly packumentCache full:https://registry.npmjs.org/estree-walker cache-miss
3060 silly fetch manifest siginfo@^2.0.0
3061 silly packumentCache full:https://registry.npmjs.org/siginfo cache-miss
3062 silly fetch manifest stackback@0.0.2
3063 silly packumentCache full:https://registry.npmjs.org/stackback cache-miss
3064 http fetch GET 200 https://registry.npmjs.org/stackback 106ms (cache miss)
3065 silly packumentCache full:https://registry.npmjs.org/stackback set size:undefined disposed:false
3066 http fetch GET 200 https://registry.npmjs.org/estree-walker 246ms (cache miss)
3067 silly packumentCache full:https://registry.npmjs.org/estree-walker set size:undefined disposed:false
3068 http fetch GET https://registry.npmjs.org/siginfo attempt 1 failed with ECONNRESET
3069 http fetch GET https://registry.npmjs.org/chai attempt 1 failed with ECONNRESET
3070 http fetch GET https://registry.npmjs.org/@types%2fchai attempt 1 failed with ECONNRESET
3071 http fetch GET https://registry.npmjs.org/siginfo attempt 2 failed with ECONNRESET
3072 http fetch GET https://registry.npmjs.org/chai attempt 2 failed with ECONNRESET
3073 http fetch GET https://registry.npmjs.org/@types%2fchai attempt 2 failed with ECONNRESET
3074 http fetch GET 200 https://registry.npmjs.org/chai 111588ms attempt #3 (cache miss)
3075 silly packumentCache full:https://registry.npmjs.org/chai set size:undefined disposed:false
3076 http fetch GET 200 https://registry.npmjs.org/siginfo 113309ms attempt #3 (cache miss)
3077 silly packumentCache full:https://registry.npmjs.org/siginfo set size:undefined disposed:false
3078 http fetch GET 200 https://registry.npmjs.org/@types%2fchai 116428ms attempt #3 (cache miss)
3079 silly packumentCache full:https://registry.npmjs.org/@types%2fchai set size:undefined disposed:false
3080 silly placeDep ROOT @types/chai@5.2.3 OK for: @vitest/expect@4.1.6 want: ^5.2.2
3081 silly placeDep ROOT chai@6.2.2 OK for: @vitest/expect@4.1.6 want: ^6.2.2
3082 silly fetch manifest @types/deep-eql@*
3083 silly packumentCache full:https://registry.npmjs.org/@types%2fdeep-eql cache-miss
3084 silly fetch manifest assertion-error@^2.0.1
3085 silly packumentCache full:https://registry.npmjs.org/assertion-error cache-miss
3086 http fetch GET 200 https://registry.npmjs.org/@types%2fdeep-eql 148ms (cache miss)
3087 silly packumentCache full:https://registry.npmjs.org/@types%2fdeep-eql set size:undefined disposed:false
3088 http fetch GET 200 https://registry.npmjs.org/assertion-error 2271ms (cache miss)
3089 silly packumentCache full:https://registry.npmjs.org/assertion-error set size:undefined disposed:false
3090 silly placeDep ROOT @types/deep-eql@4.0.2 OK for: @types/chai@5.2.3 want: *
3091 silly placeDep ROOT assertion-error@2.0.1 OK for: @types/chai@5.2.3 want: ^2.0.1
3092 silly placeDep ROOT estree-walker@3.0.3 OK for: @vitest/mocker@4.1.6 want: ^3.0.3
3093 silly placeDep node_modules/@vitest/utils convert-source-map@2.0.0 OK for: @vitest/utils@4.1.6 want: ^2.0.0
3094 silly placeDep ROOT glob-to-regexp@0.4.1 OK for: watchpack@2.5.1 want: ^0.4.1
3095 silly placeDep ROOT tr46@6.0.0 OK for: whatwg-url@16.0.1 want: ^6.0.0
3096 silly fetch manifest punycode@^2.3.1
3097 silly packumentCache full:https://registry.npmjs.org/punycode cache-miss
3098 http fetch GET 200 https://registry.npmjs.org/punycode 597ms (cache miss)
3099 silly packumentCache full:https://registry.npmjs.org/punycode set size:undefined disposed:false
3100 silly placeDep ROOT punycode@2.3.1 OK for: tr46@6.0.0 want: ^2.3.1
3101 silly placeDep ROOT isexe@2.0.0 OK for: which@2.0.2 want: ^2.0.0
3102 silly placeDep ROOT siginfo@2.0.0 OK for: why-is-node-running@2.3.0 want: ^2.0.0
3103 silly placeDep ROOT stackback@0.0.2 OK for: why-is-node-running@2.3.0 want: 0.0.2
3104 silly placeDep node_modules/wrap-ansi ansi-styles@4.3.0 OK for: wrap-ansi@6.2.0 want: ^4.0.0
3105 silly placeDep node_modules/wrap-ansi string-width@4.2.3 OK for: wrap-ansi@6.2.0 want: ^4.1.0
3106 silly placeDep node_modules/wrap-ansi strip-ansi@6.0.1 OK for: wrap-ansi@6.2.0 want: ^6.0.0
3107 silly fetch manifest color-convert@^2.0.1
3108 silly packumentCache full:https://registry.npmjs.org/color-convert cache-miss
3109 silly fetch manifest strip-ansi@^6.0.1
3110 silly packumentCache full:https://registry.npmjs.org/strip-ansi cache-hit
3111 silly fetch manifest emoji-regex@^8.0.0
3112 silly packumentCache full:https://registry.npmjs.org/emoji-regex cache-miss
3113 silly fetch manifest is-fullwidth-code-point@^3.0.0
3114 silly packumentCache full:https://registry.npmjs.org/is-fullwidth-code-point cache-hit
3115 silly fetch manifest ansi-regex@^5.0.1
3116 silly packumentCache full:https://registry.npmjs.org/ansi-regex cache-hit
3117 http cache https://registry.npmjs.org/color-convert 8ms (cache hit)
3118 silly packumentCache full:https://registry.npmjs.org/color-convert set size:72663 disposed:false
3119 http cache https://registry.npmjs.org/emoji-regex 9ms (cache hit)
3120 silly packumentCache full:https://registry.npmjs.org/emoji-regex set size:89064 disposed:false
3121 silly placeDep ROOT cliui@9.0.1 OK for: yargs@18.0.0 want: ^9.0.1
3122 silly placeDep ROOT get-caller-file@2.0.5 OK for: yargs@18.0.0 want: ^2.0.5
3123 silly placeDep node_modules/yargs string-width@7.2.0 OK for: yargs@18.0.0 want: ^7.2.0
3124 silly placeDep ROOT y18n@5.0.8 OK for: yargs@18.0.0 want: ^5.0.5
3125 silly placeDep ROOT yargs-parser@22.0.0 OK for: yargs@18.0.0 want: ^22.0.0
3126 silly fetch manifest emoji-regex@^10.3.0
3127 silly packumentCache full:https://registry.npmjs.org/emoji-regex cache-hit
3128 silly placeDep node_modules/cliui string-width@7.2.0 OK for: cliui@9.0.1 want: ^7.2.0
3129 silly placeDep node_modules/cliui wrap-ansi@9.0.2 OK for: cliui@9.0.1 want: ^9.0.0
3130 silly placeDep node_modules/@npmcli/git isexe@4.0.0 OK for: which@6.0.1 want: ^4.0.0
3131 silly placeDep node_modules/@npmcli/promise-spawn isexe@4.0.0 OK for: which@6.0.1 want: ^4.0.0
3132 silly placeDep ROOT emoji-regex@10.6.0 OK for: string-width@7.2.0 want: ^10.3.0
3133 silly placeDep node_modules/listr2 string-width@7.2.0 OK for: wrap-ansi@9.0.2 want: ^7.0.0
3134 silly placeDep node_modules/log-update string-width@7.2.0 OK for: wrap-ansi@9.0.2 want: ^7.0.0
3135 silly placeDep node_modules/minipass-flush yallist@4.0.0 OK for: minipass@3.3.6 want: ^4.0.0
3136 silly placeDep node_modules/minipass-pipeline yallist@4.0.0 OK for: minipass@3.3.6 want: ^4.0.0
3137 silly placeDep node_modules/node-gyp isexe@4.0.0 OK for: which@6.0.1 want: ^4.0.0
3138 silly placeDep node_modules/sass readdirp@4.1.2 OK for: chokidar@4.0.3 want: ^4.0.1
3139 silly placeDep ROOT color-convert@2.0.1 OK for: ansi-styles@4.3.0 want: ^2.0.1
3140 silly fetch manifest color-name@~1.1.4
3141 silly packumentCache full:https://registry.npmjs.org/color-name cache-miss
3142 http cache https://registry.npmjs.org/color-name 5ms (cache hit)
3143 silly packumentCache full:https://registry.npmjs.org/color-name set size:19467 disposed:false
3144 silly placeDep ROOT color-name@1.1.4 OK for: color-convert@2.0.1 want: ~1.1.4
3145 silly placeDep node_modules/wrap-ansi emoji-regex@8.0.0 OK for: string-width@4.2.3 want: ^8.0.0
3146 silly placeDep node_modules/wrap-ansi is-fullwidth-code-point@3.0.0 OK for: string-width@4.2.3 want: ^3.0.0
3147 silly placeDep node_modules/wrap-ansi ansi-regex@5.0.1 OK for: strip-ansi@6.0.1 want: ^5.0.1
3148 silly reify moves {}
3149 silly audit bulk request {
3149 silly audit   '@angular/build': [ '21.2.11' ],
3149 silly audit   tslib: [ '2.8.1' ],
3149 silly audit   typescript: [ '5.9.3' ],
3149 silly audit   '@angular/compiler': [ '21.2.13' ],
3149 silly audit   '@angular/compiler-cli': [ '21.2.13' ],
3149 silly audit   '@angular/cli': [ '21.2.11' ],
3149 silly audit   '@angular/common': [ '21.2.13' ],
3149 silly audit   rxjs: [ '7.8.2' ],
3149 silly audit   '@angular/core': [ '21.2.13' ],
3149 silly audit   '@angular/forms': [ '21.2.13' ],
3149 silly audit   '@angular/platform-browser': [ '21.2.13' ],
3149 silly audit   '@angular/router': [ '21.2.13' ],
3149 silly audit   jsdom: [ '28.1.0' ],
3149 silly audit   prettier: [ '3.8.3' ],
3149 silly audit   vitest: [ '4.1.6' ],
3149 silly audit   '@ampproject/remapping': [ '2.3.0' ],
3149 silly audit   '@angular-devkit/architect': [ '0.2102.11' ],
3149 silly audit   '@babel/core': [ '7.29.0' ],
3149 silly audit   '@babel/helper-annotate-as-pure': [ '7.27.3' ],
3149 silly audit   '@babel/helper-split-export-declaration': [ '7.24.7' ],
3149 silly audit   '@inquirer/confirm': [ '5.1.21' ],
3149 silly audit   '@vitejs/plugin-basic-ssl': [ '2.1.4' ],
3149 silly audit   vite: [ '7.3.2' ],
3149 silly audit   beasties: [ '0.4.1' ],
3149 silly audit   browserslist: [ '4.28.2' ],
3149 silly audit   esbuild: [ '0.27.3' ],
3149 silly audit   'https-proxy-agent': [ '7.0.6' ],
3149 silly audit   'istanbul-lib-instrument': [ '6.0.3' ],
3149 silly audit   'jsonc-parser': [ '3.3.1' ],
3149 silly audit   listr2: [ '9.0.5' ],
3149 silly audit   lmdb: [ '3.5.1' ],
3149 silly audit   'magic-string': [ '0.30.21' ],
3149 silly audit   mrmime: [ '2.0.1' ],
3149 silly audit   'parse5-html-rewriting-stream': [ '8.0.0' ],
3149 silly audit   picomatch: [ '4.0.4' ],
3149 silly audit   piscina: [ '5.1.4' ],
3149 silly audit   rolldown: [ '1.0.0-rc.4' ],
3149 silly audit   sass: [ '1.97.3' ],
3149 silly audit   semver: [ '7.7.4', '6.3.1' ],
3149 silly audit   'source-map-support': [ '0.5.21' ],
3149 silly audit   tinyglobby: [ '0.2.15' ],
3149 silly audit   undici: [ '7.24.4', '6.25.0' ],
3149 silly audit   watchpack: [ '2.5.1' ],
3149 silly audit   '@jridgewell/gen-mapping': [ '0.3.13' ],
3149 silly audit   '@jridgewell/trace-mapping': [ '0.3.31' ],
3149 silly audit   '@angular-devkit/core': [ '21.2.11' ],
3149 silly audit   ajv: [ '8.18.0' ],
3149 silly audit   'ajv-formats': [ '3.0.1' ],
3149 silly audit   'source-map': [ '0.7.6', '0.6.1' ],
3149 silly audit   '@angular-devkit/schematics': [ '21.2.11' ],
3149 silly audit   '@inquirer/prompts': [ '7.10.1' ],
3149 silly audit   '@listr2/prompt-adapter-inquirer': [ '3.0.5' ],
3149 silly audit   '@modelcontextprotocol/sdk': [ '1.26.0' ],
3149 silly audit   '@schematics/angular': [ '21.2.11' ],
3149 silly audit   '@yarnpkg/lockfile': [ '1.1.0' ],
3149 silly audit   algoliasearch: [ '5.48.1' ],
3149 silly audit   ini: [ '6.0.0' ],
3149 silly audit   'npm-package-arg': [ '13.0.2' ],
3149 silly audit   pacote: [ '21.3.1' ],
3149 silly audit   yargs: [ '18.0.0' ],
3149 silly audit   zod: [ '4.3.6' ],
3149 silly audit   ora: [ '9.3.0' ],
3149 silly audit   '@jridgewell/sourcemap-codec': [ '1.5.5' ],
3149 silly audit   chokidar: [ '5.0.0', '4.0.3' ],
3149 silly audit   'convert-source-map': [ '1.9.0', '2.0.0' ],
3149 silly audit   'reflect-metadata': [ '0.2.2' ],
3149 silly audit   '@standard-schema/spec': [ '1.1.0' ],
3149 silly audit   '@babel/code-frame': [ '7.29.0' ],
3149 silly audit   '@babel/generator': [ '7.29.1' ],
3149 silly audit   '@babel/helper-compilation-targets': [ '7.28.6' ],
3149 silly audit   '@babel/helper-module-transforms': [ '7.28.6' ],
3149 silly audit   '@babel/helpers': [ '7.29.2' ],
3149 silly audit   '@babel/parser': [ '7.29.3' ],
3149 silly audit   '@babel/template': [ '7.28.6' ],
3149 silly audit   '@babel/traverse': [ '7.29.0' ],
3149 silly audit   '@babel/types': [ '7.29.0' ],
3149 silly audit   '@jridgewell/remapping': [ '2.3.5' ],
3149 silly audit   debug: [ '4.4.3' ],
3149 silly audit   gensync: [ '1.0.0-beta.2' ],
3149 silly audit   json5: [ '2.2.3' ],
3149 silly audit   '@babel/helper-validator-identifier': [ '7.28.5' ],
3149 silly audit   'js-tokens': [ '4.0.0' ],
3149 silly audit   picocolors: [ '1.1.1' ],
3149 silly audit   jsesc: [ '3.1.0' ],
3149 silly audit   '@babel/compat-data': [ '7.29.3' ],
3149 silly audit   '@babel/helper-validator-option': [ '7.27.1' ],
3149 silly audit   'lru-cache': [ '5.1.1', '11.4.0' ],
3149 silly audit   '@babel/helper-module-imports': [ '7.28.6' ],
3149 silly audit   '@babel/helper-globals': [ '7.28.0' ],
3149 silly audit   '@babel/helper-string-parser': [ '7.27.1' ],
3149 silly audit   '@inquirer/core': [ '10.3.2' ],
3149 silly audit   '@inquirer/type': [ '3.0.10' ],
3149 silly audit   '@inquirer/ansi': [ '1.0.2' ],
3149 silly audit   '@inquirer/figures': [ '1.0.15' ],
3149 silly audit   'cli-width': [ '4.1.0' ],
3149 silly audit   'mute-stream': [ '2.0.0' ],
3149 silly audit   'signal-exit': [ '4.1.0' ],
3149 silly audit   'wrap-ansi': [ '6.2.0', '9.0.2' ],
3149 silly audit   'yoctocolors-cjs': [ '2.1.3' ],
3149 silly audit   '@inquirer/checkbox': [ '4.3.2' ],
3149 silly audit   '@inquirer/editor': [ '4.2.23' ],
3149 silly audit   '@inquirer/expand': [ '4.0.23' ],
3149 silly audit   '@inquirer/input': [ '4.3.1' ],
3149 silly audit   '@inquirer/number': [ '3.0.23' ],
3149 silly audit   '@inquirer/password': [ '4.0.23' ],
3149 silly audit   '@inquirer/rawlist': [ '4.1.11' ],
3149 silly audit   '@inquirer/search': [ '3.2.2' ],
3149 silly audit   '@inquirer/select': [ '4.4.2' ],
3149 silly audit   '@inquirer/external-editor': [ '1.0.3' ],
3149 silly audit   chardet: [ '2.1.1' ],
3149 silly audit   'iconv-lite': [ '0.7.2' ],
3149 silly audit   '@jridgewell/resolve-uri': [ '3.1.2' ],
3149 silly audit   '@hono/node-server': [ '1.19.14' ],
3149 silly audit   hono: [ '4.12.19' ],
3149 silly audit   'content-type': [ '1.0.5', '2.0.0' ],
3149 silly audit   cors: [ '2.8.6' ],
3149 silly audit   'cross-spawn': [ '7.0.6' ],
3149 silly audit   eventsource: [ '3.0.7' ],
3149 silly audit   'eventsource-parser': [ '3.0.8' ],
3149 silly audit   express: [ '5.2.1' ],
3149 silly audit   'express-rate-limit': [ '8.5.2' ],
3149 silly audit   jose: [ '6.2.3' ],
3149 silly audit   'json-schema-typed': [ '8.0.2' ],
3149 silly audit   'pkce-challenge': [ '5.0.1' ],
3149 silly audit   'raw-body': [ '3.0.2' ],
3149 silly audit   'zod-to-json-schema': [ '3.25.2' ],
3149 silly audit   'fast-deep-equal': [ '3.1.3' ],
3149 silly audit   'fast-uri': [ '3.1.2' ],
3149 silly audit   'json-schema-traverse': [ '1.0.0' ],
3149 silly audit   'require-from-string': [ '2.0.2' ],
3149 silly audit   '@algolia/abtesting': [ '1.14.1' ],
3149 silly audit   '@algolia/client-abtesting': [ '5.48.1' ],
3149 silly audit   '@algolia/client-analytics': [ '5.48.1' ],
3149 silly audit   '@algolia/client-common': [ '5.48.1' ],
3149 silly audit   '@algolia/client-insights': [ '5.48.1' ],
3149 silly audit   '@algolia/client-personalization': [ '5.48.1' ],
3149 silly audit   '@algolia/client-query-suggestions': [ '5.48.1' ],
3149 silly audit   '@algolia/client-search': [ '5.48.1' ],
3149 silly audit   '@algolia/ingestion': [ '1.48.1' ],
3149 silly audit   '@algolia/monitoring': [ '1.48.1' ],
3149 silly audit   '@algolia/recommend': [ '5.48.1' ],
3149 silly audit   '@algolia/requester-browser-xhr': [ '5.48.1' ],
3149 silly audit   '@algolia/requester-fetch': [ '5.48.1' ],
3149 silly audit   '@algolia/requester-node-http': [ '5.48.1' ],
3149 silly audit   'css-select': [ '6.0.0' ],
3149 silly audit   'css-what': [ '7.0.0' ],
3149 silly audit   'dom-serializer': [ '2.0.0' ],
3149 silly audit   domhandler: [ '5.0.3' ],
3149 silly audit   htmlparser2: [ '10.1.0' ],
3149 silly audit   postcss: [ '8.5.14' ],
3149 silly audit   'postcss-media-query-parser': [ '0.2.3' ],
3149 silly audit   'postcss-safe-parser': [ '7.0.1' ],
3149 silly audit   'baseline-browser-mapping': [ '2.10.31' ],
3149 silly audit   'caniuse-lite': [ '1.0.30001793' ],
3149 silly audit   'electron-to-chromium': [ '1.5.359' ],
3149 silly audit   'node-releases': [ '2.0.44' ],
3149 silly audit   'update-browserslist-db': [ '1.2.3' ],
3149 silly audit   readdirp: [ '5.0.0', '4.1.2' ],
3149 silly audit   'object-assign': [ '4.1.1' ],
3149 silly audit   vary: [ '1.1.2' ],
3149 silly audit   'path-key': [ '3.1.1' ],
3149 silly audit   'shebang-command': [ '2.0.0' ],
3149 silly audit   which: [ '2.0.2', '6.0.1' ],
3149 silly audit   boolbase: [ '1.0.0' ],
3149 silly audit   domutils: [ '3.2.2' ],
3149 silly audit   'nth-check': [ '2.1.1' ],
3149 silly audit   ms: [ '2.1.3' ],
3149 silly audit   domelementtype: [ '2.3.0' ],
3149 silly audit   entities: [ '4.5.0', '7.0.1', '8.0.0', '6.0.1' ],
3149 silly audit   '@esbuild/aix-ppc64': [ '0.27.3' ],
3149 silly audit   '@esbuild/android-arm': [ '0.27.3' ],
3149 silly audit   '@esbuild/android-arm64': [ '0.27.3' ],
3149 silly audit   '@esbuild/android-x64': [ '0.27.3' ],
3149 silly audit   '@esbuild/darwin-arm64': [ '0.27.3' ],
3149 silly audit   '@esbuild/darwin-x64': [ '0.27.3' ],
3149 silly audit   '@esbuild/freebsd-arm64': [ '0.27.3' ],
3149 silly audit   '@esbuild/freebsd-x64': [ '0.27.3' ],
3149 silly audit   '@esbuild/linux-arm': [ '0.27.3' ],
3149 silly audit   '@esbuild/linux-arm64': [ '0.27.3' ],
3149 silly audit   '@esbuild/linux-ia32': [ '0.27.3' ],
3149 silly audit   '@esbuild/linux-loong64': [ '0.27.3' ],
3149 silly audit   '@esbuild/linux-mips64el': [ '0.27.3' ],
3149 silly audit   '@esbuild/linux-ppc64': [ '0.27.3' ],
3149 silly audit   '@esbuild/linux-riscv64': [ '0.27.3' ],
3149 silly audit   '@esbuild/linux-s390x': [ '0.27.3' ],
3149 silly audit   '@esbuild/linux-x64': [ '0.27.3' ],
3149 silly audit   '@esbuild/netbsd-arm64': [ '0.27.3' ],
3149 silly audit   '@esbuild/netbsd-x64': [ '0.27.3' ],
3149 silly audit   '@esbuild/openbsd-arm64': [ '0.27.3' ],
3149 silly audit   '@esbuild/openbsd-x64': [ '0.27.3' ],
3149 silly audit   '@esbuild/openharmony-arm64': [ '0.27.3' ],
3149 silly audit   '@esbuild/sunos-x64': [ '0.27.3' ],
3149 silly audit   '@esbuild/win32-arm64': [ '0.27.3' ],
3149 silly audit   '@esbuild/win32-ia32': [ '0.27.3' ],
3149 silly audit   '@esbuild/win32-x64': [ '0.27.3' ],
3149 silly audit   accepts: [ '2.0.0' ],
3149 silly audit   'body-parser': [ '2.2.2' ],
3149 silly audit   'content-disposition': [ '1.1.0' ],
3149 silly audit   cookie: [ '0.7.2' ],
3149 silly audit   'cookie-signature': [ '1.2.2' ],
3149 silly audit   depd: [ '2.0.0' ],
3149 silly audit   encodeurl: [ '2.0.0' ],
3149 silly audit   'escape-html': [ '1.0.3' ],
3149 silly audit   etag: [ '1.8.1' ],
3149 silly audit   finalhandler: [ '2.1.1' ],
3149 silly audit   fresh: [ '2.0.0' ],
3149 silly audit   'http-errors': [ '2.0.1' ],
3149 silly audit   'merge-descriptors': [ '2.0.0' ],
3149 silly audit   'mime-types': [ '3.0.2' ],
3149 silly audit   'on-finished': [ '2.4.1' ],
3149 silly audit   once: [ '1.4.0' ],
3149 silly audit   parseurl: [ '1.3.3' ],
3149 silly audit   'proxy-addr': [ '2.0.7' ],
3149 silly audit   qs: [ '6.15.2' ],
3149 silly audit   'range-parser': [ '1.2.1' ],
3149 silly audit   router: [ '2.2.0' ],
3149 silly audit   send: [ '1.2.1' ],
3149 silly audit   'serve-static': [ '2.2.1' ],
3149 silly audit   statuses: [ '2.0.2' ],
3149 silly audit   'type-is': [ '2.1.0' ],
3149 silly audit   negotiator: [ '1.0.0' ],
3149 silly audit   bytes: [ '3.1.2' ],
3149 silly audit   'ip-address': [ '10.2.0' ],
3149 silly audit   inherits: [ '2.0.4' ],
3149 silly audit   setprototypeof: [ '1.2.0' ],
3149 silly audit   toidentifier: [ '1.0.1' ],
3149 silly audit   'agent-base': [ '7.1.4' ],
3149 silly audit   'safer-buffer': [ '2.1.2' ],
3149 silly audit   '@istanbuljs/schema': [ '0.1.6' ],
3149 silly audit   'istanbul-lib-coverage': [ '3.2.2' ],
3149 silly audit   '@acemir/cssom': [ '0.9.31' ],
3149 silly audit   '@asamuzakjp/dom-selector': [ '6.8.1' ],
3149 silly audit   '@bramus/specificity': [ '2.4.2' ],
3149 silly audit   '@exodus/bytes': [ '1.15.0' ],
3149 silly audit   cssstyle: [ '6.2.0' ],
3149 silly audit   'data-urls': [ '7.0.0' ],
3149 silly audit   'decimal.js': [ '10.6.0' ],
3149 silly audit   'html-encoding-sniffer': [ '6.0.0' ],
3149 silly audit   'http-proxy-agent': [ '7.0.2' ],
3149 silly audit   'is-potential-custom-element-name': [ '1.0.1' ],
3149 silly audit   parse5: [ '8.0.1' ],
3149 silly audit   saxes: [ '6.0.0' ],
3149 silly audit   'symbol-tree': [ '3.2.4' ],
3149 silly audit   'tough-cookie': [ '6.0.1' ],
3149 silly audit   'w3c-xmlserializer': [ '5.0.0' ],
3149 silly audit   'webidl-conversions': [ '8.0.1' ],
3149 silly audit   'whatwg-mimetype': [ '5.0.0' ],
3149 silly audit   'whatwg-url': [ '16.0.1' ],
3149 silly audit   'xml-name-validator': [ '5.0.0' ],
3149 silly audit   '@asamuzakjp/nwsapi': [ '2.3.9' ],
3149 silly audit   'bidi-js': [ '1.0.3' ],
3149 silly audit   'css-tree': [ '3.2.1' ],
3149 silly audit   'mdn-data': [ '2.27.1' ],
3149 silly audit   'source-map-js': [ '1.2.1' ],
3149 silly audit   '@asamuzakjp/css-color': [ '5.1.11' ],
3149 silly audit   '@csstools/css-syntax-patches-for-csstree': [ '1.1.4' ],
3149 silly audit   '@asamuzakjp/generational-cache': [ '1.0.1' ],
3149 silly audit   '@csstools/css-calc': [ '3.2.1' ],
3149 silly audit   '@csstools/css-parser-algorithms': [ '4.0.0' ],
3149 silly audit   '@csstools/css-tokenizer': [ '4.0.0' ],
3149 silly audit   '@csstools/css-color-parser': [ '4.1.1' ],
3149 silly audit   '@csstools/color-helpers': [ '6.0.2' ],
3149 silly audit   'cli-truncate': [ '5.2.0' ],
3149 silly audit   colorette: [ '2.0.20' ],
3149 silly audit   eventemitter3: [ '5.0.4' ],
3149 silly audit   'log-update': [ '6.1.0' ],
3149 silly audit   rfdc: [ '1.4.1' ],
3149 silly audit   'slice-ansi': [ '8.0.0', '7.1.2' ],
3149 silly audit   'string-width': [ '8.2.1', '4.2.3', '7.2.0' ],
3149 silly audit   '@harperfast/extended-iterable': [ '1.0.3' ],
3149 silly audit   '@lmdb/lmdb-darwin-arm64': [ '3.5.1' ],
3149 silly audit   '@lmdb/lmdb-darwin-x64': [ '3.5.1' ],
3149 silly audit   '@lmdb/lmdb-linux-arm': [ '3.5.1' ],
3149 silly audit   '@lmdb/lmdb-linux-arm64': [ '3.5.1' ],
3149 silly audit   '@lmdb/lmdb-linux-x64': [ '3.5.1' ],
3149 silly audit   '@lmdb/lmdb-win32-arm64': [ '3.5.1' ],
3149 silly audit   '@lmdb/lmdb-win32-x64': [ '3.5.1' ],
3149 silly audit   msgpackr: [ '1.11.12' ],
3149 silly audit   'node-addon-api': [ '6.1.0', '7.1.1' ],
3149 silly audit   'node-gyp-build-optional-packages': [ '5.2.2' ],
3149 silly audit   'ordered-binary': [ '1.6.1' ],
3149 silly audit   'weak-lru-cache': [ '1.2.2' ],
3149 silly audit   'ansi-escapes': [ '7.3.0' ],
3149 silly audit   'cli-cursor': [ '5.0.0' ],
3149 silly audit   'strip-ansi': [ '7.2.0', '6.0.1' ],
3149 silly audit   environment: [ '1.1.0' ],
3149 silly audit   'restore-cursor': [ '5.1.0' ],
3149 silly audit   yallist: [ '3.1.1', '5.0.0', '4.0.0' ],
3149 silly audit   'mime-db': [ '1.54.0' ],
3149 silly audit   'msgpackr-extract': [ '3.0.3' ],
3149 silly audit   '@msgpackr-extract/msgpackr-extract-darwin-arm64': [ '3.0.3' ],
3149 silly audit   '@msgpackr-extract/msgpackr-extract-darwin-x64': [ '3.0.3' ],
3149 silly audit   '@msgpackr-extract/msgpackr-extract-linux-arm': [ '3.0.3' ],
3149 silly audit   '@msgpackr-extract/msgpackr-extract-linux-arm64': [ '3.0.3' ],
3149 silly audit   '@msgpackr-extract/msgpackr-extract-linux-x64': [ '3.0.3' ],
3149 silly audit   '@msgpackr-extract/msgpackr-extract-win32-x64': [ '3.0.3' ],
3149 silly audit   'detect-libc': [ '2.1.2' ],
3149 silly audit   'hosted-git-info': [ '9.0.3' ],
3149 silly audit   'proc-log': [ '6.1.0' ],
3149 silly audit   'validate-npm-package-name': [ '7.0.2' ],
3149 silly audit   'ee-first': [ '1.1.1' ],
3149 silly audit   wrappy: [ '1.0.2' ],
3149 silly audit   chalk: [ '5.6.2' ],
3149 silly audit   'cli-spinners': [ '3.4.0' ],
3149 silly audit   'is-interactive': [ '2.0.0' ],
3149 silly audit   'is-unicode-supported': [ '2.1.0' ],
3149 silly audit   'log-symbols': [ '7.0.1' ],
3149 silly audit   'stdin-discarder': [ '0.3.2' ],
3149 silly audit   yoctocolors: [ '2.1.2' ],
3149 silly audit   '@npmcli/git': [ '7.0.2' ],
3149 silly audit   '@npmcli/installed-package-contents': [ '4.0.0' ],
3149 silly audit   '@npmcli/package-json': [ '7.0.5' ],
3149 silly audit   '@npmcli/promise-spawn': [ '9.0.1' ],
3149 silly audit   '@npmcli/run-script': [ '10.0.4' ],
3149 silly audit   cacache: [ '20.0.4' ],
3149 silly audit   'fs-minipass': [ '3.0.3' ],
3149 silly audit   minipass: [ '7.1.3', '3.3.6' ],
3149 silly audit   'npm-packlist': [ '10.0.4' ],
3149 silly audit   'npm-pick-manifest': [ '11.0.3' ],
3149 silly audit   'npm-registry-fetch': [ '19.1.1' ],
3149 silly audit   'promise-retry': [ '2.0.1' ],
3149 silly audit   sigstore: [ '4.1.0' ],
3149 silly audit   ssri: [ '13.0.1' ],
3149 silly audit   tar: [ '7.5.15' ],
3149 silly audit   '@gar/promise-retry': [ '1.0.3' ],
3149 silly audit   'npm-bundled': [ '5.0.0' ],
3149 silly audit   'npm-normalize-package-bin': [ '5.0.0' ],
3149 silly audit   glob: [ '13.0.6' ],
3149 silly audit   'json-parse-even-better-errors': [ '5.0.0' ],
3149 silly audit   'spdx-expression-parse': [ '4.0.0' ],
3149 silly audit   '@npmcli/node-gyp': [ '5.0.0' ],
3149 silly audit   'node-gyp': [ '12.3.0' ],
3149 silly audit   '@npmcli/fs': [ '5.0.0' ],
3149 silly audit   'minipass-collect': [ '2.0.1' ],
3149 silly audit   'minipass-flush': [ '1.0.7' ],
3149 silly audit   'minipass-pipeline': [ '1.2.4' ],
3149 silly audit   'p-map': [ '7.0.4' ],
3149 silly audit   minimatch: [ '10.2.5' ],
3149 silly audit   'path-scurry': [ '2.0.2' ],
3149 silly audit   'brace-expansion': [ '5.0.6' ],
3149 silly audit   'balanced-match': [ '4.0.4' ],
3149 silly audit   'env-paths': [ '2.2.1' ],
3149 silly audit   'exponential-backoff': [ '3.1.3' ],
3149 silly audit   'graceful-fs': [ '4.2.11' ],
3149 silly audit   nopt: [ '9.0.0' ],
3149 silly audit   abbrev: [ '4.0.0' ],
3149 silly audit   'ignore-walk': [ '8.0.0' ],
3149 silly audit   'npm-install-checks': [ '8.0.0' ],
3149 silly audit   '@npmcli/redact': [ '4.0.0' ],
3149 silly audit   jsonparse: [ '1.3.1' ],
3149 silly audit   'make-fetch-happen': [ '15.0.5' ],
3149 silly audit   'minipass-fetch': [ '5.0.2' ],
3149 silly audit   minizlib: [ '3.1.0' ],
3149 silly audit   '@npmcli/agent': [ '4.0.0' ],
3149 silly audit   'http-cache-semantics': [ '4.2.0' ],
3149 silly audit   'socks-proxy-agent': [ '8.0.5' ],
3149 silly audit   'minipass-sized': [ '2.0.0' ],
3149 silly audit   'parse5-sax-parser': [ '8.0.0' ],
3149 silly audit   '@napi-rs/nice': [ '1.1.1' ],
3149 silly audit   '@napi-rs/nice-android-arm-eabi': [ '1.1.1' ],
3149 silly audit   '@napi-rs/nice-android-arm64': [ '1.1.1' ],
3149 silly audit   '@napi-rs/nice-darwin-arm64': [ '1.1.1' ],
3149 silly audit   '@napi-rs/nice-darwin-x64': [ '1.1.1' ],
3149 silly audit   '@napi-rs/nice-freebsd-x64': [ '1.1.1' ],
3149 silly audit   '@napi-rs/nice-linux-arm-gnueabihf': [ '1.1.1' ],
3149 silly audit   '@napi-rs/nice-linux-arm64-gnu': [ '1.1.1' ],
3149 silly audit   '@napi-rs/nice-linux-arm64-musl': [ '1.1.1' ],
3149 silly audit   '@napi-rs/nice-linux-ppc64-gnu': [ '1.1.1' ],
3149 silly audit   '@napi-rs/nice-linux-riscv64-gnu': [ '1.1.1' ],
3149 silly audit   '@napi-rs/nice-linux-s390x-gnu': [ '1.1.1' ],
3149 silly audit   '@napi-rs/nice-linux-x64-gnu': [ '1.1.1' ],
3149 silly audit   '@napi-rs/nice-linux-x64-musl': [ '1.1.1' ],
3149 silly audit   '@napi-rs/nice-openharmony-arm64': [ '1.1.1' ],
3149 silly audit   '@napi-rs/nice-win32-arm64-msvc': [ '1.1.1' ],
3149 silly audit   '@napi-rs/nice-win32-ia32-msvc': [ '1.1.1' ],
3149 silly audit   '@napi-rs/nice-win32-x64-msvc': [ '1.1.1' ],
3149 silly audit   nanoid: [ '3.3.12' ],
3149 silly audit   'err-code': [ '2.0.3' ],
3149 silly audit   retry: [ '0.12.0' ],
3149 silly audit   forwarded: [ '0.2.0' ],
3149 silly audit   'ipaddr.js': [ '1.9.1' ],
3149 silly audit   'side-channel': [ '1.1.0' ],
3149 silly audit   unpipe: [ '1.0.0' ],
3149 silly audit   onetime: [ '7.0.0' ],
3149 silly audit   'mimic-function': [ '5.0.1' ],
3149 silly audit   '@oxc-project/types': [ '0.113.0' ],
3149 silly audit   '@rolldown/binding-android-arm64': [ '1.0.0-rc.4' ],
3149 silly audit   '@rolldown/binding-darwin-arm64': [ '1.0.0-rc.4' ],
3149 silly audit   '@rolldown/binding-darwin-x64': [ '1.0.0-rc.4' ],
3149 silly audit   '@rolldown/binding-freebsd-x64': [ '1.0.0-rc.4' ],
3149 silly audit   '@rolldown/binding-linux-arm-gnueabihf': [ '1.0.0-rc.4' ],
3149 silly audit   '@rolldown/binding-linux-arm64-gnu': [ '1.0.0-rc.4' ],
3149 silly audit   '@rolldown/binding-linux-arm64-musl': [ '1.0.0-rc.4' ],
3149 silly audit   '@rolldown/binding-linux-x64-gnu': [ '1.0.0-rc.4' ],
3149 silly audit   '@rolldown/binding-linux-x64-musl': [ '1.0.0-rc.4' ],
3149 silly audit   '@rolldown/binding-openharmony-arm64': [ '1.0.0-rc.4' ],
3149 silly audit   '@rolldown/binding-wasm32-wasi': [ '1.0.0-rc.4' ],
3149 silly audit   '@rolldown/binding-win32-arm64-msvc': [ '1.0.0-rc.4' ],
3149 silly audit   '@rolldown/binding-win32-x64-msvc': [ '1.0.0-rc.4' ],
3149 silly audit   '@rolldown/pluginutils': [ '1.0.0-rc.4' ],
3149 silly audit   '@napi-rs/wasm-runtime': [ '1.1.4' ],
3149 silly audit   '@emnapi/core': [ '1.10.0' ],
3149 silly audit   '@emnapi/runtime': [ '1.10.0' ],
3149 silly audit   '@emnapi/wasi-threads': [ '1.2.1' ],
3149 silly audit   '@tybys/wasm-util': [ '0.10.2' ],
3149 silly audit   'is-promise': [ '4.0.0' ],
3149 silly audit   'path-to-regexp': [ '8.4.2' ],
3149 silly audit   '@parcel/watcher': [ '2.5.6' ],
3149 silly audit   immutable: [ '5.1.5' ],
3149 silly audit   '@parcel/watcher-android-arm64': [ '2.5.6' ],
3149 silly audit   '@parcel/watcher-darwin-arm64': [ '2.5.6' ],
3149 silly audit   '@parcel/watcher-darwin-x64': [ '2.5.6' ],
3149 silly audit   '@parcel/watcher-freebsd-x64': [ '2.5.6' ],
3149 silly audit   '@parcel/watcher-linux-arm-glibc': [ '2.5.6' ],
3149 silly audit   '@parcel/watcher-linux-arm-musl': [ '2.5.6' ],
3149 silly audit   '@parcel/watcher-linux-arm64-glibc': [ '2.5.6' ],
3149 silly audit   '@parcel/watcher-linux-arm64-musl': [ '2.5.6' ],
3149 silly audit   '@parcel/watcher-linux-x64-glibc': [ '2.5.6' ],
3149 silly audit   '@parcel/watcher-linux-x64-musl': [ '2.5.6' ],
3149 silly audit   '@parcel/watcher-win32-arm64': [ '2.5.6' ],
3149 silly audit   '@parcel/watcher-win32-ia32': [ '2.5.6' ],
3149 silly audit   '@parcel/watcher-win32-x64': [ '2.5.6' ],
3149 silly audit   'is-glob': [ '4.0.3' ],
3149 silly audit   'is-extglob': [ '2.1.1' ],
3149 silly audit   xmlchars: [ '2.2.0' ],
3149 silly audit   'shebang-regex': [ '3.0.0' ],
3149 silly audit   'es-errors': [ '1.3.0' ],
3149 silly audit   'object-inspect': [ '1.13.4' ],
3149 silly audit   'side-channel-list': [ '1.0.1' ],
3149 silly audit   'side-channel-map': [ '1.0.1' ],
3149 silly audit   'side-channel-weakmap': [ '1.0.2' ],
3149 silly audit   'call-bound': [ '1.0.4' ],
3149 silly audit   'get-intrinsic': [ '1.3.0' ],
3149 silly audit   'call-bind-apply-helpers': [ '1.0.2' ],
3149 silly audit   'function-bind': [ '1.1.2' ],
3149 silly audit   'es-define-property': [ '1.0.1' ],
3149 silly audit   'es-object-atoms': [ '1.1.1' ],
3149 silly audit   'get-proto': [ '1.0.1' ],
3149 silly audit   gopd: [ '1.2.0' ],
3149 silly audit   'has-symbols': [ '1.1.0' ],
3149 silly audit   hasown: [ '2.0.3' ],
3149 silly audit   'math-intrinsics': [ '1.1.0' ],
3149 silly audit   'dunder-proto': [ '1.0.1' ],
3149 silly audit   '@sigstore/bundle': [ '4.0.0' ],
3149 silly audit   '@sigstore/core': [ '3.2.0' ],
3149 silly audit   '@sigstore/protobuf-specs': [ '0.5.1' ],
3149 silly audit   '@sigstore/sign': [ '4.1.1' ],
3149 silly audit   '@sigstore/tuf': [ '4.0.2' ],
3149 silly audit   '@sigstore/verify': [ '3.1.0' ],
3149 silly audit   'tuf-js': [ '4.1.0' ],
3149 silly audit   'ansi-styles': [ '6.2.3', '4.3.0' ],
3149 silly audit   'is-fullwidth-code-point': [ '5.1.0', '3.0.0' ],
3149 silly audit   'get-east-asian-width': [ '1.6.0' ],
3149 silly audit   socks: [ '2.8.9' ],
3149 silly audit   'smart-buffer': [ '4.2.0' ],
3149 silly audit   'buffer-from': [ '1.1.2' ],
3149 silly audit   'spdx-exceptions': [ '2.5.0' ],
3149 silly audit   'spdx-license-ids': [ '3.0.23' ],
3149 silly audit   'ansi-regex': [ '6.2.2', '5.0.1' ],
3149 silly audit   '@isaacs/fs-minipass': [ '4.0.1' ],
3149 silly audit   chownr: [ '3.0.0' ],
3149 silly audit   fdir: [ '6.5.0' ],
3149 silly audit   tldts: [ '7.0.30' ],
3149 silly audit   'tldts-core': [ '7.0.30' ],
3149 silly audit   '@tufjs/models': [ '4.1.0' ],
3149 silly audit   '@tufjs/canonical-json': [ '2.0.0' ],
3149 silly audit   'media-typer': [ '1.1.0' ],
3149 silly audit   escalade: [ '3.2.0' ],
3149 silly audit   fsevents: [ '2.3.3' ],
3149 silly audit   rollup: [ '4.60.4' ],
3149 silly audit   '@rollup/rollup-android-arm-eabi': [ '4.60.4' ],
3149 silly audit   '@rollup/rollup-android-arm64': [ '4.60.4' ],
3149 silly audit   '@rollup/rollup-darwin-arm64': [ '4.60.4' ],
3149 silly audit   '@rollup/rollup-darwin-x64': [ '4.60.4' ],
3149 silly audit   '@rollup/rollup-freebsd-arm64': [ '4.60.4' ],
3149 silly audit   '@rollup/rollup-freebsd-x64': [ '4.60.4' ],
3149 silly audit   '@rollup/rollup-linux-arm-gnueabihf': [ '4.60.4' ],
3149 silly audit   '@rollup/rollup-linux-arm-musleabihf': [ '4.60.4' ],
3149 silly audit   '@rollup/rollup-linux-arm64-gnu': [ '4.60.4' ],
3149 silly audit   '@rollup/rollup-linux-arm64-musl': [ '4.60.4' ],
3149 silly audit   '@rollup/rollup-linux-loong64-gnu': [ '4.60.4' ],
3149 silly audit   '@rollup/rollup-linux-loong64-musl': [ '4.60.4' ],
3149 silly audit   '@rollup/rollup-linux-ppc64-gnu': [ '4.60.4' ],
3149 silly audit   '@rollup/rollup-linux-ppc64-musl': [ '4.60.4' ],
3149 silly audit   '@rollup/rollup-linux-riscv64-gnu': [ '4.60.4' ],
3149 silly audit   '@rollup/rollup-linux-riscv64-musl': [ '4.60.4' ],
3149 silly audit   '@rollup/rollup-linux-s390x-gnu': [ '4.60.4' ],
3149 silly audit   '@rollup/rollup-linux-x64-gnu': [ '4.60.4' ],
3149 silly audit   '@rollup/rollup-linux-x64-musl': [ '4.60.4' ],
3149 silly audit   '@rollup/rollup-openbsd-x64': [ '4.60.4' ],
3149 silly audit   '@rollup/rollup-openharmony-arm64': [ '4.60.4' ],
3149 silly audit   '@rollup/rollup-win32-arm64-msvc': [ '4.60.4' ],
3149 silly audit   '@rollup/rollup-win32-ia32-msvc': [ '4.60.4' ],
3149 silly audit   '@rollup/rollup-win32-x64-gnu': [ '4.60.4' ],
3149 silly audit   '@rollup/rollup-win32-x64-msvc': [ '4.60.4' ],
3149 silly audit   '@types/estree': [ '1.0.8' ],
3149 silly audit   '@vitest/expect': [ '4.1.6' ],
3149 silly audit   '@vitest/mocker': [ '4.1.6' ],
3149 silly audit   '@vitest/pretty-format': [ '4.1.6' ],
3149 silly audit   '@vitest/runner': [ '4.1.6' ],
3149 silly audit   '@vitest/snapshot': [ '4.1.6' ],
3149 silly audit   '@vitest/spy': [ '4.1.6' ],
3149 silly audit   '@vitest/utils': [ '4.1.6' ],
3149 silly audit   'es-module-lexer': [ '2.1.0' ],
3149 silly audit   'expect-type': [ '1.3.0' ],
3149 silly audit   obug: [ '2.1.1' ],
3149 silly audit   pathe: [ '2.0.3' ],
3149 silly audit   'std-env': [ '4.1.0' ],
3149 silly audit   tinybench: [ '2.9.0' ],
3149 silly audit   tinyexec: [ '1.1.2' ],
3149 silly audit   tinyrainbow: [ '3.1.0' ],
3149 silly audit   'why-is-node-running': [ '2.3.0' ],
3149 silly audit   '@types/chai': [ '5.2.3' ],
3149 silly audit   chai: [ '6.2.2' ],
3149 silly audit   '@types/deep-eql': [ '4.0.2' ],
3149 silly audit   'assertion-error': [ '2.0.1' ],
3149 silly audit   'estree-walker': [ '3.0.3' ],
3149 silly audit   'glob-to-regexp': [ '0.4.1' ],
3149 silly audit   tr46: [ '6.0.0' ],
3149 silly audit   punycode: [ '2.3.1' ],
3149 silly audit   isexe: [ '2.0.0', '4.0.0' ],
3149 silly audit   siginfo: [ '2.0.0' ],
3149 silly audit   stackback: [ '0.0.2' ],
3149 silly audit   cliui: [ '9.0.1' ],
3149 silly audit   'get-caller-file': [ '2.0.5' ],
3149 silly audit   y18n: [ '5.0.8' ],
3149 silly audit   'yargs-parser': [ '22.0.0' ],
3149 silly audit   'emoji-regex': [ '10.6.0', '8.0.0' ],
3149 silly audit   'color-convert': [ '2.0.1' ],
3149 silly audit   'color-name': [ '1.1.4' ]
3149 silly audit }
3150 http cache color-name@https://registry.npmjs.org/color-name/-/color-name-1.1.4.tgz 0ms (cache hit)
3151 http cache y18n@https://registry.npmjs.org/y18n/-/y18n-5.0.8.tgz 0ms (cache hit)
3152 http cache emoji-regex@https://registry.npmjs.org/emoji-regex/-/emoji-regex-10.6.0.tgz 0ms (cache hit)
3153 http cache color-convert@https://registry.npmjs.org/color-convert/-/color-convert-2.0.1.tgz 0ms (cache hit)
3154 http cache get-caller-file@https://registry.npmjs.org/get-caller-file/-/get-caller-file-2.0.5.tgz 0ms (cache hit)
3155 http cache cliui@https://registry.npmjs.org/cliui/-/cliui-9.0.1.tgz 0ms (cache hit)
3156 http cache stackback@https://registry.npmjs.org/stackback/-/stackback-0.0.2.tgz 0ms (cache hit)
3157 http cache isexe@https://registry.npmjs.org/isexe/-/isexe-2.0.0.tgz 0ms (cache hit)
3158 http cache siginfo@https://registry.npmjs.org/siginfo/-/siginfo-2.0.0.tgz 0ms (cache hit)
3159 http cache tr46@https://registry.npmjs.org/tr46/-/tr46-6.0.0.tgz 0ms (cache hit)
3160 http cache yargs-parser@https://registry.npmjs.org/yargs-parser/-/yargs-parser-22.0.0.tgz 0ms (cache hit)
3161 http cache punycode@https://registry.npmjs.org/punycode/-/punycode-2.3.1.tgz 0ms (cache hit)
3162 http cache glob-to-regexp@https://registry.npmjs.org/glob-to-regexp/-/glob-to-regexp-0.4.1.tgz 0ms (cache hit)
3163 http cache @types/deep-eql@https://registry.npmjs.org/@types/deep-eql/-/deep-eql-4.0.2.tgz 0ms (cache hit)
3164 http cache @types/chai@https://registry.npmjs.org/@types/chai/-/chai-5.2.3.tgz 0ms (cache hit)
3165 http cache estree-walker@https://registry.npmjs.org/estree-walker/-/estree-walker-3.0.3.tgz 0ms (cache hit)
3166 http cache assertion-error@https://registry.npmjs.org/assertion-error/-/assertion-error-2.0.1.tgz 0ms (cache hit)
3167 http cache chai@https://registry.npmjs.org/chai/-/chai-6.2.2.tgz 0ms (cache hit)
3168 http cache tinyrainbow@https://registry.npmjs.org/tinyrainbow/-/tinyrainbow-3.1.0.tgz 1ms (cache hit)
3169 http cache tinyexec@https://registry.npmjs.org/tinyexec/-/tinyexec-1.1.2.tgz 0ms (cache hit)
3170 http cache why-is-node-running@https://registry.npmjs.org/why-is-node-running/-/why-is-node-running-2.3.0.tgz 0ms (cache hit)
3171 http cache obug@https://registry.npmjs.org/obug/-/obug-2.1.1.tgz 0ms (cache hit)
3172 http cache tinybench@https://registry.npmjs.org/tinybench/-/tinybench-2.9.0.tgz 0ms (cache hit)
3173 http cache std-env@https://registry.npmjs.org/std-env/-/std-env-4.1.0.tgz 0ms (cache hit)
3174 http cache @vitest/utils@https://registry.npmjs.org/@vitest/utils/-/utils-4.1.6.tgz 0ms (cache hit)
3175 http cache pathe@https://registry.npmjs.org/pathe/-/pathe-2.0.3.tgz 0ms (cache hit)
3176 http cache @vitest/snapshot@https://registry.npmjs.org/@vitest/snapshot/-/snapshot-4.1.6.tgz 0ms (cache hit)
3177 http cache expect-type@https://registry.npmjs.org/expect-type/-/expect-type-1.3.0.tgz 0ms (cache hit)
3178 http cache es-module-lexer@https://registry.npmjs.org/es-module-lexer/-/es-module-lexer-2.1.0.tgz 0ms (cache hit)
3179 http cache @vitest/spy@https://registry.npmjs.org/@vitest/spy/-/spy-4.1.6.tgz 0ms (cache hit)
3180 http cache @vitest/expect@https://registry.npmjs.org/@vitest/expect/-/expect-4.1.6.tgz 0ms (cache hit)
3181 http cache @types/estree@https://registry.npmjs.org/@types/estree/-/estree-1.0.8.tgz 0ms (cache hit)
3182 http cache @rollup/rollup-win32-x64-gnu@https://registry.npmjs.org/@rollup/rollup-win32-x64-gnu/-/rollup-win32-x64-gnu-4.60.4.tgz 0ms (cache hit)
3183 http cache @rollup/rollup-win32-x64-msvc@https://registry.npmjs.org/@rollup/rollup-win32-x64-msvc/-/rollup-win32-x64-msvc-4.60.4.tgz 0ms (cache hit)
3184 http cache @vitest/pretty-format@https://registry.npmjs.org/@vitest/pretty-format/-/pretty-format-4.1.6.tgz 0ms (cache hit)
3185 http cache @vitest/mocker@https://registry.npmjs.org/@vitest/mocker/-/mocker-4.1.6.tgz 0ms (cache hit)
3186 http cache @vitest/runner@https://registry.npmjs.org/@vitest/runner/-/runner-4.1.6.tgz 0ms (cache hit)
3187 http cache rollup@https://registry.npmjs.org/rollup/-/rollup-4.60.4.tgz 0ms (cache hit)
3188 http cache @tufjs/models@https://registry.npmjs.org/@tufjs/models/-/models-4.1.0.tgz 0ms (cache hit)
3189 http cache escalade@https://registry.npmjs.org/escalade/-/escalade-3.2.0.tgz 0ms (cache hit)
3190 http cache @tufjs/canonical-json@https://registry.npmjs.org/@tufjs/canonical-json/-/canonical-json-2.0.0.tgz 0ms (cache hit)
3191 http cache media-typer@https://registry.npmjs.org/media-typer/-/media-typer-1.1.0.tgz 0ms (cache hit)
3192 http cache tldts-core@https://registry.npmjs.org/tldts-core/-/tldts-core-7.0.30.tgz 0ms (cache hit)
3193 http cache tldts@https://registry.npmjs.org/tldts/-/tldts-7.0.30.tgz 0ms (cache hit)
3194 http cache fdir@https://registry.npmjs.org/fdir/-/fdir-6.5.0.tgz 0ms (cache hit)
3195 http cache @isaacs/fs-minipass@https://registry.npmjs.org/@isaacs/fs-minipass/-/fs-minipass-4.0.1.tgz 0ms (cache hit)
3196 http cache chownr@https://registry.npmjs.org/chownr/-/chownr-3.0.0.tgz 0ms (cache hit)
3197 http cache ansi-regex@https://registry.npmjs.org/ansi-regex/-/ansi-regex-6.2.2.tgz 0ms (cache hit)
3198 http cache spdx-license-ids@https://registry.npmjs.org/spdx-license-ids/-/spdx-license-ids-3.0.23.tgz 0ms (cache hit)
3199 http cache spdx-exceptions@https://registry.npmjs.org/spdx-exceptions/-/spdx-exceptions-2.5.0.tgz 0ms (cache hit)
3200 http cache socks@https://registry.npmjs.org/socks/-/socks-2.8.9.tgz 0ms (cache hit)
3201 http cache smart-buffer@https://registry.npmjs.org/smart-buffer/-/smart-buffer-4.2.0.tgz 0ms (cache hit)
3202 http cache buffer-from@https://registry.npmjs.org/buffer-from/-/buffer-from-1.1.2.tgz 0ms (cache hit)
3203 http cache @sigstore/verify@https://registry.npmjs.org/@sigstore/verify/-/verify-3.1.0.tgz 0ms (cache hit)
3204 http cache is-fullwidth-code-point@https://registry.npmjs.org/is-fullwidth-code-point/-/is-fullwidth-code-point-5.1.0.tgz 0ms (cache hit)
3205 http cache @sigstore/tuf@https://registry.npmjs.org/@sigstore/tuf/-/tuf-4.0.2.tgz 0ms (cache hit)
3206 http cache @sigstore/sign@https://registry.npmjs.org/@sigstore/sign/-/sign-4.1.1.tgz 0ms (cache hit)
3207 http cache @sigstore/protobuf-specs@https://registry.npmjs.org/@sigstore/protobuf-specs/-/protobuf-specs-0.5.1.tgz 0ms (cache hit)
3208 http cache @sigstore/core@https://registry.npmjs.org/@sigstore/core/-/core-3.2.0.tgz 0ms (cache hit)
3209 http cache @sigstore/bundle@https://registry.npmjs.org/@sigstore/bundle/-/bundle-4.0.0.tgz 0ms (cache hit)
3210 http cache get-east-asian-width@https://registry.npmjs.org/get-east-asian-width/-/get-east-asian-width-1.6.0.tgz 0ms (cache hit)
3211 http cache tuf-js@https://registry.npmjs.org/tuf-js/-/tuf-js-4.1.0.tgz 0ms (cache hit)
3212 http cache dunder-proto@https://registry.npmjs.org/dunder-proto/-/dunder-proto-1.0.1.tgz 0ms (cache hit)
3213 http cache ansi-styles@https://registry.npmjs.org/ansi-styles/-/ansi-styles-6.2.3.tgz 0ms (cache hit)
3214 http cache hasown@https://registry.npmjs.org/hasown/-/hasown-2.0.3.tgz 0ms (cache hit)
3215 http cache math-intrinsics@https://registry.npmjs.org/math-intrinsics/-/math-intrinsics-1.1.0.tgz 0ms (cache hit)
3216 http cache has-symbols@https://registry.npmjs.org/has-symbols/-/has-symbols-1.1.0.tgz 0ms (cache hit)
3217 http cache gopd@https://registry.npmjs.org/gopd/-/gopd-1.2.0.tgz 0ms (cache hit)
3218 http cache es-object-atoms@https://registry.npmjs.org/es-object-atoms/-/es-object-atoms-1.1.1.tgz 0ms (cache hit)
3219 http cache function-bind@https://registry.npmjs.org/function-bind/-/function-bind-1.1.2.tgz 0ms (cache hit)
3220 http cache get-proto@https://registry.npmjs.org/get-proto/-/get-proto-1.0.1.tgz 0ms (cache hit)
3221 http cache es-define-property@https://registry.npmjs.org/es-define-property/-/es-define-property-1.0.1.tgz 0ms (cache hit)
3222 http cache get-intrinsic@https://registry.npmjs.org/get-intrinsic/-/get-intrinsic-1.3.0.tgz 0ms (cache hit)
3223 http cache call-bind-apply-helpers@https://registry.npmjs.org/call-bind-apply-helpers/-/call-bind-apply-helpers-1.0.2.tgz 0ms (cache hit)
3224 http cache call-bound@https://registry.npmjs.org/call-bound/-/call-bound-1.0.4.tgz 0ms (cache hit)
3225 http cache side-channel-weakmap@https://registry.npmjs.org/side-channel-weakmap/-/side-channel-weakmap-1.0.2.tgz 0ms (cache hit)
3226 http cache object-inspect@https://registry.npmjs.org/object-inspect/-/object-inspect-1.13.4.tgz 0ms (cache hit)
3227 http cache side-channel-list@https://registry.npmjs.org/side-channel-list/-/side-channel-list-1.0.1.tgz 0ms (cache hit)
3228 http cache es-errors@https://registry.npmjs.org/es-errors/-/es-errors-1.3.0.tgz 0ms (cache hit)
3229 http cache side-channel-map@https://registry.npmjs.org/side-channel-map/-/side-channel-map-1.0.1.tgz 0ms (cache hit)
3230 http cache shebang-regex@https://registry.npmjs.org/shebang-regex/-/shebang-regex-3.0.0.tgz 0ms (cache hit)
3231 http cache @parcel/watcher-win32-x64@https://registry.npmjs.org/@parcel/watcher-win32-x64/-/watcher-win32-x64-2.5.6.tgz 0ms (cache hit)
3232 http cache xmlchars@https://registry.npmjs.org/xmlchars/-/xmlchars-2.2.0.tgz 0ms (cache hit)
3233 http cache @parcel/watcher@https://registry.npmjs.org/@parcel/watcher/-/watcher-2.5.6.tgz 0ms (cache hit)
3234 http cache is-extglob@https://registry.npmjs.org/is-extglob/-/is-extglob-2.1.1.tgz 0ms (cache hit)
3235 http cache is-glob@https://registry.npmjs.org/is-glob/-/is-glob-4.0.3.tgz 0ms (cache hit)
3236 http cache @rolldown/binding-win32-x64-msvc@https://registry.npmjs.org/@rolldown/binding-win32-x64-msvc/-/binding-win32-x64-msvc-1.0.0-rc.4.tgz 0ms (cache hit)
3237 http cache immutable@https://registry.npmjs.org/immutable/-/immutable-5.1.5.tgz 0ms (cache hit)
3238 http cache path-to-regexp@https://registry.npmjs.org/path-to-regexp/-/path-to-regexp-8.4.2.tgz 0ms (cache hit)
3239 http cache @rolldown/pluginutils@https://registry.npmjs.org/@rolldown/pluginutils/-/pluginutils-1.0.0-rc.4.tgz 0ms (cache hit)
3240 http cache is-promise@https://registry.npmjs.org/is-promise/-/is-promise-4.0.0.tgz 0ms (cache hit)
3241 http cache @oxc-project/types@https://registry.npmjs.org/@oxc-project/types/-/types-0.113.0.tgz 0ms (cache hit)
3242 http cache mimic-function@https://registry.npmjs.org/mimic-function/-/mimic-function-5.0.1.tgz 0ms (cache hit)
3243 http cache onetime@https://registry.npmjs.org/onetime/-/onetime-7.0.0.tgz 0ms (cache hit)
3244 http cache unpipe@https://registry.npmjs.org/unpipe/-/unpipe-1.0.0.tgz 0ms (cache hit)
3245 http cache side-channel@https://registry.npmjs.org/side-channel/-/side-channel-1.1.0.tgz 0ms (cache hit)
3246 http cache ipaddr.js@https://registry.npmjs.org/ipaddr.js/-/ipaddr.js-1.9.1.tgz 0ms (cache hit)
3247 http cache retry@https://registry.npmjs.org/retry/-/retry-0.12.0.tgz 0ms (cache hit)
3248 http cache err-code@https://registry.npmjs.org/err-code/-/err-code-2.0.3.tgz 0ms (cache hit)
3249 http cache forwarded@https://registry.npmjs.org/forwarded/-/forwarded-0.2.0.tgz 0ms (cache hit)
3250 http cache @napi-rs/nice@https://registry.npmjs.org/@napi-rs/nice/-/nice-1.1.1.tgz 0ms (cache hit)
3251 http cache @napi-rs/nice-win32-x64-msvc@https://registry.npmjs.org/@napi-rs/nice-win32-x64-msvc/-/nice-win32-x64-msvc-1.1.1.tgz 0ms (cache hit)
3252 http cache parse5-sax-parser@https://registry.npmjs.org/parse5-sax-parser/-/parse5-sax-parser-8.0.0.tgz 0ms (cache hit)
3253 http cache minipass-sized@https://registry.npmjs.org/minipass-sized/-/minipass-sized-2.0.0.tgz 0ms (cache hit)
3254 http cache nanoid@https://registry.npmjs.org/nanoid/-/nanoid-3.3.12.tgz 0ms (cache hit)
3255 http cache socks-proxy-agent@https://registry.npmjs.org/socks-proxy-agent/-/socks-proxy-agent-8.0.5.tgz 0ms (cache hit)
3256 http cache http-cache-semantics@https://registry.npmjs.org/http-cache-semantics/-/http-cache-semantics-4.2.0.tgz 0ms (cache hit)
3257 http cache @npmcli/agent@https://registry.npmjs.org/@npmcli/agent/-/agent-4.0.0.tgz 0ms (cache hit)
3258 http cache minipass-fetch@https://registry.npmjs.org/minipass-fetch/-/minipass-fetch-5.0.2.tgz 0ms (cache hit)
3259 http cache @npmcli/redact@https://registry.npmjs.org/@npmcli/redact/-/redact-4.0.0.tgz 0ms (cache hit)
3260 http cache jsonparse@https://registry.npmjs.org/jsonparse/-/jsonparse-1.3.1.tgz 0ms (cache hit)
3261 http cache minizlib@https://registry.npmjs.org/minizlib/-/minizlib-3.1.0.tgz 0ms (cache hit)
3262 http cache make-fetch-happen@https://registry.npmjs.org/make-fetch-happen/-/make-fetch-happen-15.0.5.tgz 0ms (cache hit)
3263 http cache npm-install-checks@https://registry.npmjs.org/npm-install-checks/-/npm-install-checks-8.0.0.tgz 0ms (cache hit)
3264 http cache ignore-walk@https://registry.npmjs.org/ignore-walk/-/ignore-walk-8.0.0.tgz 0ms (cache hit)
3265 http cache nopt@https://registry.npmjs.org/nopt/-/nopt-9.0.0.tgz 0ms (cache hit)
3266 http cache graceful-fs@https://registry.npmjs.org/graceful-fs/-/graceful-fs-4.2.11.tgz 0ms (cache hit)
3267 http cache abbrev@https://registry.npmjs.org/abbrev/-/abbrev-4.0.0.tgz 0ms (cache hit)
3268 http cache exponential-backoff@https://registry.npmjs.org/exponential-backoff/-/exponential-backoff-3.1.3.tgz 0ms (cache hit)
3269 http cache brace-expansion@https://registry.npmjs.org/brace-expansion/-/brace-expansion-5.0.6.tgz 0ms (cache hit)
3270 http cache balanced-match@https://registry.npmjs.org/balanced-match/-/balanced-match-4.0.4.tgz 0ms (cache hit)
3271 http cache env-paths@https://registry.npmjs.org/env-paths/-/env-paths-2.2.1.tgz 0ms (cache hit)
3272 http cache path-scurry@https://registry.npmjs.org/path-scurry/-/path-scurry-2.0.2.tgz 0ms (cache hit)
3273 http cache minimatch@https://registry.npmjs.org/minimatch/-/minimatch-10.2.5.tgz 0ms (cache hit)
3274 http cache @npmcli/fs@https://registry.npmjs.org/@npmcli/fs/-/fs-5.0.0.tgz 0ms (cache hit)
3275 http cache p-map@https://registry.npmjs.org/p-map/-/p-map-7.0.4.tgz 0ms (cache hit)
3276 http cache minipass-pipeline@https://registry.npmjs.org/minipass-pipeline/-/minipass-pipeline-1.2.4.tgz 0ms (cache hit)
3277 http cache minipass-collect@https://registry.npmjs.org/minipass-collect/-/minipass-collect-2.0.1.tgz 0ms (cache hit)
3278 http cache @npmcli/node-gyp@https://registry.npmjs.org/@npmcli/node-gyp/-/node-gyp-5.0.0.tgz 0ms (cache hit)
3279 http cache minipass-flush@https://registry.npmjs.org/minipass-flush/-/minipass-flush-1.0.7.tgz 0ms (cache hit)
3280 http cache node-gyp@https://registry.npmjs.org/node-gyp/-/node-gyp-12.3.0.tgz 0ms (cache hit)
3281 http cache spdx-expression-parse@https://registry.npmjs.org/spdx-expression-parse/-/spdx-expression-parse-4.0.0.tgz 0ms (cache hit)
3282 http cache glob@https://registry.npmjs.org/glob/-/glob-13.0.6.tgz 0ms (cache hit)
3283 http cache @gar/promise-retry@https://registry.npmjs.org/@gar/promise-retry/-/promise-retry-1.0.3.tgz 0ms (cache hit)
3284 http cache npm-normalize-package-bin@https://registry.npmjs.org/npm-normalize-package-bin/-/npm-normalize-package-bin-5.0.0.tgz 0ms (cache hit)
3285 http cache npm-bundled@https://registry.npmjs.org/npm-bundled/-/npm-bundled-5.0.0.tgz 0ms (cache hit)
3286 http cache json-parse-even-better-errors@https://registry.npmjs.org/json-parse-even-better-errors/-/json-parse-even-better-errors-5.0.0.tgz 0ms (cache hit)
3287 http cache tar@https://registry.npmjs.org/tar/-/tar-7.5.15.tgz 0ms (cache hit)
3288 http cache ssri@https://registry.npmjs.org/ssri/-/ssri-13.0.1.tgz 0ms (cache hit)
3289 http cache sigstore@https://registry.npmjs.org/sigstore/-/sigstore-4.1.0.tgz 0ms (cache hit)
3290 http cache promise-retry@https://registry.npmjs.org/promise-retry/-/promise-retry-2.0.1.tgz 0ms (cache hit)
3291 http cache npm-registry-fetch@https://registry.npmjs.org/npm-registry-fetch/-/npm-registry-fetch-19.1.1.tgz 0ms (cache hit)
3292 http cache npm-pick-manifest@https://registry.npmjs.org/npm-pick-manifest/-/npm-pick-manifest-11.0.3.tgz 0ms (cache hit)
3293 http cache npm-packlist@https://registry.npmjs.org/npm-packlist/-/npm-packlist-10.0.4.tgz 0ms (cache hit)
3294 http cache @npmcli/run-script@https://registry.npmjs.org/@npmcli/run-script/-/run-script-10.0.4.tgz 0ms (cache hit)
3295 http cache @npmcli/promise-spawn@https://registry.npmjs.org/@npmcli/promise-spawn/-/promise-spawn-9.0.1.tgz 0ms (cache hit)
3296 http cache @npmcli/package-json@https://registry.npmjs.org/@npmcli/package-json/-/package-json-7.0.5.tgz 0ms (cache hit)
3297 http cache @npmcli/installed-package-contents@https://registry.npmjs.org/@npmcli/installed-package-contents/-/installed-package-contents-4.0.0.tgz 0ms (cache hit)
3298 http cache @npmcli/git@https://registry.npmjs.org/@npmcli/git/-/git-7.0.2.tgz 0ms (cache hit)
3299 http cache fs-minipass@https://registry.npmjs.org/fs-minipass/-/fs-minipass-3.0.3.tgz 0ms (cache hit)
3300 http cache minipass@https://registry.npmjs.org/minipass/-/minipass-7.1.3.tgz 0ms (cache hit)
3301 http cache cacache@https://registry.npmjs.org/cacache/-/cacache-20.0.4.tgz 0ms (cache hit)
3302 http cache stdin-discarder@https://registry.npmjs.org/stdin-discarder/-/stdin-discarder-0.3.2.tgz 0ms (cache hit)
3303 http cache log-symbols@https://registry.npmjs.org/log-symbols/-/log-symbols-7.0.1.tgz 0ms (cache hit)
3304 http cache is-unicode-supported@https://registry.npmjs.org/is-unicode-supported/-/is-unicode-supported-2.1.0.tgz 0ms (cache hit)
3305 http cache is-interactive@https://registry.npmjs.org/is-interactive/-/is-interactive-2.0.0.tgz 0ms (cache hit)
3306 http cache cli-spinners@https://registry.npmjs.org/cli-spinners/-/cli-spinners-3.4.0.tgz 0ms (cache hit)
3307 http cache chalk@https://registry.npmjs.org/chalk/-/chalk-5.6.2.tgz 0ms (cache hit)
3308 http cache wrappy@https://registry.npmjs.org/wrappy/-/wrappy-1.0.2.tgz 0ms (cache hit)
3309 http cache ee-first@https://registry.npmjs.org/ee-first/-/ee-first-1.1.1.tgz 0ms (cache hit)
3310 http cache validate-npm-package-name@https://registry.npmjs.org/validate-npm-package-name/-/validate-npm-package-name-7.0.2.tgz 0ms (cache hit)
3311 http cache yoctocolors@https://registry.npmjs.org/yoctocolors/-/yoctocolors-2.1.2.tgz 0ms (cache hit)
3312 http cache @msgpackr-extract/msgpackr-extract-win32-x64@https://registry.npmjs.org/@msgpackr-extract/msgpackr-extract-win32-x64/-/msgpackr-extract-win32-x64-3.0.3.tgz 0ms (cache hit)
3313 http cache proc-log@https://registry.npmjs.org/proc-log/-/proc-log-6.1.0.tgz 0ms (cache hit)
3314 http cache hosted-git-info@https://registry.npmjs.org/hosted-git-info/-/hosted-git-info-9.0.3.tgz 0ms (cache hit)
3315 http cache detect-libc@https://registry.npmjs.org/detect-libc/-/detect-libc-2.1.2.tgz 0ms (cache hit)
3316 http cache msgpackr-extract@https://registry.npmjs.org/msgpackr-extract/-/msgpackr-extract-3.0.3.tgz 0ms (cache hit)
3317 http cache mime-db@https://registry.npmjs.org/mime-db/-/mime-db-1.54.0.tgz 0ms (cache hit)
3318 http cache yallist@https://registry.npmjs.org/yallist/-/yallist-3.1.1.tgz 0ms (cache hit)
3319 http cache restore-cursor@https://registry.npmjs.org/restore-cursor/-/restore-cursor-5.1.0.tgz 0ms (cache hit)
3320 http cache strip-ansi@https://registry.npmjs.org/strip-ansi/-/strip-ansi-7.2.0.tgz 0ms (cache hit)
3321 http cache cli-cursor@https://registry.npmjs.org/cli-cursor/-/cli-cursor-5.0.0.tgz 0ms (cache hit)
3322 http cache environment@https://registry.npmjs.org/environment/-/environment-1.1.0.tgz 0ms (cache hit)
3323 http cache ansi-escapes@https://registry.npmjs.org/ansi-escapes/-/ansi-escapes-7.3.0.tgz 0ms (cache hit)
3324 http cache weak-lru-cache@https://registry.npmjs.org/weak-lru-cache/-/weak-lru-cache-1.2.2.tgz 0ms (cache hit)
3325 http cache ordered-binary@https://registry.npmjs.org/ordered-binary/-/ordered-binary-1.6.1.tgz 0ms (cache hit)
3326 http cache @lmdb/lmdb-win32-x64@https://registry.npmjs.org/@lmdb/lmdb-win32-x64/-/lmdb-win32-x64-3.5.1.tgz 0ms (cache hit)
3327 http cache node-addon-api@https://registry.npmjs.org/node-addon-api/-/node-addon-api-6.1.0.tgz 0ms (cache hit)
3328 http cache @harperfast/extended-iterable@https://registry.npmjs.org/@harperfast/extended-iterable/-/extended-iterable-1.0.3.tgz 0ms (cache hit)
3329 http cache node-gyp-build-optional-packages@https://registry.npmjs.org/node-gyp-build-optional-packages/-/node-gyp-build-optional-packages-5.2.2.tgz 0ms (cache hit)
3330 http cache msgpackr@https://registry.npmjs.org/msgpackr/-/msgpackr-1.11.12.tgz 0ms (cache hit)
3331 http cache string-width@https://registry.npmjs.org/string-width/-/string-width-8.2.1.tgz 0ms (cache hit)
3332 http cache slice-ansi@https://registry.npmjs.org/slice-ansi/-/slice-ansi-8.0.0.tgz 0ms (cache hit)
3333 http cache log-update@https://registry.npmjs.org/log-update/-/log-update-6.1.0.tgz 0ms (cache hit)
3334 http cache rfdc@https://registry.npmjs.org/rfdc/-/rfdc-1.4.1.tgz 0ms (cache hit)
3335 http cache eventemitter3@https://registry.npmjs.org/eventemitter3/-/eventemitter3-5.0.4.tgz 0ms (cache hit)
3336 http cache @csstools/css-color-parser@https://registry.npmjs.org/@csstools/css-color-parser/-/css-color-parser-4.1.1.tgz 0ms (cache hit)
3337 http cache colorette@https://registry.npmjs.org/colorette/-/colorette-2.0.20.tgz 0ms (cache hit)
3338 http cache cli-truncate@https://registry.npmjs.org/cli-truncate/-/cli-truncate-5.2.0.tgz 0ms (cache hit)
3339 http cache @csstools/color-helpers@https://registry.npmjs.org/@csstools/color-helpers/-/color-helpers-6.0.2.tgz 0ms (cache hit)
3340 http cache @csstools/css-tokenizer@https://registry.npmjs.org/@csstools/css-tokenizer/-/css-tokenizer-4.0.0.tgz 0ms (cache hit)
3341 http cache @asamuzakjp/generational-cache@https://registry.npmjs.org/@asamuzakjp/generational-cache/-/generational-cache-1.0.1.tgz 0ms (cache hit)
3342 http cache @csstools/css-parser-algorithms@https://registry.npmjs.org/@csstools/css-parser-algorithms/-/css-parser-algorithms-4.0.0.tgz 0ms (cache hit)
3343 http cache source-map-js@https://registry.npmjs.org/source-map-js/-/source-map-js-1.2.1.tgz 0ms (cache hit)
3344 http cache @csstools/css-calc@https://registry.npmjs.org/@csstools/css-calc/-/css-calc-3.2.1.tgz 0ms (cache hit)
3345 http cache @asamuzakjp/css-color@https://registry.npmjs.org/@asamuzakjp/css-color/-/css-color-5.1.11.tgz 0ms (cache hit)
3346 http cache @csstools/css-syntax-patches-for-csstree@https://registry.npmjs.org/@csstools/css-syntax-patches-for-csstree/-/css-syntax-patches-for-csstree-1.1.4.tgz 0ms (cache hit)
3347 http cache @asamuzakjp/nwsapi@https://registry.npmjs.org/@asamuzakjp/nwsapi/-/nwsapi-2.3.9.tgz 0ms (cache hit)
3348 http cache bidi-js@https://registry.npmjs.org/bidi-js/-/bidi-js-1.0.3.tgz 0ms (cache hit)
3349 http cache css-tree@https://registry.npmjs.org/css-tree/-/css-tree-3.2.1.tgz 0ms (cache hit)
3350 http cache xml-name-validator@https://registry.npmjs.org/xml-name-validator/-/xml-name-validator-5.0.0.tgz 0ms (cache hit)
3351 http cache whatwg-url@https://registry.npmjs.org/whatwg-url/-/whatwg-url-16.0.1.tgz 0ms (cache hit)
3352 http cache whatwg-mimetype@https://registry.npmjs.org/whatwg-mimetype/-/whatwg-mimetype-5.0.0.tgz 0ms (cache hit)
3353 http cache webidl-conversions@https://registry.npmjs.org/webidl-conversions/-/webidl-conversions-8.0.1.tgz 0ms (cache hit)
3354 http cache w3c-xmlserializer@https://registry.npmjs.org/w3c-xmlserializer/-/w3c-xmlserializer-5.0.0.tgz 0ms (cache hit)
3355 http cache tough-cookie@https://registry.npmjs.org/tough-cookie/-/tough-cookie-6.0.1.tgz 0ms (cache hit)
3356 http cache mdn-data@https://registry.npmjs.org/mdn-data/-/mdn-data-2.27.1.tgz 0ms (cache hit)
3357 http cache parse5@https://registry.npmjs.org/parse5/-/parse5-8.0.1.tgz 0ms (cache hit)
3358 http cache is-potential-custom-element-name@https://registry.npmjs.org/is-potential-custom-element-name/-/is-potential-custom-element-name-1.0.1.tgz 0ms (cache hit)
3359 http cache saxes@https://registry.npmjs.org/saxes/-/saxes-6.0.0.tgz 0ms (cache hit)
3360 http cache http-proxy-agent@https://registry.npmjs.org/http-proxy-agent/-/http-proxy-agent-7.0.2.tgz 0ms (cache hit)
3361 http cache symbol-tree@https://registry.npmjs.org/symbol-tree/-/symbol-tree-3.2.4.tgz 0ms (cache hit)
3362 http cache @exodus/bytes@https://registry.npmjs.org/@exodus/bytes/-/bytes-1.15.0.tgz 0ms (cache hit)
3363 http cache html-encoding-sniffer@https://registry.npmjs.org/html-encoding-sniffer/-/html-encoding-sniffer-6.0.0.tgz 0ms (cache hit)
3364 http cache @asamuzakjp/dom-selector@https://registry.npmjs.org/@asamuzakjp/dom-selector/-/dom-selector-6.8.1.tgz 0ms (cache hit)
3365 http cache decimal.js@https://registry.npmjs.org/decimal.js/-/decimal.js-10.6.0.tgz 0ms (cache hit)
3366 http cache @bramus/specificity@https://registry.npmjs.org/@bramus/specificity/-/specificity-2.4.2.tgz 0ms (cache hit)
3367 http cache @acemir/cssom@https://registry.npmjs.org/@acemir/cssom/-/cssom-0.9.31.tgz 0ms (cache hit)
3368 http cache @istanbuljs/schema@https://registry.npmjs.org/@istanbuljs/schema/-/schema-0.1.6.tgz 0ms (cache hit)
3369 http cache data-urls@https://registry.npmjs.org/data-urls/-/data-urls-7.0.0.tgz 0ms (cache hit)
3370 http cache cssstyle@https://registry.npmjs.org/cssstyle/-/cssstyle-6.2.0.tgz 0ms (cache hit)
3371 http cache safer-buffer@https://registry.npmjs.org/safer-buffer/-/safer-buffer-2.1.2.tgz 0ms (cache hit)
3372 http cache istanbul-lib-coverage@https://registry.npmjs.org/istanbul-lib-coverage/-/istanbul-lib-coverage-3.2.2.tgz 0ms (cache hit)
3373 http cache agent-base@https://registry.npmjs.org/agent-base/-/agent-base-7.1.4.tgz 0ms (cache hit)
3374 http cache toidentifier@https://registry.npmjs.org/toidentifier/-/toidentifier-1.0.1.tgz 0ms (cache hit)
3375 http cache setprototypeof@https://registry.npmjs.org/setprototypeof/-/setprototypeof-1.2.0.tgz 0ms (cache hit)
3376 http cache inherits@https://registry.npmjs.org/inherits/-/inherits-2.0.4.tgz 0ms (cache hit)
3377 http cache ip-address@https://registry.npmjs.org/ip-address/-/ip-address-10.2.0.tgz 0ms (cache hit)
3378 http cache bytes@https://registry.npmjs.org/bytes/-/bytes-3.1.2.tgz 0ms (cache hit)
3379 http cache type-is@https://registry.npmjs.org/type-is/-/type-is-2.1.0.tgz 0ms (cache hit)
3380 http cache negotiator@https://registry.npmjs.org/negotiator/-/negotiator-1.0.0.tgz 0ms (cache hit)
3381 http cache serve-static@https://registry.npmjs.org/serve-static/-/serve-static-2.2.1.tgz 0ms (cache hit)
3382 http cache statuses@https://registry.npmjs.org/statuses/-/statuses-2.0.2.tgz 0ms (cache hit)
3383 http cache send@https://registry.npmjs.org/send/-/send-1.2.1.tgz 0ms (cache hit)
3384 http cache range-parser@https://registry.npmjs.org/range-parser/-/range-parser-1.2.1.tgz 0ms (cache hit)
3385 http cache router@https://registry.npmjs.org/router/-/router-2.2.0.tgz 0ms (cache hit)
3386 http cache proxy-addr@https://registry.npmjs.org/proxy-addr/-/proxy-addr-2.0.7.tgz 0ms (cache hit)
3387 http cache parseurl@https://registry.npmjs.org/parseurl/-/parseurl-1.3.3.tgz 0ms (cache hit)
3388 http cache qs@https://registry.npmjs.org/qs/-/qs-6.15.2.tgz 0ms (cache hit)
3389 http cache once@https://registry.npmjs.org/once/-/once-1.4.0.tgz 0ms (cache hit)
3390 http cache on-finished@https://registry.npmjs.org/on-finished/-/on-finished-2.4.1.tgz 0ms (cache hit)
3391 http cache merge-descriptors@https://registry.npmjs.org/merge-descriptors/-/merge-descriptors-2.0.0.tgz 0ms (cache hit)
3392 http cache http-errors@https://registry.npmjs.org/http-errors/-/http-errors-2.0.1.tgz 0ms (cache hit)
3393 http cache mime-types@https://registry.npmjs.org/mime-types/-/mime-types-3.0.2.tgz 0ms (cache hit)
3394 http cache fresh@https://registry.npmjs.org/fresh/-/fresh-2.0.0.tgz 0ms (cache hit)
3395 http cache etag@https://registry.npmjs.org/etag/-/etag-1.8.1.tgz 0ms (cache hit)
3396 http cache finalhandler@https://registry.npmjs.org/finalhandler/-/finalhandler-2.1.1.tgz 0ms (cache hit)
3397 http cache escape-html@https://registry.npmjs.org/escape-html/-/escape-html-1.0.3.tgz 0ms (cache hit)
3398 http cache encodeurl@https://registry.npmjs.org/encodeurl/-/encodeurl-2.0.0.tgz 0ms (cache hit)
3399 http cache cookie-signature@https://registry.npmjs.org/cookie-signature/-/cookie-signature-1.2.2.tgz 1ms (cache hit)
3400 http cache body-parser@https://registry.npmjs.org/body-parser/-/body-parser-2.2.2.tgz 0ms (cache hit)
3401 http cache content-disposition@https://registry.npmjs.org/content-disposition/-/content-disposition-1.1.0.tgz 0ms (cache hit)
3402 http cache cookie@https://registry.npmjs.org/cookie/-/cookie-0.7.2.tgz 0ms (cache hit)
3403 http cache @esbuild/win32-x64@https://registry.npmjs.org/@esbuild/win32-x64/-/win32-x64-0.27.3.tgz 0ms (cache hit)
3404 http cache depd@https://registry.npmjs.org/depd/-/depd-2.0.0.tgz 0ms (cache hit)
3405 http cache accepts@https://registry.npmjs.org/accepts/-/accepts-2.0.0.tgz 0ms (cache hit)
3406 http cache domelementtype@https://registry.npmjs.org/domelementtype/-/domelementtype-2.3.0.tgz 0ms (cache hit)
3407 http cache entities@https://registry.npmjs.org/entities/-/entities-4.5.0.tgz 0ms (cache hit)
3408 http cache ms@https://registry.npmjs.org/ms/-/ms-2.1.3.tgz 0ms (cache hit)
3409 http cache nth-check@https://registry.npmjs.org/nth-check/-/nth-check-2.1.1.tgz 0ms (cache hit)
3410 http cache domutils@https://registry.npmjs.org/domutils/-/domutils-3.2.2.tgz 0ms (cache hit)
3411 http cache which@https://registry.npmjs.org/which/-/which-2.0.2.tgz 0ms (cache hit)
3412 http cache shebang-command@https://registry.npmjs.org/shebang-command/-/shebang-command-2.0.0.tgz 0ms (cache hit)
3413 http cache boolbase@https://registry.npmjs.org/boolbase/-/boolbase-1.0.0.tgz 0ms (cache hit)
3414 http cache path-key@https://registry.npmjs.org/path-key/-/path-key-3.1.1.tgz 0ms (cache hit)
3415 http cache vary@https://registry.npmjs.org/vary/-/vary-1.1.2.tgz 0ms (cache hit)
3416 http cache object-assign@https://registry.npmjs.org/object-assign/-/object-assign-4.1.1.tgz 0ms (cache hit)
3417 http cache update-browserslist-db@https://registry.npmjs.org/update-browserslist-db/-/update-browserslist-db-1.2.3.tgz 0ms (cache hit)
3418 http cache readdirp@https://registry.npmjs.org/readdirp/-/readdirp-5.0.0.tgz 0ms (cache hit)
3419 http cache node-releases@https://registry.npmjs.org/node-releases/-/node-releases-2.0.44.tgz 0ms (cache hit)
3420 http cache electron-to-chromium@https://registry.npmjs.org/electron-to-chromium/-/electron-to-chromium-1.5.359.tgz 0ms (cache hit)
3421 http cache caniuse-lite@https://registry.npmjs.org/caniuse-lite/-/caniuse-lite-1.0.30001793.tgz 0ms (cache hit)
3422 http cache baseline-browser-mapping@https://registry.npmjs.org/baseline-browser-mapping/-/baseline-browser-mapping-2.10.31.tgz 0ms (cache hit)
3423 http cache postcss-safe-parser@https://registry.npmjs.org/postcss-safe-parser/-/postcss-safe-parser-7.0.1.tgz 0ms (cache hit)
3424 http cache postcss@https://registry.npmjs.org/postcss/-/postcss-8.5.14.tgz 0ms (cache hit)
3425 http cache htmlparser2@https://registry.npmjs.org/htmlparser2/-/htmlparser2-10.1.0.tgz 0ms (cache hit)
3426 http cache postcss-media-query-parser@https://registry.npmjs.org/postcss-media-query-parser/-/postcss-media-query-parser-0.2.3.tgz 0ms (cache hit)
3427 http cache domhandler@https://registry.npmjs.org/domhandler/-/domhandler-5.0.3.tgz 0ms (cache hit)
3428 http cache @algolia/requester-node-http@https://registry.npmjs.org/@algolia/requester-node-http/-/requester-node-http-5.48.1.tgz 0ms (cache hit)
3429 http cache dom-serializer@https://registry.npmjs.org/dom-serializer/-/dom-serializer-2.0.0.tgz 0ms (cache hit)
3430 http cache css-what@https://registry.npmjs.org/css-what/-/css-what-7.0.0.tgz 0ms (cache hit)
3431 http cache @algolia/requester-fetch@https://registry.npmjs.org/@algolia/requester-fetch/-/requester-fetch-5.48.1.tgz 0ms (cache hit)
3432 http cache css-select@https://registry.npmjs.org/css-select/-/css-select-6.0.0.tgz 0ms (cache hit)
3433 http cache @algolia/recommend@https://registry.npmjs.org/@algolia/recommend/-/recommend-5.48.1.tgz 0ms (cache hit)
3434 http cache @algolia/requester-browser-xhr@https://registry.npmjs.org/@algolia/requester-browser-xhr/-/requester-browser-xhr-5.48.1.tgz 0ms (cache hit)
3435 http cache @algolia/monitoring@https://registry.npmjs.org/@algolia/monitoring/-/monitoring-1.48.1.tgz 0ms (cache hit)
3436 http cache @algolia/ingestion@https://registry.npmjs.org/@algolia/ingestion/-/ingestion-1.48.1.tgz 0ms (cache hit)
3437 http cache @algolia/client-search@https://registry.npmjs.org/@algolia/client-search/-/client-search-5.48.1.tgz 0ms (cache hit)
3438 http cache @algolia/client-query-suggestions@https://registry.npmjs.org/@algolia/client-query-suggestions/-/client-query-suggestions-5.48.1.tgz 0ms (cache hit)
3439 http cache @algolia/client-personalization@https://registry.npmjs.org/@algolia/client-personalization/-/client-personalization-5.48.1.tgz 0ms (cache hit)
3440 http cache @algolia/client-insights@https://registry.npmjs.org/@algolia/client-insights/-/client-insights-5.48.1.tgz 0ms (cache hit)
3441 http cache require-from-string@https://registry.npmjs.org/require-from-string/-/require-from-string-2.0.2.tgz 0ms (cache hit)
3442 http cache @algolia/client-analytics@https://registry.npmjs.org/@algolia/client-analytics/-/client-analytics-5.48.1.tgz 0ms (cache hit)
3443 http cache json-schema-traverse@https://registry.npmjs.org/json-schema-traverse/-/json-schema-traverse-1.0.0.tgz 0ms (cache hit)
3444 http cache @algolia/client-common@https://registry.npmjs.org/@algolia/client-common/-/client-common-5.48.1.tgz 0ms (cache hit)
3445 http cache @algolia/client-abtesting@https://registry.npmjs.org/@algolia/client-abtesting/-/client-abtesting-5.48.1.tgz 0ms (cache hit)
3446 http cache fast-deep-equal@https://registry.npmjs.org/fast-deep-equal/-/fast-deep-equal-3.1.3.tgz 0ms (cache hit)
3447 http cache @algolia/abtesting@https://registry.npmjs.org/@algolia/abtesting/-/abtesting-1.14.1.tgz 0ms (cache hit)
3448 http cache zod-to-json-schema@https://registry.npmjs.org/zod-to-json-schema/-/zod-to-json-schema-3.25.2.tgz 0ms (cache hit)
3449 http cache json-schema-typed@https://registry.npmjs.org/json-schema-typed/-/json-schema-typed-8.0.2.tgz 0ms (cache hit)
3450 http cache raw-body@https://registry.npmjs.org/raw-body/-/raw-body-3.0.2.tgz 0ms (cache hit)
3451 http cache pkce-challenge@https://registry.npmjs.org/pkce-challenge/-/pkce-challenge-5.0.1.tgz 0ms (cache hit)
3452 http cache jose@https://registry.npmjs.org/jose/-/jose-6.2.3.tgz 0ms (cache hit)
3453 http cache express@https://registry.npmjs.org/express/-/express-5.2.1.tgz 0ms (cache hit)
3454 http cache express-rate-limit@https://registry.npmjs.org/express-rate-limit/-/express-rate-limit-8.5.2.tgz 0ms (cache hit)
3455 http cache eventsource-parser@https://registry.npmjs.org/eventsource-parser/-/eventsource-parser-3.0.8.tgz 0ms (cache hit)
3456 http cache cross-spawn@https://registry.npmjs.org/cross-spawn/-/cross-spawn-7.0.6.tgz 0ms (cache hit)
3457 http cache eventsource@https://registry.npmjs.org/eventsource/-/eventsource-3.0.7.tgz 0ms (cache hit)
3458 http cache cors@https://registry.npmjs.org/cors/-/cors-2.8.6.tgz 0ms (cache hit)
3459 http cache fast-uri@https://registry.npmjs.org/fast-uri/-/fast-uri-3.1.2.tgz 0ms (cache hit)
3460 http cache @jridgewell/resolve-uri@https://registry.npmjs.org/@jridgewell/resolve-uri/-/resolve-uri-3.1.2.tgz 0ms (cache hit)
3461 http cache hono@https://registry.npmjs.org/hono/-/hono-4.12.19.tgz 0ms (cache hit)
3462 http cache @hono/node-server@https://registry.npmjs.org/@hono/node-server/-/node-server-1.19.14.tgz 0ms (cache hit)
3463 http cache content-type@https://registry.npmjs.org/content-type/-/content-type-1.0.5.tgz 0ms (cache hit)
3464 http cache iconv-lite@https://registry.npmjs.org/iconv-lite/-/iconv-lite-0.7.2.tgz 0ms (cache hit)
3465 http cache @inquirer/external-editor@https://registry.npmjs.org/@inquirer/external-editor/-/external-editor-1.0.3.tgz 0ms (cache hit)
3466 http cache chardet@https://registry.npmjs.org/chardet/-/chardet-2.1.1.tgz 0ms (cache hit)
3467 http cache @inquirer/select@https://registry.npmjs.org/@inquirer/select/-/select-4.4.2.tgz 0ms (cache hit)
3468 http cache @inquirer/search@https://registry.npmjs.org/@inquirer/search/-/search-3.2.2.tgz 0ms (cache hit)
3469 http cache @inquirer/rawlist@https://registry.npmjs.org/@inquirer/rawlist/-/rawlist-4.1.11.tgz 0ms (cache hit)
3470 http cache @inquirer/password@https://registry.npmjs.org/@inquirer/password/-/password-4.0.23.tgz 0ms (cache hit)
3471 http cache @inquirer/number@https://registry.npmjs.org/@inquirer/number/-/number-3.0.23.tgz 0ms (cache hit)
3472 http cache @inquirer/expand@https://registry.npmjs.org/@inquirer/expand/-/expand-4.0.23.tgz 0ms (cache hit)
3473 http cache @inquirer/editor@https://registry.npmjs.org/@inquirer/editor/-/editor-4.2.23.tgz 0ms (cache hit)
3474 http cache @inquirer/checkbox@https://registry.npmjs.org/@inquirer/checkbox/-/checkbox-4.3.2.tgz 0ms (cache hit)
3475 http cache @inquirer/input@https://registry.npmjs.org/@inquirer/input/-/input-4.3.1.tgz 0ms (cache hit)
3476 http cache @inquirer/figures@https://registry.npmjs.org/@inquirer/figures/-/figures-1.0.15.tgz 0ms (cache hit)
3477 http cache yoctocolors-cjs@https://registry.npmjs.org/yoctocolors-cjs/-/yoctocolors-cjs-2.1.3.tgz 0ms (cache hit)
3478 http cache wrap-ansi@https://registry.npmjs.org/wrap-ansi/-/wrap-ansi-6.2.0.tgz 0ms (cache hit)
3479 http cache signal-exit@https://registry.npmjs.org/signal-exit/-/signal-exit-4.1.0.tgz 0ms (cache hit)
3480 http cache mute-stream@https://registry.npmjs.org/mute-stream/-/mute-stream-2.0.0.tgz 0ms (cache hit)
3481 http cache @inquirer/ansi@https://registry.npmjs.org/@inquirer/ansi/-/ansi-1.0.2.tgz 0ms (cache hit)
3482 http cache cli-width@https://registry.npmjs.org/cli-width/-/cli-width-4.1.0.tgz 0ms (cache hit)
3483 http cache @inquirer/type@https://registry.npmjs.org/@inquirer/type/-/type-3.0.10.tgz 0ms (cache hit)
3484 http cache @inquirer/core@https://registry.npmjs.org/@inquirer/core/-/core-10.3.2.tgz 0ms (cache hit)
3485 http cache @babel/helper-string-parser@https://registry.npmjs.org/@babel/helper-string-parser/-/helper-string-parser-7.27.1.tgz 0ms (cache hit)
3486 http cache @babel/helper-globals@https://registry.npmjs.org/@babel/helper-globals/-/helper-globals-7.28.0.tgz 0ms (cache hit)
3487 http cache lru-cache@https://registry.npmjs.org/lru-cache/-/lru-cache-5.1.1.tgz 0ms (cache hit)
3488 http cache jsesc@https://registry.npmjs.org/jsesc/-/jsesc-3.1.0.tgz 0ms (cache hit)
3489 http cache @babel/helper-module-imports@https://registry.npmjs.org/@babel/helper-module-imports/-/helper-module-imports-7.28.6.tgz 0ms (cache hit)
3490 http cache picocolors@https://registry.npmjs.org/picocolors/-/picocolors-1.1.1.tgz 0ms (cache hit)
3491 http cache @babel/helper-validator-option@https://registry.npmjs.org/@babel/helper-validator-option/-/helper-validator-option-7.27.1.tgz 0ms (cache hit)
3492 http cache @babel/compat-data@https://registry.npmjs.org/@babel/compat-data/-/compat-data-7.29.3.tgz 0ms (cache hit)
3493 http cache @babel/helper-validator-identifier@https://registry.npmjs.org/@babel/helper-validator-identifier/-/helper-validator-identifier-7.28.5.tgz 0ms (cache hit)
3494 http cache js-tokens@https://registry.npmjs.org/js-tokens/-/js-tokens-4.0.0.tgz 0ms (cache hit)
3495 http cache json5@https://registry.npmjs.org/json5/-/json5-2.2.3.tgz 0ms (cache hit)
3496 http cache gensync@https://registry.npmjs.org/gensync/-/gensync-1.0.0-beta.2.tgz 0ms (cache hit)
3497 http cache debug@https://registry.npmjs.org/debug/-/debug-4.4.3.tgz 0ms (cache hit)
3498 http cache @jridgewell/remapping@https://registry.npmjs.org/@jridgewell/remapping/-/remapping-2.3.5.tgz 0ms (cache hit)
3499 http cache @babel/types@https://registry.npmjs.org/@babel/types/-/types-7.29.0.tgz 0ms (cache hit)
3500 http cache @babel/traverse@https://registry.npmjs.org/@babel/traverse/-/traverse-7.29.0.tgz 0ms (cache hit)
3501 http cache @babel/template@https://registry.npmjs.org/@babel/template/-/template-7.28.6.tgz 0ms (cache hit)
3502 http cache @babel/parser@https://registry.npmjs.org/@babel/parser/-/parser-7.29.3.tgz 0ms (cache hit)
3503 http cache @babel/helper-module-transforms@https://registry.npmjs.org/@babel/helper-module-transforms/-/helper-module-transforms-7.28.6.tgz 0ms (cache hit)
3504 http cache @babel/helpers@https://registry.npmjs.org/@babel/helpers/-/helpers-7.29.2.tgz 0ms (cache hit)
3505 http cache @babel/generator@https://registry.npmjs.org/@babel/generator/-/generator-7.29.1.tgz 0ms (cache hit)
3506 http cache @babel/code-frame@https://registry.npmjs.org/@babel/code-frame/-/code-frame-7.29.0.tgz 0ms (cache hit)
3507 http cache @babel/helper-compilation-targets@https://registry.npmjs.org/@babel/helper-compilation-targets/-/helper-compilation-targets-7.28.6.tgz 0ms (cache hit)
3508 http cache @standard-schema/spec@https://registry.npmjs.org/@standard-schema/spec/-/spec-1.1.0.tgz 0ms (cache hit)
3509 http cache @jridgewell/sourcemap-codec@https://registry.npmjs.org/@jridgewell/sourcemap-codec/-/sourcemap-codec-1.5.5.tgz 0ms (cache hit)
3510 http cache reflect-metadata@https://registry.npmjs.org/reflect-metadata/-/reflect-metadata-0.2.2.tgz 0ms (cache hit)
3511 http cache convert-source-map@https://registry.npmjs.org/convert-source-map/-/convert-source-map-1.9.0.tgz 0ms (cache hit)
3512 http cache chokidar@https://registry.npmjs.org/chokidar/-/chokidar-5.0.0.tgz 0ms (cache hit)
3513 http cache ora@https://registry.npmjs.org/ora/-/ora-9.3.0.tgz 0ms (cache hit)
3514 http cache zod@https://registry.npmjs.org/zod/-/zod-4.3.6.tgz 0ms (cache hit)
3515 http cache pacote@https://registry.npmjs.org/pacote/-/pacote-21.3.1.tgz 0ms (cache hit)
3516 http cache npm-package-arg@https://registry.npmjs.org/npm-package-arg/-/npm-package-arg-13.0.2.tgz 0ms (cache hit)
3517 http cache @schematics/angular@https://registry.npmjs.org/@schematics/angular/-/angular-21.2.11.tgz 0ms (cache hit)
3518 http cache yargs@https://registry.npmjs.org/yargs/-/yargs-18.0.0.tgz 0ms (cache hit)
3519 http cache @yarnpkg/lockfile@https://registry.npmjs.org/@yarnpkg/lockfile/-/lockfile-1.1.0.tgz 0ms (cache hit)
3520 http cache ini@https://registry.npmjs.org/ini/-/ini-6.0.0.tgz 0ms (cache hit)
3521 http cache @modelcontextprotocol/sdk@https://registry.npmjs.org/@modelcontextprotocol/sdk/-/sdk-1.26.0.tgz 0ms (cache hit)
3522 http cache algoliasearch@https://registry.npmjs.org/algoliasearch/-/algoliasearch-5.48.1.tgz 0ms (cache hit)
3523 http cache @angular-devkit/schematics@https://registry.npmjs.org/@angular-devkit/schematics/-/schematics-21.2.11.tgz 0ms (cache hit)
3524 http cache @inquirer/prompts@https://registry.npmjs.org/@inquirer/prompts/-/prompts-7.10.1.tgz 0ms (cache hit)
3525 http cache @listr2/prompt-adapter-inquirer@https://registry.npmjs.org/@listr2/prompt-adapter-inquirer/-/prompt-adapter-inquirer-3.0.5.tgz 0ms (cache hit)
3526 http cache @angular-devkit/core@https://registry.npmjs.org/@angular-devkit/core/-/core-21.2.11.tgz 0ms (cache hit)
3527 http cache @jridgewell/trace-mapping@https://registry.npmjs.org/@jridgewell/trace-mapping/-/trace-mapping-0.3.31.tgz 0ms (cache hit)
3528 http cache @jridgewell/gen-mapping@https://registry.npmjs.org/@jridgewell/gen-mapping/-/gen-mapping-0.3.13.tgz 0ms (cache hit)
3529 http cache source-map@https://registry.npmjs.org/source-map/-/source-map-0.7.6.tgz 0ms (cache hit)
3530 http cache ajv-formats@https://registry.npmjs.org/ajv-formats/-/ajv-formats-3.0.1.tgz 0ms (cache hit)
3531 http cache ajv@https://registry.npmjs.org/ajv/-/ajv-8.18.0.tgz 0ms (cache hit)
3532 http cache watchpack@https://registry.npmjs.org/watchpack/-/watchpack-2.5.1.tgz 0ms (cache hit)
3533 http cache source-map-support@https://registry.npmjs.org/source-map-support/-/source-map-support-0.5.21.tgz 0ms (cache hit)
3534 http cache undici@https://registry.npmjs.org/undici/-/undici-7.24.4.tgz 1ms (cache hit)
3535 http cache sass@https://registry.npmjs.org/sass/-/sass-1.97.3.tgz 0ms (cache hit)
3536 http cache semver@https://registry.npmjs.org/semver/-/semver-7.7.4.tgz 0ms (cache hit)
3537 http cache piscina@https://registry.npmjs.org/piscina/-/piscina-5.1.4.tgz 0ms (cache hit)
3538 http cache rolldown@https://registry.npmjs.org/rolldown/-/rolldown-1.0.0-rc.4.tgz 0ms (cache hit)
3539 http cache picomatch@https://registry.npmjs.org/picomatch/-/picomatch-4.0.4.tgz 0ms (cache hit)
3540 http cache tinyglobby@https://registry.npmjs.org/tinyglobby/-/tinyglobby-0.2.15.tgz 0ms (cache hit)
3541 http cache parse5-html-rewriting-stream@https://registry.npmjs.org/parse5-html-rewriting-stream/-/parse5-html-rewriting-stream-8.0.0.tgz 0ms (cache hit)
3542 http cache magic-string@https://registry.npmjs.org/magic-string/-/magic-string-0.30.21.tgz 0ms (cache hit)
3543 http cache listr2@https://registry.npmjs.org/listr2/-/listr2-9.0.5.tgz 0ms (cache hit)
3544 http cache lmdb@https://registry.npmjs.org/lmdb/-/lmdb-3.5.1.tgz 0ms (cache hit)
3545 http cache istanbul-lib-instrument@https://registry.npmjs.org/istanbul-lib-instrument/-/istanbul-lib-instrument-6.0.3.tgz 0ms (cache hit)
3546 http cache jsonc-parser@https://registry.npmjs.org/jsonc-parser/-/jsonc-parser-3.3.1.tgz 0ms (cache hit)
3547 http cache https-proxy-agent@https://registry.npmjs.org/https-proxy-agent/-/https-proxy-agent-7.0.6.tgz 0ms (cache hit)
3548 http cache browserslist@https://registry.npmjs.org/browserslist/-/browserslist-4.28.2.tgz 0ms (cache hit)
3549 http cache @inquirer/confirm@https://registry.npmjs.org/@inquirer/confirm/-/confirm-5.1.21.tgz 0ms (cache hit)
3550 http cache esbuild@https://registry.npmjs.org/esbuild/-/esbuild-0.27.3.tgz 0ms (cache hit)
3551 http cache beasties@https://registry.npmjs.org/beasties/-/beasties-0.4.1.tgz 0ms (cache hit)
3552 http cache @vitejs/plugin-basic-ssl@https://registry.npmjs.org/@vitejs/plugin-basic-ssl/-/plugin-basic-ssl-2.1.4.tgz 0ms (cache hit)
3553 http cache @angular-devkit/architect@https://registry.npmjs.org/@angular-devkit/architect/-/architect-0.2102.11.tgz 0ms (cache hit)
3554 http cache vite@https://registry.npmjs.org/vite/-/vite-7.3.2.tgz 0ms (cache hit)
3555 http cache prettier@https://registry.npmjs.org/prettier/-/prettier-3.8.3.tgz 0ms (cache hit)
3556 http cache @babel/helper-split-export-declaration@https://registry.npmjs.org/@babel/helper-split-export-declaration/-/helper-split-export-declaration-7.24.7.tgz 0ms (cache hit)
3557 http cache @babel/helper-annotate-as-pure@https://registry.npmjs.org/@babel/helper-annotate-as-pure/-/helper-annotate-as-pure-7.27.3.tgz 0ms (cache hit)
3558 http cache @babel/core@https://registry.npmjs.org/@babel/core/-/core-7.29.0.tgz 0ms (cache hit)
3559 http cache vitest@https://registry.npmjs.org/vitest/-/vitest-4.1.6.tgz 0ms (cache hit)
3560 http cache @ampproject/remapping@https://registry.npmjs.org/@ampproject/remapping/-/remapping-2.3.0.tgz 0ms (cache hit)
3561 http cache jsdom@https://registry.npmjs.org/jsdom/-/jsdom-28.1.0.tgz 0ms (cache hit)
3562 http cache @angular/platform-browser@https://registry.npmjs.org/@angular/platform-browser/-/platform-browser-21.2.13.tgz 0ms (cache hit)
3563 http cache @angular/forms@https://registry.npmjs.org/@angular/forms/-/forms-21.2.13.tgz 0ms (cache hit)
3564 http cache @angular/router@https://registry.npmjs.org/@angular/router/-/router-21.2.13.tgz 0ms (cache hit)
3565 http cache rxjs@https://registry.npmjs.org/rxjs/-/rxjs-7.8.2.tgz 0ms (cache hit)
3566 http cache @angular/core@https://registry.npmjs.org/@angular/core/-/core-21.2.13.tgz 0ms (cache hit)
3567 http cache @angular/common@https://registry.npmjs.org/@angular/common/-/common-21.2.13.tgz 0ms (cache hit)
3568 http cache typescript@https://registry.npmjs.org/typescript/-/typescript-5.9.3.tgz 0ms (cache hit)
3569 http cache @angular/cli@https://registry.npmjs.org/@angular/cli/-/cli-21.2.11.tgz 0ms (cache hit)
3570 http cache tslib@https://registry.npmjs.org/tslib/-/tslib-2.8.1.tgz 0ms (cache hit)
3571 http cache @angular/compiler-cli@https://registry.npmjs.org/@angular/compiler-cli/-/compiler-cli-21.2.13.tgz 0ms (cache hit)
3572 http cache @angular/compiler@https://registry.npmjs.org/@angular/compiler/-/compiler-21.2.13.tgz 0ms (cache hit)
3573 http cache wrap-ansi@https://registry.npmjs.org/wrap-ansi/-/wrap-ansi-9.0.2.tgz 0ms (cache hit)
3574 http cache @angular/build@https://registry.npmjs.org/@angular/build/-/build-21.2.11.tgz 0ms (cache hit)
3575 http cache string-width@https://registry.npmjs.org/string-width/-/string-width-7.2.0.tgz 0ms (cache hit)
3576 http cache convert-source-map@https://registry.npmjs.org/convert-source-map/-/convert-source-map-2.0.0.tgz 0ms (cache hit)
3577 http cache node-addon-api@https://registry.npmjs.org/node-addon-api/-/node-addon-api-7.1.1.tgz 0ms (cache hit)
3578 http cache lru-cache@https://registry.npmjs.org/lru-cache/-/lru-cache-11.4.0.tgz 0ms (cache hit)
3579 http cache lru-cache@https://registry.npmjs.org/lru-cache/-/lru-cache-11.4.0.tgz 0ms (cache hit)
3580 http cache yallist@https://registry.npmjs.org/yallist/-/yallist-4.0.0.tgz 0ms (cache hit)
3581 http cache minipass@https://registry.npmjs.org/minipass/-/minipass-3.3.6.tgz 0ms (cache hit)
3582 http cache yallist@https://registry.npmjs.org/yallist/-/yallist-4.0.0.tgz 0ms (cache hit)
3583 http cache which@https://registry.npmjs.org/which/-/which-6.0.1.tgz 0ms (cache hit)
3584 http cache minipass@https://registry.npmjs.org/minipass/-/minipass-3.3.6.tgz 0ms (cache hit)
3585 http cache yallist@https://registry.npmjs.org/yallist/-/yallist-5.0.0.tgz 0ms (cache hit)
3586 http cache undici@https://registry.npmjs.org/undici/-/undici-6.25.0.tgz 0ms (cache hit)
3587 http cache isexe@https://registry.npmjs.org/isexe/-/isexe-4.0.0.tgz 0ms (cache hit)
3588 http cache isexe@https://registry.npmjs.org/isexe/-/isexe-4.0.0.tgz 0ms (cache hit)
3589 http cache lru-cache@https://registry.npmjs.org/lru-cache/-/lru-cache-11.4.0.tgz 0ms (cache hit)
3590 http cache which@https://registry.npmjs.org/which/-/which-6.0.1.tgz 0ms (cache hit)
3591 http cache lru-cache@https://registry.npmjs.org/lru-cache/-/lru-cache-11.4.0.tgz 0ms (cache hit)
3592 http cache isexe@https://registry.npmjs.org/isexe/-/isexe-4.0.0.tgz 0ms (cache hit)
3593 http cache mrmime@https://registry.npmjs.org/mrmime/-/mrmime-2.0.1.tgz 0ms (cache hit)
3594 http cache lru-cache@https://registry.npmjs.org/lru-cache/-/lru-cache-11.4.0.tgz 0ms (cache hit)
3595 http cache which@https://registry.npmjs.org/which/-/which-6.0.1.tgz 0ms (cache hit)
3596 http cache entities@https://registry.npmjs.org/entities/-/entities-8.0.0.tgz 0ms (cache hit)
3597 http cache string-width@https://registry.npmjs.org/string-width/-/string-width-7.2.0.tgz 0ms (cache hit)
3598 http cache lru-cache@https://registry.npmjs.org/lru-cache/-/lru-cache-11.4.0.tgz 0ms (cache hit)
3599 http cache slice-ansi@https://registry.npmjs.org/slice-ansi/-/slice-ansi-7.1.2.tgz 0ms (cache hit)
3600 http cache wrap-ansi@https://registry.npmjs.org/wrap-ansi/-/wrap-ansi-9.0.2.tgz 0ms (cache hit)
3601 http cache entities@https://registry.npmjs.org/entities/-/entities-7.0.1.tgz 0ms (cache hit)
3602 http cache lru-cache@https://registry.npmjs.org/lru-cache/-/lru-cache-11.4.0.tgz 0ms (cache hit)
3603 http cache content-type@https://registry.npmjs.org/content-type/-/content-type-2.0.0.tgz 0ms (cache hit)
3604 http cache ansi-regex@https://registry.npmjs.org/ansi-regex/-/ansi-regex-5.0.1.tgz 0ms (cache hit)
3605 http cache strip-ansi@https://registry.npmjs.org/strip-ansi/-/strip-ansi-6.0.1.tgz 0ms (cache hit)
3606 http cache emoji-regex@https://registry.npmjs.org/emoji-regex/-/emoji-regex-8.0.0.tgz 0ms (cache hit)
3607 http cache string-width@https://registry.npmjs.org/string-width/-/string-width-4.2.3.tgz 0ms (cache hit)
3608 http cache semver@https://registry.npmjs.org/semver/-/semver-6.3.1.tgz 0ms (cache hit)
3609 http cache is-fullwidth-code-point@https://registry.npmjs.org/is-fullwidth-code-point/-/is-fullwidth-code-point-3.0.0.tgz 0ms (cache hit)
3610 http cache string-width@https://registry.npmjs.org/string-width/-/string-width-7.2.0.tgz 0ms (cache hit)
3611 http cache ansi-styles@https://registry.npmjs.org/ansi-styles/-/ansi-styles-4.3.0.tgz 0ms (cache hit)
3612 http cache source-map@https://registry.npmjs.org/source-map/-/source-map-0.6.1.tgz 0ms (cache hit)
3613 http cache chokidar@https://registry.npmjs.org/chokidar/-/chokidar-4.0.3.tgz 0ms (cache hit)
3614 http cache readdirp@https://registry.npmjs.org/readdirp/-/readdirp-4.1.2.tgz 0ms (cache hit)
3615 http cache entities@https://registry.npmjs.org/entities/-/entities-6.0.1.tgz 0ms (cache hit)
3616 http cache wrap-ansi@https://registry.npmjs.org/wrap-ansi/-/wrap-ansi-9.0.2.tgz 0ms (cache hit)
3617 http cache string-width@https://registry.npmjs.org/string-width/-/string-width-7.2.0.tgz 0ms (cache hit)
3618 silly tarball no local data for stackback@https://registry.npmjs.org/stackback/-/stackback-0.0.2.tgz. Extracting by manifest.
3619 silly tarball no local data for siginfo@https://registry.npmjs.org/siginfo/-/siginfo-2.0.0.tgz. Extracting by manifest.
3620 silly tarball no local data for tr46@https://registry.npmjs.org/tr46/-/tr46-6.0.0.tgz. Extracting by manifest.
3621 silly tarball no local data for punycode@https://registry.npmjs.org/punycode/-/punycode-2.3.1.tgz. Extracting by manifest.
3622 silly tarball no local data for glob-to-regexp@https://registry.npmjs.org/glob-to-regexp/-/glob-to-regexp-0.4.1.tgz. Extracting by manifest.
3623 silly tarball no local data for @types/deep-eql@https://registry.npmjs.org/@types/deep-eql/-/deep-eql-4.0.2.tgz. Extracting by manifest.
3624 silly tarball no local data for @types/chai@https://registry.npmjs.org/@types/chai/-/chai-5.2.3.tgz. Extracting by manifest.
3625 silly tarball no local data for estree-walker@https://registry.npmjs.org/estree-walker/-/estree-walker-3.0.3.tgz. Extracting by manifest.
3626 silly tarball no local data for assertion-error@https://registry.npmjs.org/assertion-error/-/assertion-error-2.0.1.tgz. Extracting by manifest.
3627 silly tarball no local data for chai@https://registry.npmjs.org/chai/-/chai-6.2.2.tgz. Extracting by manifest.
3628 silly tarball no local data for tinyrainbow@https://registry.npmjs.org/tinyrainbow/-/tinyrainbow-3.1.0.tgz. Extracting by manifest.
3629 silly tarball no local data for tinyexec@https://registry.npmjs.org/tinyexec/-/tinyexec-1.1.2.tgz. Extracting by manifest.
3630 silly tarball no local data for why-is-node-running@https://registry.npmjs.org/why-is-node-running/-/why-is-node-running-2.3.0.tgz. Extracting by manifest.
3631 silly tarball no local data for obug@https://registry.npmjs.org/obug/-/obug-2.1.1.tgz. Extracting by manifest.
3632 silly tarball no local data for tinybench@https://registry.npmjs.org/tinybench/-/tinybench-2.9.0.tgz. Extracting by manifest.
3633 silly tarball no local data for std-env@https://registry.npmjs.org/std-env/-/std-env-4.1.0.tgz. Extracting by manifest.
3634 silly tarball no local data for @vitest/utils@https://registry.npmjs.org/@vitest/utils/-/utils-4.1.6.tgz. Extracting by manifest.
3635 silly tarball no local data for pathe@https://registry.npmjs.org/pathe/-/pathe-2.0.3.tgz. Extracting by manifest.
3636 silly tarball no local data for @vitest/snapshot@https://registry.npmjs.org/@vitest/snapshot/-/snapshot-4.1.6.tgz. Extracting by manifest.
3637 silly tarball no local data for expect-type@https://registry.npmjs.org/expect-type/-/expect-type-1.3.0.tgz. Extracting by manifest.
3638 silly tarball no local data for es-module-lexer@https://registry.npmjs.org/es-module-lexer/-/es-module-lexer-2.1.0.tgz. Extracting by manifest.
3639 silly tarball no local data for @vitest/spy@https://registry.npmjs.org/@vitest/spy/-/spy-4.1.6.tgz. Extracting by manifest.
3640 silly tarball no local data for @vitest/expect@https://registry.npmjs.org/@vitest/expect/-/expect-4.1.6.tgz. Extracting by manifest.
3641 silly tarball no local data for @types/estree@https://registry.npmjs.org/@types/estree/-/estree-1.0.8.tgz. Extracting by manifest.
3642 silly tarball no local data for @rollup/rollup-win32-x64-gnu@https://registry.npmjs.org/@rollup/rollup-win32-x64-gnu/-/rollup-win32-x64-gnu-4.60.4.tgz. Extracting by manifest.
3643 silly tarball no local data for @rollup/rollup-win32-x64-msvc@https://registry.npmjs.org/@rollup/rollup-win32-x64-msvc/-/rollup-win32-x64-msvc-4.60.4.tgz. Extracting by manifest.
3644 silly tarball no local data for @vitest/pretty-format@https://registry.npmjs.org/@vitest/pretty-format/-/pretty-format-4.1.6.tgz. Extracting by manifest.
3645 silly tarball no local data for @vitest/mocker@https://registry.npmjs.org/@vitest/mocker/-/mocker-4.1.6.tgz. Extracting by manifest.
3646 silly tarball no local data for @vitest/runner@https://registry.npmjs.org/@vitest/runner/-/runner-4.1.6.tgz. Extracting by manifest.
3647 silly tarball no local data for rollup@https://registry.npmjs.org/rollup/-/rollup-4.60.4.tgz. Extracting by manifest.
3648 silly tarball no local data for tldts-core@https://registry.npmjs.org/tldts-core/-/tldts-core-7.0.30.tgz. Extracting by manifest.
3649 silly tarball no local data for tldts@https://registry.npmjs.org/tldts/-/tldts-7.0.30.tgz. Extracting by manifest.
3650 silly tarball no local data for buffer-from@https://registry.npmjs.org/buffer-from/-/buffer-from-1.1.2.tgz. Extracting by manifest.
3651 silly tarball no local data for @parcel/watcher-win32-x64@https://registry.npmjs.org/@parcel/watcher-win32-x64/-/watcher-win32-x64-2.5.6.tgz. Extracting by manifest.
3652 silly tarball no local data for xmlchars@https://registry.npmjs.org/xmlchars/-/xmlchars-2.2.0.tgz. Extracting by manifest.
3653 silly tarball no local data for @parcel/watcher@https://registry.npmjs.org/@parcel/watcher/-/watcher-2.5.6.tgz. Extracting by manifest.
3654 silly tarball no local data for is-extglob@https://registry.npmjs.org/is-extglob/-/is-extglob-2.1.1.tgz. Extracting by manifest.
3655 silly tarball no local data for is-glob@https://registry.npmjs.org/is-glob/-/is-glob-4.0.3.tgz. Extracting by manifest.
3656 silly tarball no local data for @rolldown/binding-win32-x64-msvc@https://registry.npmjs.org/@rolldown/binding-win32-x64-msvc/-/binding-win32-x64-msvc-1.0.0-rc.4.tgz. Extracting by manifest.
3657 silly tarball no local data for immutable@https://registry.npmjs.org/immutable/-/immutable-5.1.5.tgz. Extracting by manifest.
3658 silly tarball no local data for @rolldown/pluginutils@https://registry.npmjs.org/@rolldown/pluginutils/-/pluginutils-1.0.0-rc.4.tgz. Extracting by manifest.
3659 silly tarball no local data for @oxc-project/types@https://registry.npmjs.org/@oxc-project/types/-/types-0.113.0.tgz. Extracting by manifest.
3660 silly tarball no local data for @napi-rs/nice@https://registry.npmjs.org/@napi-rs/nice/-/nice-1.1.1.tgz. Extracting by manifest.
3661 silly tarball no local data for @napi-rs/nice-win32-x64-msvc@https://registry.npmjs.org/@napi-rs/nice-win32-x64-msvc/-/nice-win32-x64-msvc-1.1.1.tgz. Extracting by manifest.
3662 silly tarball no local data for nanoid@https://registry.npmjs.org/nanoid/-/nanoid-3.3.12.tgz. Extracting by manifest.
3663 silly tarball no local data for @msgpackr-extract/msgpackr-extract-win32-x64@https://registry.npmjs.org/@msgpackr-extract/msgpackr-extract-win32-x64/-/msgpackr-extract-win32-x64-3.0.3.tgz. Extracting by manifest.
3664 silly tarball no local data for detect-libc@https://registry.npmjs.org/detect-libc/-/detect-libc-2.1.2.tgz. Extracting by manifest.
3665 silly tarball no local data for msgpackr-extract@https://registry.npmjs.org/msgpackr-extract/-/msgpackr-extract-3.0.3.tgz. Extracting by manifest.
3666 silly tarball no local data for yallist@https://registry.npmjs.org/yallist/-/yallist-3.1.1.tgz. Extracting by manifest.
3667 silly tarball no local data for weak-lru-cache@https://registry.npmjs.org/weak-lru-cache/-/weak-lru-cache-1.2.2.tgz. Extracting by manifest.
3668 silly tarball no local data for ordered-binary@https://registry.npmjs.org/ordered-binary/-/ordered-binary-1.6.1.tgz. Extracting by manifest.
3669 silly tarball no local data for @lmdb/lmdb-win32-x64@https://registry.npmjs.org/@lmdb/lmdb-win32-x64/-/lmdb-win32-x64-3.5.1.tgz. Extracting by manifest.
3670 silly tarball no local data for node-addon-api@https://registry.npmjs.org/node-addon-api/-/node-addon-api-6.1.0.tgz. Extracting by manifest.
3671 silly tarball no local data for @harperfast/extended-iterable@https://registry.npmjs.org/@harperfast/extended-iterable/-/extended-iterable-1.0.3.tgz. Extracting by manifest.
3672 silly tarball no local data for node-gyp-build-optional-packages@https://registry.npmjs.org/node-gyp-build-optional-packages/-/node-gyp-build-optional-packages-5.2.2.tgz. Extracting by manifest.
3673 silly tarball no local data for msgpackr@https://registry.npmjs.org/msgpackr/-/msgpackr-1.11.12.tgz. Extracting by manifest.
3674 silly tarball no local data for @csstools/css-color-parser@https://registry.npmjs.org/@csstools/css-color-parser/-/css-color-parser-4.1.1.tgz. Extracting by manifest.
3675 silly tarball no local data for @csstools/color-helpers@https://registry.npmjs.org/@csstools/color-helpers/-/color-helpers-6.0.2.tgz. Extracting by manifest.
3676 silly tarball no local data for @csstools/css-tokenizer@https://registry.npmjs.org/@csstools/css-tokenizer/-/css-tokenizer-4.0.0.tgz. Extracting by manifest.
3677 silly tarball no local data for @asamuzakjp/generational-cache@https://registry.npmjs.org/@asamuzakjp/generational-cache/-/generational-cache-1.0.1.tgz. Extracting by manifest.
3678 silly tarball no local data for @csstools/css-parser-algorithms@https://registry.npmjs.org/@csstools/css-parser-algorithms/-/css-parser-algorithms-4.0.0.tgz. Extracting by manifest.
3679 silly tarball no local data for source-map-js@https://registry.npmjs.org/source-map-js/-/source-map-js-1.2.1.tgz. Extracting by manifest.
3680 silly tarball no local data for @csstools/css-calc@https://registry.npmjs.org/@csstools/css-calc/-/css-calc-3.2.1.tgz. Extracting by manifest.
3681 silly tarball no local data for @asamuzakjp/css-color@https://registry.npmjs.org/@asamuzakjp/css-color/-/css-color-5.1.11.tgz. Extracting by manifest.
3682 silly tarball no local data for @csstools/css-syntax-patches-for-csstree@https://registry.npmjs.org/@csstools/css-syntax-patches-for-csstree/-/css-syntax-patches-for-csstree-1.1.4.tgz. Extracting by manifest.
3683 silly tarball no local data for @asamuzakjp/nwsapi@https://registry.npmjs.org/@asamuzakjp/nwsapi/-/nwsapi-2.3.9.tgz. Extracting by manifest.
3684 silly tarball no local data for bidi-js@https://registry.npmjs.org/bidi-js/-/bidi-js-1.0.3.tgz. Extracting by manifest.
3685 silly tarball no local data for css-tree@https://registry.npmjs.org/css-tree/-/css-tree-3.2.1.tgz. Extracting by manifest.
3686 silly tarball no local data for xml-name-validator@https://registry.npmjs.org/xml-name-validator/-/xml-name-validator-5.0.0.tgz. Extracting by manifest.
3687 silly tarball no local data for whatwg-url@https://registry.npmjs.org/whatwg-url/-/whatwg-url-16.0.1.tgz. Extracting by manifest.
3688 silly tarball no local data for whatwg-mimetype@https://registry.npmjs.org/whatwg-mimetype/-/whatwg-mimetype-5.0.0.tgz. Extracting by manifest.
3689 silly tarball no local data for webidl-conversions@https://registry.npmjs.org/webidl-conversions/-/webidl-conversions-8.0.1.tgz. Extracting by manifest.
3690 silly tarball no local data for w3c-xmlserializer@https://registry.npmjs.org/w3c-xmlserializer/-/w3c-xmlserializer-5.0.0.tgz. Extracting by manifest.
3691 silly tarball no local data for tough-cookie@https://registry.npmjs.org/tough-cookie/-/tough-cookie-6.0.1.tgz. Extracting by manifest.
3692 silly tarball no local data for mdn-data@https://registry.npmjs.org/mdn-data/-/mdn-data-2.27.1.tgz. Extracting by manifest.
3693 silly tarball no local data for is-potential-custom-element-name@https://registry.npmjs.org/is-potential-custom-element-name/-/is-potential-custom-element-name-1.0.1.tgz. Extracting by manifest.
3694 silly tarball no local data for saxes@https://registry.npmjs.org/saxes/-/saxes-6.0.0.tgz. Extracting by manifest.
3695 silly tarball no local data for symbol-tree@https://registry.npmjs.org/symbol-tree/-/symbol-tree-3.2.4.tgz. Extracting by manifest.
3696 silly tarball no local data for @exodus/bytes@https://registry.npmjs.org/@exodus/bytes/-/bytes-1.15.0.tgz. Extracting by manifest.
3697 silly tarball no local data for html-encoding-sniffer@https://registry.npmjs.org/html-encoding-sniffer/-/html-encoding-sniffer-6.0.0.tgz. Extracting by manifest.
3698 silly tarball no local data for @asamuzakjp/dom-selector@https://registry.npmjs.org/@asamuzakjp/dom-selector/-/dom-selector-6.8.1.tgz. Extracting by manifest.
3699 silly tarball no local data for decimal.js@https://registry.npmjs.org/decimal.js/-/decimal.js-10.6.0.tgz. Extracting by manifest.
3700 silly tarball no local data for @bramus/specificity@https://registry.npmjs.org/@bramus/specificity/-/specificity-2.4.2.tgz. Extracting by manifest.
3701 silly tarball no local data for @acemir/cssom@https://registry.npmjs.org/@acemir/cssom/-/cssom-0.9.31.tgz. Extracting by manifest.
3702 silly tarball no local data for @istanbuljs/schema@https://registry.npmjs.org/@istanbuljs/schema/-/schema-0.1.6.tgz. Extracting by manifest.
3703 silly tarball no local data for data-urls@https://registry.npmjs.org/data-urls/-/data-urls-7.0.0.tgz. Extracting by manifest.
3704 silly tarball no local data for cssstyle@https://registry.npmjs.org/cssstyle/-/cssstyle-6.2.0.tgz. Extracting by manifest.
3705 silly tarball no local data for istanbul-lib-coverage@https://registry.npmjs.org/istanbul-lib-coverage/-/istanbul-lib-coverage-3.2.2.tgz. Extracting by manifest.
3706 silly tarball no local data for @esbuild/win32-x64@https://registry.npmjs.org/@esbuild/win32-x64/-/win32-x64-0.27.3.tgz. Extracting by manifest.
3707 silly tarball no local data for domelementtype@https://registry.npmjs.org/domelementtype/-/domelementtype-2.3.0.tgz. Extracting by manifest.
3708 silly tarball no local data for entities@https://registry.npmjs.org/entities/-/entities-4.5.0.tgz. Extracting by manifest.
3709 silly tarball no local data for nth-check@https://registry.npmjs.org/nth-check/-/nth-check-2.1.1.tgz. Extracting by manifest.
3710 silly tarball no local data for domutils@https://registry.npmjs.org/domutils/-/domutils-3.2.2.tgz. Extracting by manifest.
3711 silly tarball no local data for boolbase@https://registry.npmjs.org/boolbase/-/boolbase-1.0.0.tgz. Extracting by manifest.
3712 silly tarball no local data for update-browserslist-db@https://registry.npmjs.org/update-browserslist-db/-/update-browserslist-db-1.2.3.tgz. Extracting by manifest.
3713 silly tarball no local data for readdirp@https://registry.npmjs.org/readdirp/-/readdirp-5.0.0.tgz. Extracting by manifest.
3714 silly tarball no local data for node-releases@https://registry.npmjs.org/node-releases/-/node-releases-2.0.44.tgz. Extracting by manifest.
3715 silly tarball no local data for electron-to-chromium@https://registry.npmjs.org/electron-to-chromium/-/electron-to-chromium-1.5.359.tgz. Extracting by manifest.
3716 silly tarball no local data for caniuse-lite@https://registry.npmjs.org/caniuse-lite/-/caniuse-lite-1.0.30001793.tgz. Extracting by manifest.
3717 silly tarball no local data for baseline-browser-mapping@https://registry.npmjs.org/baseline-browser-mapping/-/baseline-browser-mapping-2.10.31.tgz. Extracting by manifest.
3718 silly tarball no local data for postcss-safe-parser@https://registry.npmjs.org/postcss-safe-parser/-/postcss-safe-parser-7.0.1.tgz. Extracting by manifest.
3719 silly tarball no local data for postcss@https://registry.npmjs.org/postcss/-/postcss-8.5.14.tgz. Extracting by manifest.
3720 silly tarball no local data for htmlparser2@https://registry.npmjs.org/htmlparser2/-/htmlparser2-10.1.0.tgz. Extracting by manifest.
3721 silly tarball no local data for postcss-media-query-parser@https://registry.npmjs.org/postcss-media-query-parser/-/postcss-media-query-parser-0.2.3.tgz. Extracting by manifest.
3722 silly tarball no local data for domhandler@https://registry.npmjs.org/domhandler/-/domhandler-5.0.3.tgz. Extracting by manifest.
3723 silly tarball no local data for dom-serializer@https://registry.npmjs.org/dom-serializer/-/dom-serializer-2.0.0.tgz. Extracting by manifest.
3724 silly tarball no local data for css-what@https://registry.npmjs.org/css-what/-/css-what-7.0.0.tgz. Extracting by manifest.
3725 silly tarball no local data for css-select@https://registry.npmjs.org/css-select/-/css-select-6.0.0.tgz. Extracting by manifest.
3726 http cache semver@https://registry.npmjs.org/semver/-/semver-6.3.1.tgz 0ms (cache hit)
3727 silly tarball no local data for @jridgewell/resolve-uri@https://registry.npmjs.org/@jridgewell/resolve-uri/-/resolve-uri-3.1.2.tgz. Extracting by manifest.
3728 silly tarball no local data for @babel/helper-string-parser@https://registry.npmjs.org/@babel/helper-string-parser/-/helper-string-parser-7.27.1.tgz. Extracting by manifest.
3729 silly tarball no local data for @babel/helper-globals@https://registry.npmjs.org/@babel/helper-globals/-/helper-globals-7.28.0.tgz. Extracting by manifest.
3730 silly tarball no local data for lru-cache@https://registry.npmjs.org/lru-cache/-/lru-cache-5.1.1.tgz. Extracting by manifest.
3731 silly tarball no local data for jsesc@https://registry.npmjs.org/jsesc/-/jsesc-3.1.0.tgz. Extracting by manifest.
3732 silly tarball no local data for @babel/helper-module-imports@https://registry.npmjs.org/@babel/helper-module-imports/-/helper-module-imports-7.28.6.tgz. Extracting by manifest.
3733 silly tarball no local data for picocolors@https://registry.npmjs.org/picocolors/-/picocolors-1.1.1.tgz. Extracting by manifest.
3734 silly tarball no local data for @babel/helper-validator-option@https://registry.npmjs.org/@babel/helper-validator-option/-/helper-validator-option-7.27.1.tgz. Extracting by manifest.
3735 silly tarball no local data for @babel/compat-data@https://registry.npmjs.org/@babel/compat-data/-/compat-data-7.29.3.tgz. Extracting by manifest.
3736 silly tarball no local data for @babel/helper-validator-identifier@https://registry.npmjs.org/@babel/helper-validator-identifier/-/helper-validator-identifier-7.28.5.tgz. Extracting by manifest.
3737 silly tarball no local data for js-tokens@https://registry.npmjs.org/js-tokens/-/js-tokens-4.0.0.tgz. Extracting by manifest.
3738 silly tarball no local data for json5@https://registry.npmjs.org/json5/-/json5-2.2.3.tgz. Extracting by manifest.
3739 silly tarball no local data for gensync@https://registry.npmjs.org/gensync/-/gensync-1.0.0-beta.2.tgz. Extracting by manifest.
3740 silly tarball no local data for @jridgewell/remapping@https://registry.npmjs.org/@jridgewell/remapping/-/remapping-2.3.5.tgz. Extracting by manifest.
3741 silly tarball no local data for @babel/types@https://registry.npmjs.org/@babel/types/-/types-7.29.0.tgz. Extracting by manifest.
3742 silly tarball no local data for @babel/traverse@https://registry.npmjs.org/@babel/traverse/-/traverse-7.29.0.tgz. Extracting by manifest.
3743 silly tarball no local data for @babel/template@https://registry.npmjs.org/@babel/template/-/template-7.28.6.tgz. Extracting by manifest.
3744 silly tarball no local data for @babel/parser@https://registry.npmjs.org/@babel/parser/-/parser-7.29.3.tgz. Extracting by manifest.
3745 silly tarball no local data for @babel/helper-module-transforms@https://registry.npmjs.org/@babel/helper-module-transforms/-/helper-module-transforms-7.28.6.tgz. Extracting by manifest.
3746 silly tarball no local data for @babel/helpers@https://registry.npmjs.org/@babel/helpers/-/helpers-7.29.2.tgz. Extracting by manifest.
3747 silly tarball no local data for @babel/generator@https://registry.npmjs.org/@babel/generator/-/generator-7.29.1.tgz. Extracting by manifest.
3748 silly tarball no local data for @babel/code-frame@https://registry.npmjs.org/@babel/code-frame/-/code-frame-7.29.0.tgz. Extracting by manifest.
3749 silly tarball no local data for @babel/helper-compilation-targets@https://registry.npmjs.org/@babel/helper-compilation-targets/-/helper-compilation-targets-7.28.6.tgz. Extracting by manifest.
3750 silly tarball no local data for @standard-schema/spec@https://registry.npmjs.org/@standard-schema/spec/-/spec-1.1.0.tgz. Extracting by manifest.
3751 silly tarball no local data for reflect-metadata@https://registry.npmjs.org/reflect-metadata/-/reflect-metadata-0.2.2.tgz. Extracting by manifest.
3752 silly tarball no local data for convert-source-map@https://registry.npmjs.org/convert-source-map/-/convert-source-map-1.9.0.tgz. Extracting by manifest.
3753 silly tarball no local data for chokidar@https://registry.npmjs.org/chokidar/-/chokidar-5.0.0.tgz. Extracting by manifest.
3754 silly tarball no local data for @jridgewell/trace-mapping@https://registry.npmjs.org/@jridgewell/trace-mapping/-/trace-mapping-0.3.31.tgz. Extracting by manifest.
3755 silly tarball no local data for @jridgewell/gen-mapping@https://registry.npmjs.org/@jridgewell/gen-mapping/-/gen-mapping-0.3.13.tgz. Extracting by manifest.
3756 silly tarball no local data for watchpack@https://registry.npmjs.org/watchpack/-/watchpack-2.5.1.tgz. Extracting by manifest.
3757 silly tarball no local data for source-map-support@https://registry.npmjs.org/source-map-support/-/source-map-support-0.5.21.tgz. Extracting by manifest.
3758 silly tarball no local data for undici@https://registry.npmjs.org/undici/-/undici-7.24.4.tgz. Extracting by manifest.
3759 silly tarball no local data for sass@https://registry.npmjs.org/sass/-/sass-1.97.3.tgz. Extracting by manifest.
3760 silly tarball no local data for piscina@https://registry.npmjs.org/piscina/-/piscina-5.1.4.tgz. Extracting by manifest.
3761 silly tarball no local data for rolldown@https://registry.npmjs.org/rolldown/-/rolldown-1.0.0-rc.4.tgz. Extracting by manifest.
3762 silly tarball no local data for tinyglobby@https://registry.npmjs.org/tinyglobby/-/tinyglobby-0.2.15.tgz. Extracting by manifest.
3763 http cache convert-source-map@https://registry.npmjs.org/convert-source-map/-/convert-source-map-2.0.0.tgz 0ms (cache hit)
3764 silly tarball no local data for lmdb@https://registry.npmjs.org/lmdb/-/lmdb-3.5.1.tgz. Extracting by manifest.
3765 silly tarball no local data for istanbul-lib-instrument@https://registry.npmjs.org/istanbul-lib-instrument/-/istanbul-lib-instrument-6.0.3.tgz. Extracting by manifest.
3766 silly tarball no local data for browserslist@https://registry.npmjs.org/browserslist/-/browserslist-4.28.2.tgz. Extracting by manifest.
3767 silly tarball no local data for esbuild@https://registry.npmjs.org/esbuild/-/esbuild-0.27.3.tgz. Extracting by manifest.
3768 silly tarball no local data for beasties@https://registry.npmjs.org/beasties/-/beasties-0.4.1.tgz. Extracting by manifest.
3769 silly tarball no local data for @vitejs/plugin-basic-ssl@https://registry.npmjs.org/@vitejs/plugin-basic-ssl/-/plugin-basic-ssl-2.1.4.tgz. Extracting by manifest.
3770 silly tarball no local data for vite@https://registry.npmjs.org/vite/-/vite-7.3.2.tgz. Extracting by manifest.
3771 silly tarball no local data for prettier@https://registry.npmjs.org/prettier/-/prettier-3.8.3.tgz. Extracting by manifest.
3772 silly tarball no local data for @babel/helper-split-export-declaration@https://registry.npmjs.org/@babel/helper-split-export-declaration/-/helper-split-export-declaration-7.24.7.tgz. Extracting by manifest.
3773 silly tarball no local data for @babel/helper-annotate-as-pure@https://registry.npmjs.org/@babel/helper-annotate-as-pure/-/helper-annotate-as-pure-7.27.3.tgz. Extracting by manifest.
3774 silly tarball no local data for @babel/core@https://registry.npmjs.org/@babel/core/-/core-7.29.0.tgz. Extracting by manifest.
3775 silly tarball no local data for vitest@https://registry.npmjs.org/vitest/-/vitest-4.1.6.tgz. Extracting by manifest.
3776 silly tarball no local data for @ampproject/remapping@https://registry.npmjs.org/@ampproject/remapping/-/remapping-2.3.0.tgz. Extracting by manifest.
3777 silly tarball no local data for jsdom@https://registry.npmjs.org/jsdom/-/jsdom-28.1.0.tgz. Extracting by manifest.
3778 silly tarball no local data for @angular/platform-browser@https://registry.npmjs.org/@angular/platform-browser/-/platform-browser-21.2.13.tgz. Extracting by manifest.
3779 silly tarball no local data for @angular/forms@https://registry.npmjs.org/@angular/forms/-/forms-21.2.13.tgz. Extracting by manifest.
3780 silly tarball no local data for @angular/router@https://registry.npmjs.org/@angular/router/-/router-21.2.13.tgz. Extracting by manifest.
3781 silly tarball no local data for @angular/core@https://registry.npmjs.org/@angular/core/-/core-21.2.13.tgz. Extracting by manifest.
3782 silly tarball no local data for @angular/common@https://registry.npmjs.org/@angular/common/-/common-21.2.13.tgz. Extracting by manifest.
3783 silly tarball no local data for typescript@https://registry.npmjs.org/typescript/-/typescript-5.9.3.tgz. Extracting by manifest.
3784 silly tarball no local data for @angular/compiler-cli@https://registry.npmjs.org/@angular/compiler-cli/-/compiler-cli-21.2.13.tgz. Extracting by manifest.
3785 silly tarball no local data for @angular/compiler@https://registry.npmjs.org/@angular/compiler/-/compiler-21.2.13.tgz. Extracting by manifest.
3786 silly tarball no local data for @angular/build@https://registry.npmjs.org/@angular/build/-/build-21.2.11.tgz. Extracting by manifest.
3787 silly tarball no local data for convert-source-map@https://registry.npmjs.org/convert-source-map/-/convert-source-map-2.0.0.tgz. Extracting by manifest.
3788 silly tarball no local data for node-addon-api@https://registry.npmjs.org/node-addon-api/-/node-addon-api-7.1.1.tgz. Extracting by manifest.
3789 silly tarball no local data for mrmime@https://registry.npmjs.org/mrmime/-/mrmime-2.0.1.tgz. Extracting by manifest.
3790 silly tarball no local data for entities@https://registry.npmjs.org/entities/-/entities-7.0.1.tgz. Extracting by manifest.
3791 silly tarball no local data for semver@https://registry.npmjs.org/semver/-/semver-6.3.1.tgz. Extracting by manifest.
3792 silly tarball no local data for source-map@https://registry.npmjs.org/source-map/-/source-map-0.6.1.tgz. Extracting by manifest.
3793 silly tarball no local data for chokidar@https://registry.npmjs.org/chokidar/-/chokidar-4.0.3.tgz. Extracting by manifest.
3794 silly tarball no local data for readdirp@https://registry.npmjs.org/readdirp/-/readdirp-4.1.2.tgz. Extracting by manifest.
3795 silly tarball no local data for semver@https://registry.npmjs.org/semver/-/semver-6.3.1.tgz. Extracting by manifest.
3796 silly tarball no local data for convert-source-map@https://registry.npmjs.org/convert-source-map/-/convert-source-map-2.0.0.tgz. Extracting by manifest.
3797 http fetch POST 200 https://registry.npmjs.org/-/npm/v1/security/advisories/bulk 932ms
3798 silly audit report {}
3799 http fetch GET 200 https://registry.npmjs.org/siginfo/-/siginfo-2.0.0.tgz 1147ms (cache miss)
3800 http fetch GET 200 https://registry.npmjs.org/stackback/-/stackback-0.0.2.tgz 1309ms (cache miss)
3801 http fetch GET https://registry.npmjs.org/why-is-node-running/-/why-is-node-running-2.3.0.tgz attempt 1 failed with ECONNRESET
3802 http fetch GET https://registry.npmjs.org/tr46/-/tr46-6.0.0.tgz attempt 1 failed with ECONNRESET
3803 http fetch GET https://registry.npmjs.org/glob-to-regexp/-/glob-to-regexp-0.4.1.tgz attempt 1 failed with ECONNRESET
3804 http fetch GET 200 https://registry.npmjs.org/std-env/-/std-env-4.1.0.tgz 2752ms (cache miss)
3805 http fetch GET 200 https://registry.npmjs.org/tinybench/-/tinybench-2.9.0.tgz 2876ms (cache miss)
3806 http fetch GET 200 https://registry.npmjs.org/tinyexec/-/tinyexec-1.1.2.tgz 2939ms (cache miss)
3807 http fetch GET 200 https://registry.npmjs.org/pathe/-/pathe-2.0.3.tgz 3005ms (cache miss)
3808 http fetch GET 200 https://registry.npmjs.org/@types/deep-eql/-/deep-eql-4.0.2.tgz 3057ms (cache miss)
3809 http fetch GET 200 https://registry.npmjs.org/assertion-error/-/assertion-error-2.0.1.tgz 3104ms (cache miss)
3810 http fetch GET 200 https://registry.npmjs.org/punycode/-/punycode-2.3.1.tgz 3127ms (cache miss)
3811 http fetch GET 200 https://registry.npmjs.org/@vitest/snapshot/-/snapshot-4.1.6.tgz 3129ms (cache miss)
3812 http fetch GET 200 https://registry.npmjs.org/@types/estree/-/estree-1.0.8.tgz 3212ms (cache miss)
3813 http fetch GET 200 https://registry.npmjs.org/@vitest/spy/-/spy-4.1.6.tgz 3236ms (cache miss)
3814 http fetch GET 200 https://registry.npmjs.org/@vitest/expect/-/expect-4.1.6.tgz 3285ms (cache miss)
3815 http fetch GET 200 https://registry.npmjs.org/expect-type/-/expect-type-1.3.0.tgz 3299ms (cache miss)
3816 http fetch GET 200 https://registry.npmjs.org/obug/-/obug-2.1.1.tgz 3581ms (cache miss)
3817 http fetch GET 200 https://registry.npmjs.org/@vitest/runner/-/runner-4.1.6.tgz 3652ms (cache miss)
3818 http fetch GET 200 https://registry.npmjs.org/@vitest/pretty-format/-/pretty-format-4.1.6.tgz 3730ms (cache miss)
3819 http fetch GET 200 https://registry.npmjs.org/tinyrainbow/-/tinyrainbow-3.1.0.tgz 3750ms (cache miss)
3820 http fetch GET 200 https://registry.npmjs.org/buffer-from/-/buffer-from-1.1.2.tgz 3824ms (cache miss)
3821 http fetch GET 200 https://registry.npmjs.org/es-module-lexer/-/es-module-lexer-2.1.0.tgz 3901ms (cache miss)
3822 http fetch GET 200 https://registry.npmjs.org/@vitest/utils/-/utils-4.1.6.tgz 4015ms (cache miss)
3823 http fetch GET 200 https://registry.npmjs.org/chai/-/chai-6.2.2.tgz 4055ms (cache miss)
3824 http fetch GET 200 https://registry.npmjs.org/is-glob/-/is-glob-4.0.3.tgz 4114ms (cache miss)
3825 http fetch GET 200 https://registry.npmjs.org/is-extglob/-/is-extglob-2.1.1.tgz 4182ms (cache miss)
3826 http fetch GET 200 https://registry.npmjs.org/@vitest/mocker/-/mocker-4.1.6.tgz 4258ms (cache miss)
3827 http fetch GET 200 https://registry.npmjs.org/estree-walker/-/estree-walker-3.0.3.tgz 4271ms (cache miss)
3828 http fetch GET 200 https://registry.npmjs.org/@parcel/watcher-win32-x64/-/watcher-win32-x64-2.5.6.tgz 4272ms (cache miss)
3829 http fetch GET 200 https://registry.npmjs.org/@napi-rs/nice/-/nice-1.1.1.tgz 4381ms (cache miss)
3830 http fetch GET 200 https://registry.npmjs.org/xmlchars/-/xmlchars-2.2.0.tgz 4483ms (cache miss)
3831 http fetch GET 200 https://registry.npmjs.org/@oxc-project/types/-/types-0.113.0.tgz 4652ms (cache miss)
3832 http fetch GET 200 https://registry.npmjs.org/@rolldown/pluginutils/-/pluginutils-1.0.0-rc.4.tgz 4669ms (cache miss)
3833 http fetch GET 200 https://registry.npmjs.org/detect-libc/-/detect-libc-2.1.2.tgz 4687ms (cache miss)
3834 http fetch GET 200 https://registry.npmjs.org/immutable/-/immutable-5.1.5.tgz 4720ms (cache miss)
3835 http fetch GET 200 https://registry.npmjs.org/@napi-rs/nice-win32-x64-msvc/-/nice-win32-x64-msvc-1.1.1.tgz 4736ms (cache miss)
3836 http fetch GET 200 https://registry.npmjs.org/msgpackr-extract/-/msgpackr-extract-3.0.3.tgz 4767ms (cache miss)
3837 http fetch GET 200 https://registry.npmjs.org/weak-lru-cache/-/weak-lru-cache-1.2.2.tgz 4901ms (cache miss)
3838 http fetch GET 200 https://registry.npmjs.org/nanoid/-/nanoid-3.3.12.tgz 4955ms (cache miss)
3839 http fetch GET 200 https://registry.npmjs.org/@parcel/watcher/-/watcher-2.5.6.tgz 5016ms (cache miss)
3840 http fetch GET 200 https://registry.npmjs.org/@msgpackr-extract/msgpackr-extract-win32-x64/-/msgpackr-extract-win32-x64-3.0.3.tgz 5104ms (cache miss)
3841 http fetch GET 200 https://registry.npmjs.org/yallist/-/yallist-3.1.1.tgz 5119ms (cache miss)
3842 http fetch GET 200 https://registry.npmjs.org/tldts-core/-/tldts-core-7.0.30.tgz 5169ms (cache miss)
3843 http fetch GET 200 https://registry.npmjs.org/ordered-binary/-/ordered-binary-1.6.1.tgz 5213ms (cache miss)
3844 http fetch GET 200 https://registry.npmjs.org/node-addon-api/-/node-addon-api-6.1.0.tgz 5273ms (cache miss)
3845 http fetch GET 200 https://registry.npmjs.org/@csstools/css-color-parser/-/css-color-parser-4.1.1.tgz 5288ms (cache miss)
3846 http fetch GET 200 https://registry.npmjs.org/@csstools/color-helpers/-/color-helpers-6.0.2.tgz 5310ms (cache miss)
3847 http fetch GET 200 https://registry.npmjs.org/node-gyp-build-optional-packages/-/node-gyp-build-optional-packages-5.2.2.tgz 5341ms (cache miss)
3848 http fetch GET 200 https://registry.npmjs.org/@lmdb/lmdb-win32-x64/-/lmdb-win32-x64-3.5.1.tgz 5610ms (cache miss)
3849 http fetch GET 200 https://registry.npmjs.org/@asamuzakjp/generational-cache/-/generational-cache-1.0.1.tgz 5611ms (cache miss)
3850 http fetch GET 200 https://registry.npmjs.org/@csstools/css-parser-algorithms/-/css-parser-algorithms-4.0.0.tgz 5618ms (cache miss)
3851 http fetch GET 200 https://registry.npmjs.org/@types/chai/-/chai-5.2.3.tgz 5809ms (cache miss)
3852 http fetch GET 200 https://registry.npmjs.org/@csstools/css-calc/-/css-calc-3.2.1.tgz 5840ms (cache miss)
3853 http fetch GET 200 https://registry.npmjs.org/source-map-js/-/source-map-js-1.2.1.tgz 5908ms (cache miss)
3854 http fetch GET 200 https://registry.npmjs.org/@asamuzakjp/nwsapi/-/nwsapi-2.3.9.tgz 5984ms (cache miss)
3855 http fetch GET 200 https://registry.npmjs.org/@harperfast/extended-iterable/-/extended-iterable-1.0.3.tgz 6001ms (cache miss)
3856 http fetch GET 200 https://registry.npmjs.org/xml-name-validator/-/xml-name-validator-5.0.0.tgz 6116ms (cache miss)
3857 http fetch GET 200 https://registry.npmjs.org/@csstools/css-tokenizer/-/css-tokenizer-4.0.0.tgz 6264ms (cache miss)
3858 http fetch GET 200 https://registry.npmjs.org/@asamuzakjp/css-color/-/css-color-5.1.11.tgz 6400ms (cache miss)
3859 http fetch GET 200 https://registry.npmjs.org/webidl-conversions/-/webidl-conversions-8.0.1.tgz 6514ms (cache miss)
3860 http fetch GET 200 https://registry.npmjs.org/tldts/-/tldts-7.0.30.tgz 6633ms (cache miss)
3861 http fetch GET 200 https://registry.npmjs.org/whatwg-mimetype/-/whatwg-mimetype-5.0.0.tgz 6612ms (cache miss)
3862 http fetch GET 200 https://registry.npmjs.org/bidi-js/-/bidi-js-1.0.3.tgz 6664ms (cache miss)
3863 http fetch GET 200 https://registry.npmjs.org/w3c-xmlserializer/-/w3c-xmlserializer-5.0.0.tgz 6715ms (cache miss)
3864 http fetch GET 200 https://registry.npmjs.org/is-potential-custom-element-name/-/is-potential-custom-element-name-1.0.1.tgz 6747ms (cache miss)
3865 http fetch GET 200 https://registry.npmjs.org/tough-cookie/-/tough-cookie-6.0.1.tgz 7327ms (cache miss)
3866 http fetch GET 200 https://registry.npmjs.org/whatwg-url/-/whatwg-url-16.0.1.tgz 7446ms (cache miss)
3867 http fetch GET 200 https://registry.npmjs.org/html-encoding-sniffer/-/html-encoding-sniffer-6.0.0.tgz 7531ms (cache miss)
3868 http fetch GET 200 https://registry.npmjs.org/symbol-tree/-/symbol-tree-3.2.4.tgz 7556ms (cache miss)
3869 http fetch GET 200 https://registry.npmjs.org/saxes/-/saxes-6.0.0.tgz 7566ms (cache miss)
3870 http fetch GET 200 https://registry.npmjs.org/@csstools/css-syntax-patches-for-csstree/-/css-syntax-patches-for-csstree-1.1.4.tgz 7656ms (cache miss)
3871 http fetch GET 200 https://registry.npmjs.org/mdn-data/-/mdn-data-2.27.1.tgz 7796ms (cache miss)
3872 http fetch GET 200 https://registry.npmjs.org/@istanbuljs/schema/-/schema-0.1.6.tgz 7916ms (cache miss)
3873 http fetch GET 200 https://registry.npmjs.org/@acemir/cssom/-/cssom-0.9.31.tgz 7973ms (cache miss)
3874 http fetch GET 200 https://registry.npmjs.org/istanbul-lib-coverage/-/istanbul-lib-coverage-3.2.2.tgz 8050ms (cache miss)
3875 http fetch GET 200 https://registry.npmjs.org/@exodus/bytes/-/bytes-1.15.0.tgz 8064ms (cache miss)
3876 http fetch GET 200 https://registry.npmjs.org/css-tree/-/css-tree-3.2.1.tgz 8076ms (cache miss)
3877 http fetch GET 200 https://registry.npmjs.org/@bramus/specificity/-/specificity-2.4.2.tgz 8201ms (cache miss)
3878 http fetch GET 200 https://registry.npmjs.org/data-urls/-/data-urls-7.0.0.tgz 8213ms (cache miss)
3879 http fetch GET 200 https://registry.npmjs.org/decimal.js/-/decimal.js-10.6.0.tgz 8256ms (cache miss)
3880 http fetch GET 200 https://registry.npmjs.org/domelementtype/-/domelementtype-2.3.0.tgz 8312ms (cache miss)
3881 http fetch GET 200 https://registry.npmjs.org/@asamuzakjp/dom-selector/-/dom-selector-6.8.1.tgz 8359ms (cache miss)
3882 http fetch GET 200 https://registry.npmjs.org/boolbase/-/boolbase-1.0.0.tgz 8411ms (cache miss)
3883 http fetch GET 200 https://registry.npmjs.org/update-browserslist-db/-/update-browserslist-db-1.2.3.tgz 8435ms (cache miss)
3884 http fetch GET 200 https://registry.npmjs.org/node-releases/-/node-releases-2.0.44.tgz 8513ms (cache miss)
3885 http fetch GET 200 https://registry.npmjs.org/nth-check/-/nth-check-2.1.1.tgz 8705ms (cache miss)
3886 http fetch GET 200 https://registry.npmjs.org/entities/-/entities-4.5.0.tgz 8855ms (cache miss)
3887 http fetch GET 200 https://registry.npmjs.org/@rollup/rollup-win32-x64-gnu/-/rollup-win32-x64-gnu-4.60.4.tgz 9109ms (cache miss)
3888 http fetch GET 200 https://registry.npmjs.org/readdirp/-/readdirp-5.0.0.tgz 9889ms (cache miss)
3889 http fetch GET 200 https://registry.npmjs.org/cssstyle/-/cssstyle-6.2.0.tgz 9972ms (cache miss)
3890 http fetch GET 200 https://registry.npmjs.org/postcss-safe-parser/-/postcss-safe-parser-7.0.1.tgz 10256ms (cache miss)
3891 http fetch GET 200 https://registry.npmjs.org/baseline-browser-mapping/-/baseline-browser-mapping-2.10.31.tgz 10304ms (cache miss)
3892 http fetch GET 200 https://registry.npmjs.org/electron-to-chromium/-/electron-to-chromium-1.5.359.tgz 10312ms (cache miss)
3893 http fetch GET 200 https://registry.npmjs.org/htmlparser2/-/htmlparser2-10.1.0.tgz 10501ms (cache miss)
3894 http fetch GET 200 https://registry.npmjs.org/postcss-media-query-parser/-/postcss-media-query-parser-0.2.3.tgz 10837ms (cache miss)
3895 http fetch GET 200 https://registry.npmjs.org/css-select/-/css-select-6.0.0.tgz 11320ms (cache miss)
3896 http fetch GET 200 https://registry.npmjs.org/@jridgewell/resolve-uri/-/resolve-uri-3.1.2.tgz 11565ms (cache miss)
3897 http fetch GET 200 https://registry.npmjs.org/css-what/-/css-what-7.0.0.tgz 11834ms (cache miss)
3898 http fetch GET 200 https://registry.npmjs.org/@babel/helper-globals/-/helper-globals-7.28.0.tgz 11962ms (cache miss)
3899 http fetch GET 200 https://registry.npmjs.org/postcss/-/postcss-8.5.14.tgz 12066ms (cache miss)
3900 http fetch GET 200 https://registry.npmjs.org/lru-cache/-/lru-cache-5.1.1.tgz 12080ms (cache miss)
3901 http fetch GET 200 https://registry.npmjs.org/domhandler/-/domhandler-5.0.3.tgz 12141ms (cache miss)
3902 http fetch GET 200 https://registry.npmjs.org/picocolors/-/picocolors-1.1.1.tgz 12195ms (cache miss)
3903 http fetch GET 200 https://registry.npmjs.org/@rollup/rollup-win32-x64-msvc/-/rollup-win32-x64-msvc-4.60.4.tgz 12289ms (cache miss)
3904 http fetch GET 200 https://registry.npmjs.org/@babel/helper-module-imports/-/helper-module-imports-7.28.6.tgz 12248ms (cache miss)
3905 http fetch GET 200 https://registry.npmjs.org/@babel/compat-data/-/compat-data-7.29.3.tgz 12328ms (cache miss)
3906 http fetch GET 200 https://registry.npmjs.org/jsesc/-/jsesc-3.1.0.tgz 12399ms (cache miss)
3907 http fetch GET 200 https://registry.npmjs.org/js-tokens/-/js-tokens-4.0.0.tgz 12412ms (cache miss)
3908 http fetch GET 200 https://registry.npmjs.org/@babel/helper-validator-identifier/-/helper-validator-identifier-7.28.5.tgz 12467ms (cache miss)
3909 http fetch GET 200 https://registry.npmjs.org/@babel/helper-validator-option/-/helper-validator-option-7.27.1.tgz 12469ms (cache miss)
3910 http fetch GET https://registry.npmjs.org/why-is-node-running/-/why-is-node-running-2.3.0.tgz attempt 2 failed with ECONNRESET
3911 http fetch GET 200 https://registry.npmjs.org/gensync/-/gensync-1.0.0-beta.2.tgz 12568ms (cache miss)
3912 http fetch GET 200 https://registry.npmjs.org/caniuse-lite/-/caniuse-lite-1.0.30001793.tgz 12663ms (cache miss)
3913 http fetch GET https://registry.npmjs.org/glob-to-regexp/-/glob-to-regexp-0.4.1.tgz attempt 2 failed with ECONNRESET
3914 http fetch GET 200 https://registry.npmjs.org/@jridgewell/remapping/-/remapping-2.3.5.tgz 12711ms (cache miss)
3915 http fetch GET 200 https://registry.npmjs.org/json5/-/json5-2.2.3.tgz 12749ms (cache miss)
3916 http fetch GET https://registry.npmjs.org/tr46/-/tr46-6.0.0.tgz attempt 2 failed with ECONNRESET
3917 http fetch GET 200 https://registry.npmjs.org/@babel/template/-/template-7.28.6.tgz 12823ms (cache miss)
3918 http fetch GET 200 https://registry.npmjs.org/@babel/helper-module-transforms/-/helper-module-transforms-7.28.6.tgz 12955ms (cache miss)
3919 http fetch GET 200 https://registry.npmjs.org/@babel/code-frame/-/code-frame-7.29.0.tgz 13162ms (cache miss)
3920 http fetch GET 200 https://registry.npmjs.org/@babel/helper-string-parser/-/helper-string-parser-7.27.1.tgz 13172ms (cache miss)
3921 http fetch GET 200 https://registry.npmjs.org/domutils/-/domutils-3.2.2.tgz 13252ms (cache miss)
3922 http fetch GET 200 https://registry.npmjs.org/@babel/helper-compilation-targets/-/helper-compilation-targets-7.28.6.tgz 13365ms (cache miss)
3923 http fetch GET 200 https://registry.npmjs.org/msgpackr/-/msgpackr-1.11.12.tgz 13429ms (cache miss)
3924 http fetch GET 200 https://registry.npmjs.org/@standard-schema/spec/-/spec-1.1.0.tgz 13577ms (cache miss)
3925 http fetch GET 200 https://registry.npmjs.org/reflect-metadata/-/reflect-metadata-0.2.2.tgz 13676ms (cache miss)
3926 http fetch GET 200 https://registry.npmjs.org/@babel/parser/-/parser-7.29.3.tgz 13715ms (cache miss)
3927 http fetch GET 200 https://registry.npmjs.org/@babel/generator/-/generator-7.29.1.tgz 13800ms (cache miss)
3928 http fetch GET 200 https://registry.npmjs.org/convert-source-map/-/convert-source-map-1.9.0.tgz 13806ms (cache miss)
3929 http fetch GET 200 https://registry.npmjs.org/chokidar/-/chokidar-5.0.0.tgz 13929ms (cache miss)
3930 http fetch GET 200 https://registry.npmjs.org/@jridgewell/gen-mapping/-/gen-mapping-0.3.13.tgz 13928ms (cache miss)
3931 http fetch GET 200 https://registry.npmjs.org/@jridgewell/trace-mapping/-/trace-mapping-0.3.31.tgz 14009ms (cache miss)
3932 http fetch GET 200 https://registry.npmjs.org/source-map-support/-/source-map-support-0.5.21.tgz 14085ms (cache miss)
3933 http fetch GET 200 https://registry.npmjs.org/@babel/traverse/-/traverse-7.29.0.tgz 14104ms (cache miss)
3934 http fetch GET 200 https://registry.npmjs.org/dom-serializer/-/dom-serializer-2.0.0.tgz 14143ms (cache miss)
3935 http fetch GET 200 https://registry.npmjs.org/watchpack/-/watchpack-2.5.1.tgz 14227ms (cache miss)
3936 http fetch GET 200 https://registry.npmjs.org/istanbul-lib-instrument/-/istanbul-lib-instrument-6.0.3.tgz 14336ms (cache miss)
3937 http fetch GET 200 https://registry.npmjs.org/browserslist/-/browserslist-4.28.2.tgz 14351ms (cache miss)
3938 http fetch GET 200 https://registry.npmjs.org/beasties/-/beasties-0.4.1.tgz 14508ms (cache miss)
3939 http fetch GET 200 https://registry.npmjs.org/@babel/helpers/-/helpers-7.29.2.tgz 14538ms (cache miss)
3940 http fetch GET 200 https://registry.npmjs.org/esbuild/-/esbuild-0.27.3.tgz 14723ms (cache miss)
3941 http fetch GET 200 https://registry.npmjs.org/piscina/-/piscina-5.1.4.tgz 15351ms (cache miss)
3942 http fetch GET 200 https://registry.npmjs.org/rolldown/-/rolldown-1.0.0-rc.4.tgz 15578ms (cache miss)
3943 http fetch GET 200 https://registry.npmjs.org/@babel/helper-split-export-declaration/-/helper-split-export-declaration-7.24.7.tgz 15642ms (cache miss)
3944 http fetch GET 200 https://registry.npmjs.org/@vitejs/plugin-basic-ssl/-/plugin-basic-ssl-2.1.4.tgz 15674ms (cache miss)
3945 http fetch GET 200 https://registry.npmjs.org/@babel/helper-annotate-as-pure/-/helper-annotate-as-pure-7.27.3.tgz 15765ms (cache miss)
3946 http fetch GET 200 https://registry.npmjs.org/@babel/types/-/types-7.29.0.tgz 16613ms (cache miss)
3947 http fetch GET 200 https://registry.npmjs.org/@ampproject/remapping/-/remapping-2.3.0.tgz 16715ms (cache miss)
3948 http fetch GET 200 https://registry.npmjs.org/@babel/core/-/core-7.29.0.tgz 17004ms (cache miss)
3949 http fetch GET 200 https://registry.npmjs.org/tinyglobby/-/tinyglobby-0.2.15.tgz 17131ms (cache miss)
3950 http fetch GET 200 https://registry.npmjs.org/@angular/platform-browser/-/platform-browser-21.2.13.tgz 17709ms (cache miss)
3951 http fetch GET 200 https://registry.npmjs.org/undici/-/undici-7.24.4.tgz 18453ms (cache miss)
3952 http fetch GET 200 https://registry.npmjs.org/@angular/router/-/router-21.2.13.tgz 18516ms (cache miss)
3953 http fetch GET 200 https://registry.npmjs.org/vitest/-/vitest-4.1.6.tgz 21998ms (cache miss)
3954 http fetch GET https://registry.npmjs.org/rollup/-/rollup-4.60.4.tgz attempt 1 failed with ECONNRESET
3955 http fetch GET 200 https://registry.npmjs.org/lmdb/-/lmdb-3.5.1.tgz 22568ms (cache miss)
3956 http fetch GET https://registry.npmjs.org/@angular/compiler-cli/-/compiler-cli-21.2.13.tgz attempt 1 failed with ECONNRESET
3957 http fetch GET 200 https://registry.npmjs.org/@angular/forms/-/forms-21.2.13.tgz 22693ms (cache miss)
3958 http fetch GET 200 https://registry.npmjs.org/sass/-/sass-1.97.3.tgz 22969ms (cache miss)
3959 http fetch GET 200 https://registry.npmjs.org/jsdom/-/jsdom-28.1.0.tgz 23474ms (cache miss)
3960 http fetch GET 200 https://registry.npmjs.org/convert-source-map/-/convert-source-map-2.0.0.tgz 23580ms (cache miss)
3961 http fetch GET 200 https://registry.npmjs.org/vite/-/vite-7.3.2.tgz 24652ms (cache miss)
3962 http fetch GET 200 https://registry.npmjs.org/mrmime/-/mrmime-2.0.1.tgz 24830ms (cache miss)
3963 http fetch GET 200 https://registry.npmjs.org/node-addon-api/-/node-addon-api-7.1.1.tgz 24913ms (cache miss)
3964 http fetch GET 200 https://registry.npmjs.org/@angular/compiler/-/compiler-21.2.13.tgz 25803ms (cache miss)
3965 http fetch GET 200 https://registry.npmjs.org/semver/-/semver-6.3.1.tgz 25860ms (cache miss)
3966 http fetch GET 200 https://registry.npmjs.org/entities/-/entities-7.0.1.tgz 26326ms (cache miss)
3967 http fetch GET 200 https://registry.npmjs.org/source-map/-/source-map-0.6.1.tgz 26434ms (cache miss)
3968 http fetch GET 200 https://registry.npmjs.org/chokidar/-/chokidar-4.0.3.tgz 26497ms (cache miss)
3969 http fetch GET 200 https://registry.npmjs.org/convert-source-map/-/convert-source-map-2.0.0.tgz 26494ms (cache miss)
3970 http fetch GET 200 https://registry.npmjs.org/semver/-/semver-6.3.1.tgz 27024ms (cache miss)
3971 http fetch GET 200 https://registry.npmjs.org/readdirp/-/readdirp-4.1.2.tgz 28065ms (cache miss)
3972 http fetch GET 200 https://registry.npmjs.org/@angular/build/-/build-21.2.11.tgz 33218ms (cache miss)
3973 http fetch GET 200 https://registry.npmjs.org/@angular/common/-/common-21.2.13.tgz 34559ms (cache miss)
3974 http fetch GET 200 https://registry.npmjs.org/rollup/-/rollup-4.60.4.tgz 34656ms attempt #2 (cache miss)
3975 http fetch GET 200 https://registry.npmjs.org/@esbuild/win32-x64/-/win32-x64-0.27.3.tgz 35627ms (cache miss)
3976 http fetch GET 200 https://registry.npmjs.org/@angular/core/-/core-21.2.13.tgz 36205ms (cache miss)
3977 http fetch GET 200 https://registry.npmjs.org/@rolldown/binding-win32-x64-msvc/-/binding-win32-x64-msvc-1.0.0-rc.4.tgz 43167ms (cache miss)
3978 http fetch GET 200 https://registry.npmjs.org/prettier/-/prettier-3.8.3.tgz 58078ms (cache miss)
3979 http fetch GET 200 https://registry.npmjs.org/@angular/compiler-cli/-/compiler-cli-21.2.13.tgz 61050ms attempt #2 (cache miss)
3980 http fetch GET 200 https://registry.npmjs.org/glob-to-regexp/-/glob-to-regexp-0.4.1.tgz 72860ms attempt #3 (cache miss)
3981 http fetch GET 200 https://registry.npmjs.org/why-is-node-running/-/why-is-node-running-2.3.0.tgz 74389ms attempt #3 (cache miss)
3982 http fetch GET 200 https://registry.npmjs.org/tr46/-/tr46-6.0.0.tgz 74433ms attempt #3 (cache miss)
3983 http fetch GET 200 https://registry.npmjs.org/typescript/-/typescript-5.9.3.tgz 163469ms (cache miss)
3984 silly ADD node_modules/color-name
3985 silly ADD node_modules/color-convert
3986 silly ADD node_modules/emoji-regex
3987 silly ADD node_modules/yargs-parser
3988 silly ADD node_modules/y18n
3989 silly ADD node_modules/get-caller-file
3990 silly ADD node_modules/cliui
3991 silly ADD node_modules/cliui/node_modules/wrap-ansi
3992 silly ADD node_modules/cliui/node_modules/string-width
3993 silly ADD node_modules/stackback
3994 silly ADD node_modules/siginfo
3995 silly ADD node_modules/isexe
3996 silly ADD node_modules/punycode
3997 silly ADD node_modules/tr46
3998 silly ADD node_modules/glob-to-regexp
3999 silly ADD node_modules/estree-walker
4000 silly ADD node_modules/assertion-error
4001 silly ADD node_modules/@types/deep-eql
4002 silly ADD node_modules/chai
4003 silly ADD node_modules/@types/chai
4004 silly ADD node_modules/why-is-node-running
4005 silly ADD node_modules/tinyrainbow
4006 silly ADD node_modules/tinyexec
4007 silly ADD node_modules/tinybench
4008 silly ADD node_modules/std-env
4009 silly ADD node_modules/pathe
4010 silly ADD node_modules/obug
4011 silly ADD node_modules/expect-type
4012 silly ADD node_modules/es-module-lexer
4013 silly ADD node_modules/@vitest/utils
4014 silly ADD node_modules/@vitest/utils/node_modules/convert-source-map
4015 silly ADD node_modules/@vitest/spy
4016 silly ADD node_modules/@vitest/snapshot
4017 silly ADD node_modules/@vitest/runner
4018 silly ADD node_modules/@vitest/pretty-format
4019 silly ADD node_modules/@vitest/mocker
4020 silly ADD node_modules/@vitest/expect
4021 silly ADD node_modules/@types/estree
4022 silly ADD node_modules/@rollup/rollup-win32-x64-msvc
4023 silly ADD node_modules/@rollup/rollup-win32-x64-gnu
4024 silly ADD node_modules/rollup
4025 silly ADD node_modules/escalade
4026 silly ADD node_modules/media-typer
4027 silly ADD node_modules/@tufjs/canonical-json
4028 silly ADD node_modules/@tufjs/models
4029 silly ADD node_modules/tldts-core
4030 silly ADD node_modules/tldts
4031 silly ADD node_modules/fdir
4032 silly ADD node_modules/chownr
4033 silly ADD node_modules/@isaacs/fs-minipass
4034 silly ADD node_modules/ansi-regex
4035 silly ADD node_modules/spdx-license-ids
4036 silly ADD node_modules/spdx-exceptions
4037 silly ADD node_modules/buffer-from
4038 silly ADD node_modules/smart-buffer
4039 silly ADD node_modules/socks
4040 silly ADD node_modules/get-east-asian-width
4041 silly ADD node_modules/is-fullwidth-code-point
4042 silly ADD node_modules/ansi-styles
4043 silly ADD node_modules/tuf-js
4044 silly ADD node_modules/@sigstore/verify
4045 silly ADD node_modules/@sigstore/tuf
4046 silly ADD node_modules/@sigstore/sign
4047 silly ADD node_modules/@sigstore/protobuf-specs
4048 silly ADD node_modules/@sigstore/core
4049 silly ADD node_modules/@sigstore/bundle
4050 silly ADD node_modules/dunder-proto
4051 silly ADD node_modules/math-intrinsics
4052 silly ADD node_modules/hasown
4053 silly ADD node_modules/has-symbols
4054 silly ADD node_modules/gopd
4055 silly ADD node_modules/get-proto
4056 silly ADD node_modules/es-object-atoms
4057 silly ADD node_modules/es-define-property
4058 silly ADD node_modules/function-bind
4059 silly ADD node_modules/call-bind-apply-helpers
4060 silly ADD node_modules/get-intrinsic
4061 silly ADD node_modules/call-bound
4062 silly ADD node_modules/side-channel-weakmap
4063 silly ADD node_modules/side-channel-map
4064 silly ADD node_modules/side-channel-list
4065 silly ADD node_modules/object-inspect
4066 silly ADD node_modules/es-errors
4067 silly ADD node_modules/shebang-regex
4068 silly ADD node_modules/xmlchars
4069 silly ADD node_modules/is-extglob
4070 silly ADD node_modules/is-glob
4071 silly ADD node_modules/@parcel/watcher-win32-x64
4072 silly ADD node_modules/immutable
4073 silly ADD node_modules/@parcel/watcher
4074 silly ADD node_modules/@parcel/watcher/node_modules/node-addon-api
4075 silly ADD node_modules/path-to-regexp
4076 silly ADD node_modules/is-promise
4077 silly ADD node_modules/@rolldown/pluginutils
4078 silly ADD node_modules/@rolldown/binding-win32-x64-msvc
4079 silly ADD node_modules/@oxc-project/types
4080 silly ADD node_modules/mimic-function
4081 silly ADD node_modules/onetime
4082 silly ADD node_modules/unpipe
4083 silly ADD node_modules/side-channel
4084 silly ADD node_modules/ipaddr.js
4085 silly ADD node_modules/forwarded
4086 silly ADD node_modules/retry
4087 silly ADD node_modules/err-code
4088 silly ADD node_modules/nanoid
4089 silly ADD node_modules/@napi-rs/nice-win32-x64-msvc
4090 silly ADD node_modules/@napi-rs/nice
4091 silly ADD node_modules/parse5-sax-parser
4092 silly ADD node_modules/minipass-sized
4093 silly ADD node_modules/socks-proxy-agent
4094 silly ADD node_modules/http-cache-semantics
4095 silly ADD node_modules/@npmcli/agent
4096 silly ADD node_modules/@npmcli/agent/node_modules/lru-cache
4097 silly ADD node_modules/minizlib
4098 silly ADD node_modules/minipass-fetch
4099 silly ADD node_modules/make-fetch-happen
4100 silly ADD node_modules/jsonparse
4101 silly ADD node_modules/@npmcli/redact
4102 silly ADD node_modules/npm-install-checks
4103 silly ADD node_modules/ignore-walk
4104 silly ADD node_modules/abbrev
4105 silly ADD node_modules/nopt
4106 silly ADD node_modules/graceful-fs
4107 silly ADD node_modules/exponential-backoff
4108 silly ADD node_modules/env-paths
4109 silly ADD node_modules/balanced-match
4110 silly ADD node_modules/brace-expansion
4111 silly ADD node_modules/path-scurry
4112 silly ADD node_modules/path-scurry/node_modules/lru-cache
4113 silly ADD node_modules/minimatch
4114 silly ADD node_modules/p-map
4115 silly ADD node_modules/minipass-pipeline
4116 silly ADD node_modules/minipass-pipeline/node_modules/yallist
4117 silly ADD node_modules/minipass-pipeline/node_modules/minipass
4118 silly ADD node_modules/minipass-flush
4119 silly ADD node_modules/minipass-flush/node_modules/yallist
4120 silly ADD node_modules/minipass-flush/node_modules/minipass
4121 silly ADD node_modules/minipass-collect
4122 silly ADD node_modules/@npmcli/fs
4123 silly ADD node_modules/node-gyp
4124 silly ADD node_modules/node-gyp/node_modules/isexe
4125 silly ADD node_modules/node-gyp/node_modules/which
4126 silly ADD node_modules/node-gyp/node_modules/undici
4127 silly ADD node_modules/@npmcli/node-gyp
4128 silly ADD node_modules/spdx-expression-parse
4129 silly ADD node_modules/json-parse-even-better-errors
4130 silly ADD node_modules/glob
4131 silly ADD node_modules/npm-normalize-package-bin
4132 silly ADD node_modules/npm-bundled
4133 silly ADD node_modules/@gar/promise-retry
4134 silly ADD node_modules/tar
4135 silly ADD node_modules/tar/node_modules/yallist
4136 silly ADD node_modules/ssri
4137 silly ADD node_modules/sigstore
4138 silly ADD node_modules/promise-retry
4139 silly ADD node_modules/npm-registry-fetch
4140 silly ADD node_modules/npm-pick-manifest
4141 silly ADD node_modules/npm-packlist
4142 silly ADD node_modules/minipass
4143 silly ADD node_modules/fs-minipass
4144 silly ADD node_modules/cacache
4145 silly ADD node_modules/cacache/node_modules/lru-cache
4146 silly ADD node_modules/@npmcli/run-script
4147 silly ADD node_modules/@npmcli/promise-spawn
4148 silly ADD node_modules/@npmcli/promise-spawn/node_modules/isexe
4149 silly ADD node_modules/@npmcli/promise-spawn/node_modules/which
4150 silly ADD node_modules/@npmcli/package-json
4151 silly ADD node_modules/@npmcli/installed-package-contents
4152 silly ADD node_modules/@npmcli/git
4153 silly ADD node_modules/@npmcli/git/node_modules/isexe
4154 silly ADD node_modules/@npmcli/git/node_modules/which
4155 silly ADD node_modules/@npmcli/git/node_modules/lru-cache
4156 silly ADD node_modules/yoctocolors
4157 silly ADD node_modules/stdin-discarder
4158 silly ADD node_modules/log-symbols
4159 silly ADD node_modules/is-unicode-supported
4160 silly ADD node_modules/is-interactive
4161 silly ADD node_modules/cli-spinners
4162 silly ADD node_modules/chalk
4163 silly ADD node_modules/wrappy
4164 silly ADD node_modules/ee-first
4165 silly ADD node_modules/validate-npm-package-name
4166 silly ADD node_modules/proc-log
4167 silly ADD node_modules/hosted-git-info
4168 silly ADD node_modules/hosted-git-info/node_modules/lru-cache
4169 silly ADD node_modules/detect-libc
4170 silly ADD node_modules/@msgpackr-extract/msgpackr-extract-win32-x64
4171 silly ADD node_modules/msgpackr-extract
4172 silly ADD node_modules/mime-db
4173 silly ADD node_modules/yallist
4174 silly ADD node_modules/restore-cursor
4175 silly ADD node_modules/environment
4176 silly ADD node_modules/strip-ansi
4177 silly ADD node_modules/cli-cursor
4178 silly ADD node_modules/ansi-escapes
4179 silly ADD node_modules/weak-lru-cache
4180 silly ADD node_modules/ordered-binary
4181 silly ADD node_modules/node-gyp-build-optional-packages
4182 silly ADD node_modules/node-addon-api
4183 silly ADD node_modules/msgpackr
4184 silly ADD node_modules/@lmdb/lmdb-win32-x64
4185 silly ADD node_modules/@harperfast/extended-iterable
4186 silly ADD node_modules/string-width
4187 silly ADD node_modules/slice-ansi
4188 silly ADD node_modules/rfdc
4189 silly ADD node_modules/log-update
4190 silly ADD node_modules/log-update/node_modules/string-width
4191 silly ADD node_modules/log-update/node_modules/wrap-ansi
4192 silly ADD node_modules/log-update/node_modules/slice-ansi
4193 silly ADD node_modules/eventemitter3
4194 silly ADD node_modules/colorette
4195 silly ADD node_modules/cli-truncate
4196 silly ADD node_modules/@csstools/color-helpers
4197 silly ADD node_modules/@csstools/css-color-parser
4198 silly ADD node_modules/@csstools/css-tokenizer
4199 silly ADD node_modules/@csstools/css-parser-algorithms
4200 silly ADD node_modules/@csstools/css-calc
4201 silly ADD node_modules/@asamuzakjp/generational-cache
4202 silly ADD node_modules/@csstools/css-syntax-patches-for-csstree
4203 silly ADD node_modules/@asamuzakjp/css-color
4204 silly ADD node_modules/source-map-js
4205 silly ADD node_modules/mdn-data
4206 silly ADD node_modules/css-tree
4207 silly ADD node_modules/bidi-js
4208 silly ADD node_modules/@asamuzakjp/nwsapi
4209 silly ADD node_modules/xml-name-validator
4210 silly ADD node_modules/whatwg-url
4211 silly ADD node_modules/whatwg-mimetype
4212 silly ADD node_modules/webidl-conversions
4213 silly ADD node_modules/w3c-xmlserializer
4214 silly ADD node_modules/tough-cookie
4215 silly ADD node_modules/symbol-tree
4216 silly ADD node_modules/saxes
4217 silly ADD node_modules/parse5
4218 silly ADD node_modules/parse5/node_modules/entities
4219 silly ADD node_modules/is-potential-custom-element-name
4220 silly ADD node_modules/http-proxy-agent
4221 silly ADD node_modules/html-encoding-sniffer
4222 silly ADD node_modules/decimal.js
4223 silly ADD node_modules/data-urls
4224 silly ADD node_modules/cssstyle
4225 silly ADD node_modules/cssstyle/node_modules/lru-cache
4226 silly ADD node_modules/@exodus/bytes
4227 silly ADD node_modules/@bramus/specificity
4228 silly ADD node_modules/@asamuzakjp/dom-selector
4229 silly ADD node_modules/@asamuzakjp/dom-selector/node_modules/lru-cache
4230 silly ADD node_modules/@acemir/cssom
4231 silly ADD node_modules/istanbul-lib-coverage
4232 silly ADD node_modules/@istanbuljs/schema
4233 silly ADD node_modules/safer-buffer
4234 silly ADD node_modules/agent-base
4235 silly ADD node_modules/toidentifier
4236 silly ADD node_modules/setprototypeof
4237 silly ADD node_modules/inherits
4238 silly ADD node_modules/ip-address
4239 silly ADD node_modules/bytes
4240 silly ADD node_modules/negotiator
4241 silly ADD node_modules/type-is
4242 silly ADD node_modules/type-is/node_modules/content-type
4243 silly ADD node_modules/statuses
4244 silly ADD node_modules/serve-static
4245 silly ADD node_modules/send
4246 silly ADD node_modules/router
4247 silly ADD node_modules/range-parser
4248 silly ADD node_modules/qs
4249 silly ADD node_modules/proxy-addr
4250 silly ADD node_modules/parseurl
4251 silly ADD node_modules/once
4252 silly ADD node_modules/on-finished
4253 silly ADD node_modules/mime-types
4254 silly ADD node_modules/merge-descriptors
4255 silly ADD node_modules/http-errors
4256 silly ADD node_modules/fresh
4257 silly ADD node_modules/finalhandler
4258 silly ADD node_modules/etag
4259 silly ADD node_modules/escape-html
4260 silly ADD node_modules/encodeurl
4261 silly ADD node_modules/depd
4262 silly ADD node_modules/cookie-signature
4263 silly ADD node_modules/cookie
4264 silly ADD node_modules/content-disposition
4265 silly ADD node_modules/body-parser
4266 silly ADD node_modules/accepts
4267 silly ADD node_modules/@esbuild/win32-x64
4268 silly ADD node_modules/entities
4269 silly ADD node_modules/domelementtype
4270 silly ADD node_modules/ms
4271 silly ADD node_modules/nth-check
4272 silly ADD node_modules/domutils
4273 silly ADD node_modules/boolbase
4274 silly ADD node_modules/which
4275 silly ADD node_modules/shebang-command
4276 silly ADD node_modules/path-key
4277 silly ADD node_modules/vary
4278 silly ADD node_modules/object-assign
4279 silly ADD node_modules/readdirp
4280 silly ADD node_modules/update-browserslist-db
4281 silly ADD node_modules/node-releases
4282 silly ADD node_modules/electron-to-chromium
4283 silly ADD node_modules/caniuse-lite
4284 silly ADD node_modules/baseline-browser-mapping
4285 silly ADD node_modules/postcss-safe-parser
4286 silly ADD node_modules/postcss-media-query-parser
4287 silly ADD node_modules/postcss
4288 silly ADD node_modules/htmlparser2
4289 silly ADD node_modules/htmlparser2/node_modules/entities
4290 silly ADD node_modules/domhandler
4291 silly ADD node_modules/dom-serializer
4292 silly ADD node_modules/css-what
4293 silly ADD node_modules/css-select
4294 silly ADD node_modules/@algolia/requester-node-http
4295 silly ADD node_modules/@algolia/requester-fetch
4296 silly ADD node_modules/@algolia/requester-browser-xhr
4297 silly ADD node_modules/@algolia/recommend
4298 silly ADD node_modules/@algolia/monitoring
4299 silly ADD node_modules/@algolia/ingestion
4300 silly ADD node_modules/@algolia/client-search
4301 silly ADD node_modules/@algolia/client-query-suggestions
4302 silly ADD node_modules/@algolia/client-personalization
4303 silly ADD node_modules/@algolia/client-insights
4304 silly ADD node_modules/@algolia/client-common
4305 silly ADD node_modules/@algolia/client-analytics
4306 silly ADD node_modules/@algolia/client-abtesting
4307 silly ADD node_modules/@algolia/abtesting
4308 silly ADD node_modules/require-from-string
4309 silly ADD node_modules/json-schema-traverse
4310 silly ADD node_modules/fast-uri
4311 silly ADD node_modules/fast-deep-equal
4312 silly ADD node_modules/zod-to-json-schema
4313 silly ADD node_modules/raw-body
4314 silly ADD node_modules/pkce-challenge
4315 silly ADD node_modules/json-schema-typed
4316 silly ADD node_modules/jose
4317 silly ADD node_modules/express-rate-limit
4318 silly ADD node_modules/express
4319 silly ADD node_modules/eventsource-parser
4320 silly ADD node_modules/eventsource
4321 silly ADD node_modules/cross-spawn
4322 silly ADD node_modules/cors
4323 silly ADD node_modules/content-type
4324 silly ADD node_modules/hono
4325 silly ADD node_modules/@hono/node-server
4326 silly ADD node_modules/@jridgewell/resolve-uri
4327 silly ADD node_modules/iconv-lite
4328 silly ADD node_modules/chardet
4329 silly ADD node_modules/@inquirer/external-editor
4330 silly ADD node_modules/@inquirer/select
4331 silly ADD node_modules/@inquirer/search
4332 silly ADD node_modules/@inquirer/rawlist
4333 silly ADD node_modules/@inquirer/password
4334 silly ADD node_modules/@inquirer/number
4335 silly ADD node_modules/@inquirer/input
4336 silly ADD node_modules/@inquirer/expand
4337 silly ADD node_modules/@inquirer/editor
4338 silly ADD node_modules/@inquirer/checkbox
4339 silly ADD node_modules/yoctocolors-cjs
4340 silly ADD node_modules/wrap-ansi
4341 silly ADD node_modules/wrap-ansi/node_modules/ansi-regex
4342 silly ADD node_modules/wrap-ansi/node_modules/is-fullwidth-code-point
4343 silly ADD node_modules/wrap-ansi/node_modules/emoji-regex
4344 silly ADD node_modules/wrap-ansi/node_modules/strip-ansi
4345 silly ADD node_modules/wrap-ansi/node_modules/string-width
4346 silly ADD node_modules/wrap-ansi/node_modules/ansi-styles
4347 silly ADD node_modules/signal-exit
4348 silly ADD node_modules/mute-stream
4349 silly ADD node_modules/cli-width
4350 silly ADD node_modules/@inquirer/figures
4351 silly ADD node_modules/@inquirer/ansi
4352 silly ADD node_modules/@inquirer/type
4353 silly ADD node_modules/@inquirer/core
4354 silly ADD node_modules/@babel/helper-string-parser
4355 silly ADD node_modules/@babel/helper-globals
4356 silly ADD node_modules/@babel/helper-module-imports
4357 silly ADD node_modules/lru-cache
4358 silly ADD node_modules/@babel/helper-validator-option
4359 silly ADD node_modules/@babel/compat-data
4360 silly ADD node_modules/jsesc
4361 silly ADD node_modules/picocolors
4362 silly ADD node_modules/js-tokens
4363 silly ADD node_modules/@babel/helper-validator-identifier
4364 silly ADD node_modules/json5
4365 silly ADD node_modules/gensync
4366 silly ADD node_modules/debug
4367 silly ADD node_modules/@jridgewell/remapping
4368 silly ADD node_modules/@babel/types
4369 silly ADD node_modules/@babel/traverse
4370 silly ADD node_modules/@babel/template
4371 silly ADD node_modules/@babel/parser
4372 silly ADD node_modules/@babel/helpers
4373 silly ADD node_modules/@babel/helper-module-transforms
4374 silly ADD node_modules/@babel/helper-compilation-targets
4375 silly ADD node_modules/@babel/helper-compilation-targets/node_modules/semver
4376 silly ADD node_modules/@babel/generator
4377 silly ADD node_modules/@babel/code-frame
4378 silly ADD node_modules/@standard-schema/spec
4379 silly ADD node_modules/reflect-metadata
4380 silly ADD node_modules/convert-source-map
4381 silly ADD node_modules/chokidar
4382 silly ADD node_modules/@jridgewell/sourcemap-codec
4383 silly ADD node_modules/ora
4384 silly ADD node_modules/zod
4385 silly ADD node_modules/yargs
4386 silly ADD node_modules/yargs/node_modules/string-width
4387 silly ADD node_modules/pacote
4388 silly ADD node_modules/npm-package-arg
4389 silly ADD node_modules/ini
4390 silly ADD node_modules/algoliasearch
4391 silly ADD node_modules/@yarnpkg/lockfile
4392 silly ADD node_modules/@schematics/angular
4393 silly ADD node_modules/@modelcontextprotocol/sdk
4394 silly ADD node_modules/@listr2/prompt-adapter-inquirer
4395 silly ADD node_modules/@inquirer/prompts
4396 silly ADD node_modules/@angular-devkit/schematics
4397 silly ADD node_modules/source-map
4398 silly ADD node_modules/ajv-formats
4399 silly ADD node_modules/ajv
4400 silly ADD node_modules/@angular-devkit/core
4401 silly ADD node_modules/@jridgewell/trace-mapping
4402 silly ADD node_modules/@jridgewell/gen-mapping
4403 silly ADD node_modules/watchpack
4404 silly ADD node_modules/undici
4405 silly ADD node_modules/tinyglobby
4406 silly ADD node_modules/source-map-support
4407 silly ADD node_modules/source-map-support/node_modules/source-map
4408 silly ADD node_modules/semver
4409 silly ADD node_modules/sass
4410 silly ADD node_modules/sass/node_modules/readdirp
4411 silly ADD node_modules/sass/node_modules/chokidar
4412 silly ADD node_modules/rolldown
4413 silly ADD node_modules/piscina
4414 silly ADD node_modules/picomatch
4415 silly ADD node_modules/parse5-html-rewriting-stream
4416 silly ADD node_modules/parse5-html-rewriting-stream/node_modules/entities
4417 silly ADD node_modules/mrmime
4418 silly ADD node_modules/magic-string
4419 silly ADD node_modules/lmdb
4420 silly ADD node_modules/listr2
4421 silly ADD node_modules/listr2/node_modules/string-width
4422 silly ADD node_modules/listr2/node_modules/wrap-ansi
4423 silly ADD node_modules/jsonc-parser
4424 silly ADD node_modules/istanbul-lib-instrument
4425 silly ADD node_modules/https-proxy-agent
4426 silly ADD node_modules/esbuild
4427 silly ADD node_modules/browserslist
4428 silly ADD node_modules/beasties
4429 silly ADD node_modules/vite
4430 silly ADD node_modules/@vitejs/plugin-basic-ssl
4431 silly ADD node_modules/@inquirer/confirm
4432 silly ADD node_modules/@babel/helper-split-export-declaration
4433 silly ADD node_modules/@babel/helper-annotate-as-pure
4434 silly ADD node_modules/@babel/core
4435 silly ADD node_modules/@babel/core/node_modules/semver
4436 silly ADD node_modules/@babel/core/node_modules/convert-source-map
4437 silly ADD node_modules/@angular-devkit/architect
4438 silly ADD node_modules/@ampproject/remapping
4439 silly ADD node_modules/vitest
4440 silly ADD node_modules/prettier
4441 silly ADD node_modules/jsdom
4442 silly ADD node_modules/@angular/router
4443 silly ADD node_modules/@angular/platform-browser
4444 silly ADD node_modules/@angular/forms
4445 silly ADD node_modules/@angular/core
4446 silly ADD node_modules/rxjs
4447 silly ADD node_modules/@angular/common
4448 silly ADD node_modules/@angular/cli
4449 silly ADD node_modules/@angular/compiler-cli
4450 silly ADD node_modules/@angular/compiler
4451 silly ADD node_modules/typescript
4452 silly ADD node_modules/tslib
4453 silly ADD node_modules/@angular/build
4454 verbose cwd C:\FugarovProjects\fitness-club\fitnessClub-site\ng-migration-temp
4455 verbose os Windows_NT 10.0.26200
4456 verbose node v22.19.0
4457 verbose npm  v11.8.0
4458 verbose exit 0
4459 info ok
