0 verbose cli C:\Program Files\nodejs\node.exe C:\Users\Admin\AppData\Roaming\npm\node_modules\npm\bin\npm-cli.js
1 info using npm@11.8.0
2 info using node@v22.19.0
3 silly config load:file:C:\Users\Admin\AppData\Roaming\npm\node_modules\npm\npmrc
4 silly config load:file:C:\FugarovProjects\fitness-club\fitnessClub-site\.npmrc
5 silly config load:file:C:\Users\Admin\.npmrc
6 silly config load:file:C:\Users\Admin\AppData\Roaming\npm\etc\npmrc
7 verbose title npm exec @angular/cli@21.2.11 new ng-migration-temp --defaults --skip-git --style=scss --routing --standalone --package-manager npm
8 verbose argv "exec" "--" "@angular/cli@21.2.11" "new" "ng-migration-temp" "--defaults" "--skip-git" "--style=scss" "--routing" "--standalone" "--package-manager" "npm"
9 verbose logfile logs-max:10 dir:C:\FugarovProjects\fitness-club\fitnessClub-site\.npm-cache\_logs\2026-05-19T09_39_58_623Z-
10 verbose logfile C:\FugarovProjects\fitness-club\fitnessClub-site\.npm-cache\_logs\2026-05-19T09_39_58_623Z-debug-0.log
11 silly logfile done cleaning log files
12 silly packumentCache heap:4345298944 maxSize:1086324736 maxEntrySize:543162368
13 http fetch GET 200 https://registry.npmjs.org/@angular%2fcli 330ms (cache revalidated)
14 silly packumentCache heap:4345298944 maxSize:1086324736 maxEntrySize:543162368
15 silly packumentCache heap:4345298944 maxSize:1086324736 maxEntrySize:543162368
16 warn exec The following package was not found and will be installed: @angular/cli@21.2.11
17 silly idealTree buildDeps
18 silly fetch manifest @angular/cli@21.2.11
19 silly packumentCache full:https://registry.npmjs.org/@angular%2fcli cache-miss
20 http cache https://registry.npmjs.org/@angular%2fcli 14ms (cache hit)
21 silly packumentCache full:https://registry.npmjs.org/@angular%2fcli set size:3132048 disposed:false
22 silly placeDep ROOT @angular/cli@21.2.11 OK for:  want: 21.2.11
23 silly fetch manifest ini@6.0.0
24 silly packumentCache full:https://registry.npmjs.org/ini cache-miss
25 silly fetch manifest zod@4.3.6
26 silly packumentCache full:https://registry.npmjs.org/zod cache-miss
27 silly fetch manifest yargs@18.0.0
28 silly packumentCache full:https://registry.npmjs.org/yargs cache-miss
29 silly fetch manifest listr2@9.0.5
30 silly packumentCache full:https://registry.npmjs.org/listr2 cache-miss
31 silly fetch manifest pacote@21.3.1
32 silly packumentCache full:https://registry.npmjs.org/pacote cache-miss
33 silly fetch manifest semver@7.7.4
34 silly packumentCache full:https://registry.npmjs.org/semver cache-miss
35 silly fetch manifest jsonc-parser@3.3.1
36 silly packumentCache full:https://registry.npmjs.org/jsonc-parser cache-miss
37 silly fetch manifest algoliasearch@5.48.1
38 silly packumentCache full:https://registry.npmjs.org/algoliasearch cache-miss
39 silly fetch manifest npm-package-arg@13.0.2
40 silly packumentCache full:https://registry.npmjs.org/npm-package-arg cache-miss
41 silly fetch manifest @inquirer/prompts@7.10.1
42 silly packumentCache full:https://registry.npmjs.org/@inquirer%2fprompts cache-miss
43 silly fetch manifest @yarnpkg/lockfile@1.1.0
44 silly packumentCache full:https://registry.npmjs.org/@yarnpkg%2flockfile cache-miss
45 http fetch GET 200 https://registry.npmjs.org/ini 124ms (cache miss)
46 silly packumentCache full:https://registry.npmjs.org/ini set size:undefined disposed:false
47 silly fetch manifest @schematics/angular@21.2.11
48 silly packumentCache full:https://registry.npmjs.org/@schematics%2fangular cache-miss
49 http fetch GET 200 https://registry.npmjs.org/semver 415ms (cache miss)
50 silly packumentCache full:https://registry.npmjs.org/semver set size:undefined disposed:false
51 silly fetch manifest @angular-devkit/core@21.2.11
52 silly packumentCache full:https://registry.npmjs.org/@angular-devkit%2fcore cache-miss
53 http fetch GET 200 https://registry.npmjs.org/npm-package-arg 521ms (cache miss)
54 silly packumentCache full:https://registry.npmjs.org/npm-package-arg set size:undefined disposed:false
55 silly fetch manifest @angular-devkit/architect@0.2102.11
56 silly packumentCache full:https://registry.npmjs.org/@angular-devkit%2farchitect cache-miss
57 http fetch GET 200 https://registry.npmjs.org/jsonc-parser 600ms (cache miss)
58 silly packumentCache full:https://registry.npmjs.org/jsonc-parser set size:undefined disposed:false
59 silly fetch manifest @modelcontextprotocol/sdk@1.26.0
60 silly packumentCache full:https://registry.npmjs.org/@modelcontextprotocol%2fsdk cache-miss
61 http fetch GET 200 https://registry.npmjs.org/@inquirer%2fprompts 619ms (cache miss)
62 silly packumentCache full:https://registry.npmjs.org/@inquirer%2fprompts set size:undefined disposed:false
63 silly fetch manifest @angular-devkit/schematics@21.2.11
64 silly packumentCache full:https://registry.npmjs.org/@angular-devkit%2fschematics cache-miss
65 http fetch GET 200 https://registry.npmjs.org/listr2 757ms (cache miss)
66 silly packumentCache full:https://registry.npmjs.org/listr2 set size:undefined disposed:false
67 silly fetch manifest parse5-html-rewriting-stream@8.0.0
68 silly packumentCache full:https://registry.npmjs.org/parse5-html-rewriting-stream cache-miss
69 http fetch GET 200 https://registry.npmjs.org/@schematics%2fangular 652ms (cache miss)
70 silly packumentCache full:https://registry.npmjs.org/@schematics%2fangular set size:undefined disposed:false
71 silly fetch manifest @listr2/prompt-adapter-inquirer@3.0.5
72 silly packumentCache full:https://registry.npmjs.org/@listr2%2fprompt-adapter-inquirer cache-miss
73 http fetch GET 200 https://registry.npmjs.org/@modelcontextprotocol%2fsdk 286ms (cache miss)
74 silly packumentCache full:https://registry.npmjs.org/@modelcontextprotocol%2fsdk set size:undefined disposed:false
75 http fetch GET 200 https://registry.npmjs.org/pacote 908ms (cache miss)
76 silly packumentCache full:https://registry.npmjs.org/pacote set size:undefined disposed:false
77 http fetch GET 200 https://registry.npmjs.org/parse5-html-rewriting-stream 151ms (cache miss)
78 silly packumentCache full:https://registry.npmjs.org/parse5-html-rewriting-stream set size:undefined disposed:false
79 http fetch GET 200 https://registry.npmjs.org/algoliasearch 920ms (cache miss)
80 silly packumentCache full:https://registry.npmjs.org/algoliasearch set size:undefined disposed:false
81 http fetch GET 200 https://registry.npmjs.org/@listr2%2fprompt-adapter-inquirer 172ms (cache miss)
82 silly packumentCache full:https://registry.npmjs.org/@listr2%2fprompt-adapter-inquirer set size:undefined disposed:false
83 http fetch GET 200 https://registry.npmjs.org/zod 965ms (cache miss)
84 silly packumentCache full:https://registry.npmjs.org/zod set size:undefined disposed:false
85 http fetch GET 200 https://registry.npmjs.org/@yarnpkg%2flockfile 1059ms (cache miss)
86 silly packumentCache full:https://registry.npmjs.org/@yarnpkg%2flockfile set size:undefined disposed:false
87 http fetch GET 200 https://registry.npmjs.org/@angular-devkit%2fschematics 624ms (cache miss)
88 silly packumentCache full:https://registry.npmjs.org/@angular-devkit%2fschematics set size:undefined disposed:false
89 http fetch GET 200 https://registry.npmjs.org/@angular-devkit%2fcore 875ms (cache miss)
90 silly packumentCache full:https://registry.npmjs.org/@angular-devkit%2fcore set size:undefined disposed:false
91 http fetch GET 200 https://registry.npmjs.org/@angular-devkit%2farchitect 783ms (cache miss)
92 silly packumentCache full:https://registry.npmjs.org/@angular-devkit%2farchitect set size:undefined disposed:false
93 http fetch GET 200 https://registry.npmjs.org/yargs 4242ms (cache miss)
94 silly packumentCache full:https://registry.npmjs.org/yargs set size:undefined disposed:false
95 silly fetch manifest @types/node@>=18
96 silly packumentCache full:https://registry.npmjs.org/@types%2fnode cache-miss
97 http fetch GET 200 https://registry.npmjs.org/@types%2fnode 553ms (cache miss)
98 silly packumentCache full:https://registry.npmjs.org/@types%2fnode set size:undefined disposed:false
99 silly fetch manifest chokidar@^5.0.0
100 silly packumentCache full:https://registry.npmjs.org/chokidar cache-miss
101 http fetch GET 200 https://registry.npmjs.org/chokidar 291ms (cache miss)
102 silly packumentCache full:https://registry.npmjs.org/chokidar set size:undefined disposed:false
103 silly fetch manifest @cfworker/json-schema@^4.1.1
104 silly packumentCache full:https://registry.npmjs.org/@cfworker%2fjson-schema cache-miss
105 http fetch GET 200 https://registry.npmjs.org/@cfworker%2fjson-schema 126ms (cache miss)
106 silly packumentCache full:https://registry.npmjs.org/@cfworker%2fjson-schema set size:undefined disposed:false
107 silly placeDep ROOT @angular-devkit/architect@0.2102.11 OK for: @angular/cli@21.2.11 want: 0.2102.11
108 silly placeDep ROOT @angular-devkit/core@21.2.11 OK for: @angular/cli@21.2.11 want: 21.2.11
109 silly placeDep ROOT @angular-devkit/schematics@21.2.11 OK for: @angular/cli@21.2.11 want: 21.2.11
110 silly placeDep ROOT @inquirer/prompts@7.10.1 OK for: @angular/cli@21.2.11 want: 7.10.1
111 silly placeDep ROOT @listr2/prompt-adapter-inquirer@3.0.5 OK for: @angular/cli@21.2.11 want: 3.0.5
112 silly placeDep ROOT listr2@9.0.5 OK for: @listr2/prompt-adapter-inquirer@3.0.5 want: 9.0.5
113 silly placeDep ROOT @modelcontextprotocol/sdk@1.26.0 OK for: @angular/cli@21.2.11 want: 1.26.0
114 silly placeDep ROOT @schematics/angular@21.2.11 OK for: @angular/cli@21.2.11 want: 21.2.11
115 silly placeDep ROOT @yarnpkg/lockfile@1.1.0 OK for: @angular/cli@21.2.11 want: 1.1.0
116 silly placeDep ROOT algoliasearch@5.48.1 OK for: @angular/cli@21.2.11 want: 5.48.1
117 silly placeDep ROOT ini@6.0.0 OK for: @angular/cli@21.2.11 want: 6.0.0
118 silly placeDep ROOT jsonc-parser@3.3.1 OK for: @angular/cli@21.2.11 want: 3.3.1
119 silly placeDep ROOT npm-package-arg@13.0.2 OK for: @angular/cli@21.2.11 want: 13.0.2
120 silly placeDep ROOT pacote@21.3.1 OK for: @angular/cli@21.2.11 want: 21.3.1
121 silly placeDep ROOT parse5-html-rewriting-stream@8.0.0 OK for: @angular/cli@21.2.11 want: 8.0.0
122 silly placeDep ROOT semver@7.7.4 OK for: @angular/cli@21.2.11 want: 7.7.4
123 silly placeDep ROOT yargs@18.0.0 OK for: @angular/cli@21.2.11 want: 18.0.0
124 silly placeDep ROOT zod@4.3.6 OK for: @angular/cli@21.2.11 want: 4.3.6
125 silly fetch manifest rxjs@7.8.2
126 silly packumentCache full:https://registry.npmjs.org/rxjs cache-miss
127 silly fetch manifest ajv@8.18.0
128 silly packumentCache full:https://registry.npmjs.org/ajv cache-miss
129 silly fetch manifest rxjs@7.8.2
130 silly packumentCache full:https://registry.npmjs.org/rxjs cache-miss
131 silly fetch manifest picomatch@4.0.4
132 silly packumentCache full:https://registry.npmjs.org/picomatch cache-miss
133 silly fetch manifest source-map@0.7.6
134 silly packumentCache full:https://registry.npmjs.org/source-map cache-miss
135 silly fetch manifest ajv-formats@3.0.1
136 silly packumentCache full:https://registry.npmjs.org/ajv-formats cache-miss
137 silly fetch manifest ora@9.3.0
138 silly packumentCache full:https://registry.npmjs.org/ora cache-miss
139 silly fetch manifest rxjs@7.8.2
140 silly packumentCache full:https://registry.npmjs.org/rxjs cache-miss
141 silly fetch manifest magic-string@0.30.21
142 silly packumentCache full:https://registry.npmjs.org/magic-string cache-miss
143 silly fetch manifest @inquirer/input@^4.3.1
144 silly packumentCache full:https://registry.npmjs.org/@inquirer%2finput cache-miss
145 silly fetch manifest @inquirer/editor@^4.2.23
146 silly packumentCache full:https://registry.npmjs.org/@inquirer%2feditor cache-miss
147 http fetch GET 200 https://registry.npmjs.org/ajv-formats 119ms (cache miss)
148 silly packumentCache full:https://registry.npmjs.org/ajv-formats set size:undefined disposed:false
149 silly fetch manifest @inquirer/expand@^4.0.23
150 silly packumentCache full:https://registry.npmjs.org/@inquirer%2fexpand cache-miss
151 http fetch GET 200 https://registry.npmjs.org/@inquirer%2fexpand 220ms (cache miss)
152 silly packumentCache full:https://registry.npmjs.org/@inquirer%2fexpand set size:undefined disposed:false
153 silly fetch manifest @inquirer/number@^3.0.23
154 silly packumentCache full:https://registry.npmjs.org/@inquirer%2fnumber cache-miss
155 http fetch GET 200 https://registry.npmjs.org/picomatch 349ms (cache miss)
156 silly packumentCache full:https://registry.npmjs.org/picomatch set size:undefined disposed:false
157 silly fetch manifest @inquirer/search@^3.2.2
158 silly packumentCache full:https://registry.npmjs.org/@inquirer%2fsearch cache-miss
159 http fetch GET 200 https://registry.npmjs.org/ora 375ms (cache miss)
160 silly packumentCache full:https://registry.npmjs.org/ora set size:undefined disposed:false
161 silly fetch manifest @inquirer/select@^4.4.2
162 silly packumentCache full:https://registry.npmjs.org/@inquirer%2fselect cache-miss
163 http fetch GET 200 https://registry.npmjs.org/@inquirer%2finput 381ms (cache miss)
164 silly packumentCache full:https://registry.npmjs.org/@inquirer%2finput set size:undefined disposed:false
165 silly fetch manifest @inquirer/confirm@^5.1.21
166 silly packumentCache full:https://registry.npmjs.org/@inquirer%2fconfirm cache-miss
167 http fetch GET 200 https://registry.npmjs.org/source-map 400ms (cache miss)
168 silly packumentCache full:https://registry.npmjs.org/source-map set size:undefined disposed:false
169 silly fetch manifest @inquirer/rawlist@^4.1.11
170 silly packumentCache full:https://registry.npmjs.org/@inquirer%2frawlist cache-miss
171 http fetch GET 200 https://registry.npmjs.org/rxjs 408ms (cache miss)
172 silly packumentCache full:https://registry.npmjs.org/rxjs set size:undefined disposed:false
173 silly fetch manifest @inquirer/checkbox@^4.3.2
174 silly packumentCache full:https://registry.npmjs.org/@inquirer%2fcheckbox cache-miss
175 http fetch GET 200 https://registry.npmjs.org/magic-string 416ms (cache miss)
176 silly packumentCache full:https://registry.npmjs.org/magic-string set size:undefined disposed:false
177 silly fetch manifest @inquirer/password@^4.0.23
178 silly packumentCache full:https://registry.npmjs.org/@inquirer%2fpassword cache-miss
179 http fetch GET 200 https://registry.npmjs.org/rxjs 422ms (cache miss)
180 silly packumentCache full:https://registry.npmjs.org/rxjs set size:undefined disposed:false
181 silly fetch manifest @inquirer/type@^3.0.8
182 silly packumentCache full:https://registry.npmjs.org/@inquirer%2ftype cache-miss
183 http fetch GET 200 https://registry.npmjs.org/ajv 438ms (cache miss)
184 silly packumentCache full:https://registry.npmjs.org/ajv set size:undefined disposed:false
185 silly fetch manifest rfdc@^1.4.1
186 silly packumentCache full:https://registry.npmjs.org/rfdc cache-miss
187 http fetch GET 200 https://registry.npmjs.org/@inquirer%2fsearch 119ms (cache miss)
188 silly packumentCache full:https://registry.npmjs.org/@inquirer%2fsearch set size:undefined disposed:false
189 silly fetch manifest colorette@^2.0.20
190 silly packumentCache full:https://registry.npmjs.org/colorette cache-miss
191 http fetch GET 200 https://registry.npmjs.org/@inquirer%2frawlist 180ms (cache miss)
192 silly packumentCache full:https://registry.npmjs.org/@inquirer%2frawlist set size:undefined disposed:false
193 silly fetch manifest wrap-ansi@^9.0.0
194 silly packumentCache full:https://registry.npmjs.org/wrap-ansi cache-miss
195 http fetch GET 200 https://registry.npmjs.org/@inquirer%2fpassword 186ms (cache miss)
196 silly packumentCache full:https://registry.npmjs.org/@inquirer%2fpassword set size:undefined disposed:false
197 silly fetch manifest log-update@^6.1.0
198 silly packumentCache full:https://registry.npmjs.org/log-update cache-miss
199 http fetch GET 200 https://registry.npmjs.org/rfdc 168ms (cache miss)
200 silly packumentCache full:https://registry.npmjs.org/rfdc set size:undefined disposed:false
201 silly fetch manifest cli-truncate@^5.0.0
202 silly packumentCache full:https://registry.npmjs.org/cli-truncate cache-miss
203 http fetch GET 200 https://registry.npmjs.org/@inquirer%2ftype 189ms (cache miss)
204 silly packumentCache full:https://registry.npmjs.org/@inquirer%2ftype set size:undefined disposed:false
205 silly fetch manifest eventemitter3@^5.0.1
206 silly packumentCache full:https://registry.npmjs.org/eventemitter3 cache-miss
207 http fetch GET 200 https://registry.npmjs.org/colorette 153ms (cache miss)
208 silly packumentCache full:https://registry.npmjs.org/colorette set size:undefined disposed:false
209 silly fetch manifest ajv@^8.17.1
210 silly packumentCache full:https://registry.npmjs.org/ajv cache-miss
211 http fetch GET 200 https://registry.npmjs.org/@inquirer%2fselect 251ms (cache miss)
212 silly packumentCache full:https://registry.npmjs.org/@inquirer%2fselect set size:undefined disposed:false
213 silly fetch manifest zod@^3.25 || ^4.0
214 silly packumentCache full:https://registry.npmjs.org/zod cache-miss
215 http fetch GET 200 https://registry.npmjs.org/@inquirer%2fconfirm 248ms (cache miss)
216 silly packumentCache full:https://registry.npmjs.org/@inquirer%2fconfirm set size:undefined disposed:false
217 silly fetch manifest cors@^2.8.5
218 silly packumentCache full:https://registry.npmjs.org/cors cache-miss
219 http cache https://registry.npmjs.org/ajv 29ms (cache hit)
220 silly packumentCache full:https://registry.npmjs.org/ajv set size:1142658 disposed:false
221 silly fetch manifest hono@^4.11.4
222 silly packumentCache full:https://registry.npmjs.org/hono cache-miss
223 http fetch GET 200 https://registry.npmjs.org/@inquirer%2fnumber 318ms (cache miss)
224 silly packumentCache full:https://registry.npmjs.org/@inquirer%2fnumber set size:undefined disposed:false
225 silly fetch manifest jose@^6.1.3
226 silly packumentCache full:https://registry.npmjs.org/jose cache-miss
227 http cache https://registry.npmjs.org/zod 40ms (cache hit)
228 silly packumentCache full:https://registry.npmjs.org/zod set size:3552562 disposed:false
229 silly fetch manifest express@^5.2.1
230 silly packumentCache full:https://registry.npmjs.org/express cache-miss
231 http fetch GET 200 https://registry.npmjs.org/@inquirer%2fcheckbox 272ms (cache miss)
232 silly packumentCache full:https://registry.npmjs.org/@inquirer%2fcheckbox set size:undefined disposed:false
233 silly fetch manifest raw-body@^3.0.0
234 silly packumentCache full:https://registry.npmjs.org/raw-body cache-miss
235 http fetch GET 200 https://registry.npmjs.org/wrap-ansi 119ms (cache miss)
236 silly packumentCache full:https://registry.npmjs.org/wrap-ansi set size:undefined disposed:false
237 silly fetch manifest ajv-formats@^3.0.1
238 silly packumentCache full:https://registry.npmjs.org/ajv-formats cache-miss
239 http cache https://registry.npmjs.org/ajv-formats 9ms (cache hit)
240 silly packumentCache full:https://registry.npmjs.org/ajv-formats set size:141264 disposed:false
241 silly fetch manifest cross-spawn@^7.0.5
242 silly packumentCache full:https://registry.npmjs.org/cross-spawn cache-miss
243 http fetch GET 200 https://registry.npmjs.org/cli-truncate 126ms (cache miss)
244 silly packumentCache full:https://registry.npmjs.org/cli-truncate set size:undefined disposed:false
245 silly fetch manifest eventsource@^3.0.2
246 silly packumentCache full:https://registry.npmjs.org/eventsource cache-miss
247 http fetch GET 200 https://registry.npmjs.org/log-update 142ms (cache miss)
248 silly packumentCache full:https://registry.npmjs.org/log-update set size:undefined disposed:false
249 silly fetch manifest content-type@^1.0.5
250 silly packumentCache full:https://registry.npmjs.org/content-type cache-miss
251 http fetch GET 200 https://registry.npmjs.org/eventemitter3 133ms (cache miss)
252 silly packumentCache full:https://registry.npmjs.org/eventemitter3 set size:undefined disposed:false
253 silly fetch manifest pkce-challenge@^5.0.0
254 silly packumentCache full:https://registry.npmjs.org/pkce-challenge cache-miss
255 http fetch GET 200 https://registry.npmjs.org/cors 122ms (cache miss)
256 silly packumentCache full:https://registry.npmjs.org/cors set size:undefined disposed:false
257 silly fetch manifest @hono/node-server@^1.19.9
258 silly packumentCache full:https://registry.npmjs.org/@hono%2fnode-server cache-miss
259 http fetch GET 200 https://registry.npmjs.org/cross-spawn 110ms (cache miss)
260 silly packumentCache full:https://registry.npmjs.org/cross-spawn set size:undefined disposed:false
261 silly fetch manifest json-schema-typed@^8.0.2
262 silly packumentCache full:https://registry.npmjs.org/json-schema-typed cache-miss
263 http fetch GET 200 https://registry.npmjs.org/jose 248ms (cache miss)
264 silly packumentCache full:https://registry.npmjs.org/jose set size:undefined disposed:false
265 silly fetch manifest eventsource-parser@^3.0.0
266 silly packumentCache full:https://registry.npmjs.org/eventsource-parser cache-miss
267 http fetch GET 200 https://registry.npmjs.org/eventsource 225ms (cache miss)
268 silly packumentCache full:https://registry.npmjs.org/eventsource set size:undefined disposed:false
269 silly fetch manifest express-rate-limit@^8.2.1
270 silly packumentCache full:https://registry.npmjs.org/express-rate-limit cache-miss
271 http fetch GET 200 https://registry.npmjs.org/content-type 228ms (cache miss)
272 silly packumentCache full:https://registry.npmjs.org/content-type set size:undefined disposed:false
273 silly fetch manifest zod-to-json-schema@^3.25.1
274 silly packumentCache full:https://registry.npmjs.org/zod-to-json-schema cache-miss
275 http fetch GET 200 https://registry.npmjs.org/express 300ms (cache miss)
276 silly packumentCache full:https://registry.npmjs.org/express set size:undefined disposed:false
277 silly fetch manifest @algolia/abtesting@1.14.1
278 silly packumentCache full:https://registry.npmjs.org/@algolia%2fabtesting cache-miss
279 http fetch GET 200 https://registry.npmjs.org/pkce-challenge 233ms (cache miss)
280 silly packumentCache full:https://registry.npmjs.org/pkce-challenge set size:undefined disposed:false
281 silly fetch manifest @algolia/ingestion@1.48.1
282 silly packumentCache full:https://registry.npmjs.org/@algolia%2fingestion cache-miss
283 http fetch GET 200 https://registry.npmjs.org/rxjs 1075ms (cache miss)
284 silly packumentCache full:https://registry.npmjs.org/rxjs set size:undefined disposed:false
285 silly fetch manifest @algolia/recommend@5.48.1
286 silly packumentCache full:https://registry.npmjs.org/@algolia%2frecommend cache-miss
287 http fetch GET 200 https://registry.npmjs.org/json-schema-typed 384ms (cache miss)
288 silly packumentCache full:https://registry.npmjs.org/json-schema-typed set size:undefined disposed:false
289 silly fetch manifest @algolia/monitoring@1.48.1
290 silly packumentCache full:https://registry.npmjs.org/@algolia%2fmonitoring cache-miss
291 http fetch GET 200 https://registry.npmjs.org/zod-to-json-schema 237ms (cache miss)
292 silly packumentCache full:https://registry.npmjs.org/zod-to-json-schema set size:undefined disposed:false
293 silly fetch manifest @algolia/client-common@5.48.1
294 silly packumentCache full:https://registry.npmjs.org/@algolia%2fclient-common cache-miss
295 http fetch GET 200 https://registry.npmjs.org/express-rate-limit 253ms (cache miss)
296 silly packumentCache full:https://registry.npmjs.org/express-rate-limit set size:undefined disposed:false
297 silly fetch manifest @algolia/client-search@5.48.1
298 silly packumentCache full:https://registry.npmjs.org/@algolia%2fclient-search cache-miss
299 http fetch GET 200 https://registry.npmjs.org/raw-body 836ms (cache miss)
300 silly packumentCache full:https://registry.npmjs.org/raw-body set size:undefined disposed:false
301 silly fetch manifest @algolia/client-insights@5.48.1
302 silly packumentCache full:https://registry.npmjs.org/@algolia%2fclient-insights cache-miss
303 http fetch GET 200 https://registry.npmjs.org/@inquirer%2feditor 1541ms (cache miss)
304 silly packumentCache full:https://registry.npmjs.org/@inquirer%2feditor set size:undefined disposed:false
305 silly fetch manifest @algolia/requester-fetch@5.48.1
306 silly packumentCache full:https://registry.npmjs.org/@algolia%2frequester-fetch cache-miss
307 http fetch GET 200 https://registry.npmjs.org/@algolia%2fabtesting 558ms (cache miss)
308 silly packumentCache full:https://registry.npmjs.org/@algolia%2fabtesting set size:undefined disposed:false
309 silly fetch manifest @algolia/client-abtesting@5.48.1
310 silly packumentCache full:https://registry.npmjs.org/@algolia%2fclient-abtesting cache-miss
311 http fetch GET 200 https://registry.npmjs.org/@algolia%2fingestion 579ms (cache miss)
312 silly packumentCache full:https://registry.npmjs.org/@algolia%2fingestion set size:undefined disposed:false
313 silly fetch manifest @algolia/client-analytics@5.48.1
314 silly packumentCache full:https://registry.npmjs.org/@algolia%2fclient-analytics cache-miss
315 http fetch GET 200 https://registry.npmjs.org/@hono%2fnode-server 841ms (cache miss)
316 silly packumentCache full:https://registry.npmjs.org/@hono%2fnode-server set size:undefined disposed:false
317 silly fetch manifest @algolia/requester-node-http@5.48.1
318 silly packumentCache full:https://registry.npmjs.org/@algolia%2frequester-node-http cache-miss
319 http fetch GET 200 https://registry.npmjs.org/eventsource-parser 697ms (cache miss)
320 silly packumentCache full:https://registry.npmjs.org/eventsource-parser set size:undefined disposed:false
321 silly fetch manifest @algolia/requester-browser-xhr@5.48.1
322 silly packumentCache full:https://registry.npmjs.org/@algolia%2frequester-browser-xhr cache-miss
323 http fetch GET 200 https://registry.npmjs.org/@algolia%2frecommend 543ms (cache miss)
324 silly packumentCache full:https://registry.npmjs.org/@algolia%2frecommend set size:undefined disposed:false
325 silly fetch manifest @algolia/client-personalization@5.48.1
326 silly packumentCache full:https://registry.npmjs.org/@algolia%2fclient-personalization cache-miss
327 http fetch GET 200 https://registry.npmjs.org/hono 1019ms (cache miss)
328 silly packumentCache full:https://registry.npmjs.org/hono set size:undefined disposed:false
329 silly fetch manifest @algolia/client-query-suggestions@5.48.1
330 silly packumentCache full:https://registry.npmjs.org/@algolia%2fclient-query-suggestions cache-miss
331 http fetch GET 200 https://registry.npmjs.org/@algolia%2fmonitoring 551ms (cache miss)
332 silly packumentCache full:https://registry.npmjs.org/@algolia%2fmonitoring set size:undefined disposed:false
333 silly fetch manifest semver@^7.3.5
334 silly packumentCache full:https://registry.npmjs.org/semver cache-miss
335 http cache https://registry.npmjs.org/semver 45ms (cache hit)
336 silly packumentCache full:https://registry.npmjs.org/semver set size:233058 disposed:false
337 silly fetch manifest proc-log@^6.0.0
338 silly packumentCache full:https://registry.npmjs.org/proc-log cache-miss
339 http fetch GET 200 https://registry.npmjs.org/@algolia%2fclient-search 593ms (cache miss)
340 silly packumentCache full:https://registry.npmjs.org/@algolia%2fclient-search set size:undefined disposed:false
341 silly fetch manifest hosted-git-info@^9.0.0
342 silly packumentCache full:https://registry.npmjs.org/hosted-git-info cache-miss
343 http fetch GET 200 https://registry.npmjs.org/@algolia%2fclient-abtesting 281ms (cache miss)
344 silly packumentCache full:https://registry.npmjs.org/@algolia%2fclient-abtesting set size:undefined disposed:false
345 silly fetch manifest validate-npm-package-name@^7.0.0
346 silly packumentCache full:https://registry.npmjs.org/validate-npm-package-name cache-miss
347 http fetch GET 200 https://registry.npmjs.org/@algolia%2fclient-insights 381ms (cache miss)
348 silly packumentCache full:https://registry.npmjs.org/@algolia%2fclient-insights set size:undefined disposed:false
349 silly fetch manifest tar@^7.4.3
350 silly packumentCache full:https://registry.npmjs.org/tar cache-miss
351 http fetch GET 200 https://registry.npmjs.org/@algolia%2fclient-common 702ms (cache miss)
352 silly packumentCache full:https://registry.npmjs.org/@algolia%2fclient-common set size:undefined disposed:false
353 silly fetch manifest ssri@^13.0.0
354 silly packumentCache full:https://registry.npmjs.org/ssri cache-miss
355 http fetch GET 200 https://registry.npmjs.org/@algolia%2frequester-node-http 334ms (cache miss)
356 silly packumentCache full:https://registry.npmjs.org/@algolia%2frequester-node-http set size:undefined disposed:false
357 silly fetch manifest cacache@^20.0.0
358 silly packumentCache full:https://registry.npmjs.org/cacache cache-miss
359 http fetch GET 200 https://registry.npmjs.org/@algolia%2frequester-browser-xhr 328ms (cache miss)
360 silly packumentCache full:https://registry.npmjs.org/@algolia%2frequester-browser-xhr set size:undefined disposed:false
361 silly fetch manifest minipass@^7.0.2
362 silly packumentCache full:https://registry.npmjs.org/minipass cache-miss
363 http fetch GET 200 https://registry.npmjs.org/@algolia%2frequester-fetch 415ms (cache miss)
364 silly packumentCache full:https://registry.npmjs.org/@algolia%2frequester-fetch set size:undefined disposed:false
365 silly fetch manifest proc-log@^6.0.0
366 silly packumentCache full:https://registry.npmjs.org/proc-log cache-miss
367 http fetch GET 200 https://registry.npmjs.org/proc-log 162ms (cache miss)
368 silly packumentCache full:https://registry.npmjs.org/proc-log set size:undefined disposed:false
369 silly fetch manifest sigstore@^4.0.0
370 silly packumentCache full:https://registry.npmjs.org/sigstore cache-miss
371 http fetch GET 200 https://registry.npmjs.org/@algolia%2fclient-personalization 359ms (cache miss)
372 silly packumentCache full:https://registry.npmjs.org/@algolia%2fclient-personalization set size:undefined disposed:false
373 silly fetch manifest @npmcli/git@^7.0.0
374 silly packumentCache full:https://registry.npmjs.org/@npmcli%2fgit cache-miss
375 http fetch GET 200 https://registry.npmjs.org/validate-npm-package-name 160ms (cache miss)
376 silly packumentCache full:https://registry.npmjs.org/validate-npm-package-name set size:undefined disposed:false
377 silly fetch manifest fs-minipass@^3.0.0
378 silly packumentCache full:https://registry.npmjs.org/fs-minipass cache-miss
379 http fetch GET 200 https://registry.npmjs.org/hosted-git-info 180ms (cache miss)
380 silly packumentCache full:https://registry.npmjs.org/hosted-git-info set size:undefined disposed:false
381 silly fetch manifest npm-packlist@^10.0.1
382 silly packumentCache full:https://registry.npmjs.org/npm-packlist cache-miss
383 http fetch GET 200 https://registry.npmjs.org/@algolia%2fclient-query-suggestions 299ms (cache miss)
384 silly packumentCache full:https://registry.npmjs.org/@algolia%2fclient-query-suggestions set size:undefined disposed:false
385 silly fetch manifest promise-retry@^2.0.1
386 silly packumentCache full:https://registry.npmjs.org/promise-retry cache-miss
387 http fetch GET 200 https://registry.npmjs.org/ssri 118ms (cache miss)
388 silly packumentCache full:https://registry.npmjs.org/ssri set size:undefined disposed:false
389 silly fetch manifest npm-pick-manifest@^11.0.1
390 silly packumentCache full:https://registry.npmjs.org/npm-pick-manifest cache-miss
391 http fetch GET 200 https://registry.npmjs.org/tar 145ms (cache miss)
392 silly packumentCache full:https://registry.npmjs.org/tar set size:undefined disposed:false
393 silly fetch manifest @npmcli/run-script@^10.0.0
394 silly packumentCache full:https://registry.npmjs.org/@npmcli%2frun-script cache-miss
395 http fetch GET 200 https://registry.npmjs.org/minipass 134ms (cache miss)
396 silly packumentCache full:https://registry.npmjs.org/minipass set size:undefined disposed:false
397 silly fetch manifest npm-registry-fetch@^19.0.0
398 silly packumentCache full:https://registry.npmjs.org/npm-registry-fetch cache-miss
399 http fetch GET 200 https://registry.npmjs.org/proc-log 125ms (cache miss)
400 silly packumentCache full:https://registry.npmjs.org/proc-log set size:undefined disposed:false
401 silly fetch manifest @npmcli/package-json@^7.0.0
402 silly packumentCache full:https://registry.npmjs.org/@npmcli%2fpackage-json cache-miss
403 http fetch GET 200 https://registry.npmjs.org/cacache 158ms (cache miss)
404 silly packumentCache full:https://registry.npmjs.org/cacache set size:undefined disposed:false
405 silly fetch manifest @npmcli/promise-spawn@^9.0.0
406 silly packumentCache full:https://registry.npmjs.org/@npmcli%2fpromise-spawn cache-miss
407 http fetch GET 200 https://registry.npmjs.org/sigstore 122ms (cache miss)
408 silly packumentCache full:https://registry.npmjs.org/sigstore set size:undefined disposed:false
409 silly fetch manifest @npmcli/installed-package-contents@^4.0.0
410 silly packumentCache full:https://registry.npmjs.org/@npmcli%2finstalled-package-contents cache-miss
411 http fetch GET 200 https://registry.npmjs.org/promise-retry 121ms (cache miss)
412 silly packumentCache full:https://registry.npmjs.org/promise-retry set size:undefined disposed:false
413 silly fetch manifest parse5@^8.0.0
414 silly packumentCache full:https://registry.npmjs.org/parse5 cache-miss
415 http fetch GET 200 https://registry.npmjs.org/fs-minipass 151ms (cache miss)
416 silly packumentCache full:https://registry.npmjs.org/fs-minipass set size:undefined disposed:false
417 silly fetch manifest entities@^6.0.0
418 silly packumentCache full:https://registry.npmjs.org/entities cache-miss
419 http fetch GET 200 https://registry.npmjs.org/@npmcli%2fgit 156ms (cache miss)
420 silly packumentCache full:https://registry.npmjs.org/@npmcli%2fgit set size:undefined disposed:false
421 silly fetch manifest parse5-sax-parser@^8.0.0
422 silly packumentCache full:https://registry.npmjs.org/parse5-sax-parser cache-miss
423 http fetch GET 200 https://registry.npmjs.org/npm-packlist 147ms (cache miss)
424 silly packumentCache full:https://registry.npmjs.org/npm-packlist set size:undefined disposed:false
425 silly fetch manifest cliui@^9.0.1
426 silly packumentCache full:https://registry.npmjs.org/cliui cache-miss
427 http fetch GET 200 https://registry.npmjs.org/npm-pick-manifest 118ms (cache miss)
428 silly packumentCache full:https://registry.npmjs.org/npm-pick-manifest set size:undefined disposed:false
429 silly fetch manifest escalade@^3.1.1
430 silly packumentCache full:https://registry.npmjs.org/escalade cache-miss
431 http fetch GET 200 https://registry.npmjs.org/@npmcli%2fpackage-json 121ms (cache miss)
432 silly packumentCache full:https://registry.npmjs.org/@npmcli%2fpackage-json set size:undefined disposed:false
433 silly fetch manifest get-caller-file@^2.0.5
434 silly packumentCache full:https://registry.npmjs.org/get-caller-file cache-miss
435 http fetch GET 200 https://registry.npmjs.org/@npmcli%2frun-script 159ms (cache miss)
436 silly packumentCache full:https://registry.npmjs.org/@npmcli%2frun-script set size:undefined disposed:false
437 silly fetch manifest string-width@^7.2.0
438 silly packumentCache full:https://registry.npmjs.org/string-width cache-miss
439 http fetch GET 200 https://registry.npmjs.org/npm-registry-fetch 162ms (cache miss)
440 silly packumentCache full:https://registry.npmjs.org/npm-registry-fetch set size:undefined disposed:false
441 silly fetch manifest y18n@^5.0.5
442 silly packumentCache full:https://registry.npmjs.org/y18n cache-miss
443 http fetch GET 200 https://registry.npmjs.org/@npmcli%2finstalled-package-contents 148ms (cache miss)
444 silly packumentCache full:https://registry.npmjs.org/@npmcli%2finstalled-package-contents set size:undefined disposed:false
445 silly fetch manifest yargs-parser@^22.0.0
446 silly packumentCache full:https://registry.npmjs.org/yargs-parser cache-miss
447 http fetch GET 200 https://registry.npmjs.org/@npmcli%2fpromise-spawn 151ms (cache miss)
448 silly packumentCache full:https://registry.npmjs.org/@npmcli%2fpromise-spawn set size:undefined disposed:false
449 http fetch GET 200 https://registry.npmjs.org/parse5-sax-parser 125ms (cache miss)
450 silly packumentCache full:https://registry.npmjs.org/parse5-sax-parser set size:undefined disposed:false
451 http fetch GET 200 https://registry.npmjs.org/entities 130ms (cache miss)
452 silly packumentCache full:https://registry.npmjs.org/entities set size:undefined disposed:false
453 http fetch GET 200 https://registry.npmjs.org/escalade 111ms (cache miss)
454 silly packumentCache full:https://registry.npmjs.org/escalade set size:undefined disposed:false
455 http fetch GET 200 https://registry.npmjs.org/cliui 125ms (cache miss)
456 silly packumentCache full:https://registry.npmjs.org/cliui set size:undefined disposed:false
457 http fetch GET 200 https://registry.npmjs.org/parse5 141ms (cache miss)
458 silly packumentCache full:https://registry.npmjs.org/parse5 set size:undefined disposed:false
459 http fetch GET 200 https://registry.npmjs.org/get-caller-file 122ms (cache miss)
460 silly packumentCache full:https://registry.npmjs.org/get-caller-file set size:undefined disposed:false
461 http fetch GET 200 https://registry.npmjs.org/string-width 116ms (cache miss)
462 silly packumentCache full:https://registry.npmjs.org/string-width set size:undefined disposed:false
463 http fetch GET 200 https://registry.npmjs.org/y18n 117ms (cache miss)
464 silly packumentCache full:https://registry.npmjs.org/y18n set size:undefined disposed:false
465 http fetch GET 200 https://registry.npmjs.org/yargs-parser 136ms (cache miss)
466 silly packumentCache full:https://registry.npmjs.org/yargs-parser set size:undefined disposed:false
467 http fetch GET 200 https://registry.npmjs.org/@algolia%2fclient-analytics 1192ms (cache miss)
468 silly packumentCache full:https://registry.npmjs.org/@algolia%2fclient-analytics set size:undefined disposed:false
469 silly placeDep ROOT rxjs@7.8.2 OK for: @angular-devkit/architect@0.2102.11 want: 7.8.2
470 silly fetch manifest tslib@^2.1.0
471 silly packumentCache full:https://registry.npmjs.org/tslib cache-miss
472 http fetch GET 200 https://registry.npmjs.org/tslib 115ms (cache miss)
473 silly packumentCache full:https://registry.npmjs.org/tslib set size:undefined disposed:false
474 silly placeDep ROOT ajv@8.18.0 OK for: @angular-devkit/core@21.2.11 want: 8.18.0
475 silly placeDep ROOT ajv-formats@3.0.1 OK for: @angular-devkit/core@21.2.11 want: 3.0.1
476 silly placeDep ROOT picomatch@4.0.4 OK for: @angular-devkit/core@21.2.11 want: 4.0.4
477 silly placeDep ROOT source-map@0.7.6 OK for: @angular-devkit/core@21.2.11 want: 0.7.6
478 silly fetch manifest fast-uri@^3.0.1
479 silly packumentCache full:https://registry.npmjs.org/fast-uri cache-miss
480 silly fetch manifest fast-deep-equal@^3.1.3
481 silly packumentCache full:https://registry.npmjs.org/fast-deep-equal cache-miss
482 silly fetch manifest require-from-string@^2.0.2
483 silly packumentCache full:https://registry.npmjs.org/require-from-string cache-miss
484 silly fetch manifest json-schema-traverse@^1.0.0
485 silly packumentCache full:https://registry.npmjs.org/json-schema-traverse cache-miss
486 http fetch GET 200 https://registry.npmjs.org/require-from-string 693ms (cache miss)
487 silly packumentCache full:https://registry.npmjs.org/require-from-string set size:undefined disposed:false
488 http fetch GET 200 https://registry.npmjs.org/fast-deep-equal 701ms (cache miss)
489 silly packumentCache full:https://registry.npmjs.org/fast-deep-equal set size:undefined disposed:false
490 http fetch GET 200 https://registry.npmjs.org/fast-uri 704ms (cache miss)
491 silly packumentCache full:https://registry.npmjs.org/fast-uri set size:undefined disposed:false
492 http fetch GET 200 https://registry.npmjs.org/json-schema-traverse 702ms (cache miss)
493 silly packumentCache full:https://registry.npmjs.org/json-schema-traverse set size:undefined disposed:false
494 silly placeDep ROOT magic-string@0.30.21 OK for: @angular-devkit/schematics@21.2.11 want: 0.30.21
495 silly placeDep ROOT ora@9.3.0 OK for: @angular-devkit/schematics@21.2.11 want: 9.3.0
496 silly fetch manifest @jridgewell/sourcemap-codec@^1.5.5
497 silly packumentCache full:https://registry.npmjs.org/@jridgewell%2fsourcemap-codec cache-miss
498 silly fetch manifest chalk@^5.6.2
499 silly packumentCache full:https://registry.npmjs.org/chalk cache-miss
500 silly fetch manifest cli-cursor@^5.0.0
501 silly packumentCache full:https://registry.npmjs.org/cli-cursor cache-miss
502 silly fetch manifest log-symbols@^7.0.1
503 silly packumentCache full:https://registry.npmjs.org/log-symbols cache-miss
504 silly fetch manifest cli-spinners@^3.2.0
505 silly packumentCache full:https://registry.npmjs.org/cli-spinners cache-miss
506 silly fetch manifest string-width@^8.1.0
507 silly packumentCache full:https://registry.npmjs.org/string-width cache-miss
508 silly fetch manifest is-interactive@^2.0.0
509 silly packumentCache full:https://registry.npmjs.org/is-interactive cache-miss
510 silly fetch manifest stdin-discarder@^0.3.1
511 silly packumentCache full:https://registry.npmjs.org/stdin-discarder cache-miss
512 silly fetch manifest is-unicode-supported@^2.1.0
513 silly packumentCache full:https://registry.npmjs.org/is-unicode-supported cache-miss
514 http cache https://registry.npmjs.org/string-width 18ms (cache hit)
515 silly packumentCache full:https://registry.npmjs.org/string-width set size:70381 disposed:false
516 http fetch GET 200 https://registry.npmjs.org/is-unicode-supported 97ms (cache miss)
517 silly packumentCache full:https://registry.npmjs.org/is-unicode-supported set size:undefined disposed:false
518 http fetch GET 200 https://registry.npmjs.org/stdin-discarder 101ms (cache miss)
519 silly packumentCache full:https://registry.npmjs.org/stdin-discarder set size:undefined disposed:false
520 http fetch GET 200 https://registry.npmjs.org/log-symbols 105ms (cache miss)
521 silly packumentCache full:https://registry.npmjs.org/log-symbols set size:undefined disposed:false
522 http fetch GET 200 https://registry.npmjs.org/cli-spinners 118ms (cache miss)
523 silly packumentCache full:https://registry.npmjs.org/cli-spinners set size:undefined disposed:false
524 http fetch GET 200 https://registry.npmjs.org/chalk 121ms (cache miss)
525 silly packumentCache full:https://registry.npmjs.org/chalk set size:undefined disposed:false
526 http fetch GET 200 https://registry.npmjs.org/cli-cursor 124ms (cache miss)
527 silly packumentCache full:https://registry.npmjs.org/cli-cursor set size:undefined disposed:false
528 http fetch GET 200 https://registry.npmjs.org/@jridgewell%2fsourcemap-codec 154ms (cache miss)
529 silly packumentCache full:https://registry.npmjs.org/@jridgewell%2fsourcemap-codec set size:undefined disposed:false
530 http fetch GET 200 https://registry.npmjs.org/is-interactive 169ms (cache miss)
531 silly packumentCache full:https://registry.npmjs.org/is-interactive set size:undefined disposed:false
532 silly placeDep ROOT @inquirer/checkbox@4.3.2 OK for: @inquirer/prompts@7.10.1 want: ^4.3.2
533 silly placeDep ROOT @inquirer/confirm@5.1.21 OK for: @inquirer/prompts@7.10.1 want: ^5.1.21
534 silly placeDep ROOT @inquirer/editor@4.2.23 OK for: @inquirer/prompts@7.10.1 want: ^4.2.23
535 silly placeDep ROOT @inquirer/expand@4.0.23 OK for: @inquirer/prompts@7.10.1 want: ^4.0.23
536 silly placeDep ROOT @inquirer/input@4.3.1 OK for: @inquirer/prompts@7.10.1 want: ^4.3.1
537 silly placeDep ROOT @inquirer/number@3.0.23 OK for: @inquirer/prompts@7.10.1 want: ^3.0.23
538 silly placeDep ROOT @inquirer/password@4.0.23 OK for: @inquirer/prompts@7.10.1 want: ^4.0.23
539 silly placeDep ROOT @inquirer/rawlist@4.1.11 OK for: @inquirer/prompts@7.10.1 want: ^4.1.11
540 silly placeDep ROOT @inquirer/search@3.2.2 OK for: @inquirer/prompts@7.10.1 want: ^3.2.2
541 silly placeDep ROOT @inquirer/select@4.4.2 OK for: @inquirer/prompts@7.10.1 want: ^4.4.2
542 silly fetch manifest @inquirer/ansi@^1.0.2
543 silly packumentCache full:https://registry.npmjs.org/@inquirer%2fansi cache-miss
544 silly fetch manifest @inquirer/core@^10.3.2
545 silly packumentCache full:https://registry.npmjs.org/@inquirer%2fcore cache-miss
546 silly fetch manifest @inquirer/type@^3.0.10
547 silly packumentCache full:https://registry.npmjs.org/@inquirer%2ftype cache-miss
548 silly fetch manifest yoctocolors-cjs@^2.1.3
549 silly packumentCache full:https://registry.npmjs.org/yoctocolors-cjs cache-miss
550 silly fetch manifest @inquirer/figures@^1.0.15
551 silly packumentCache full:https://registry.npmjs.org/@inquirer%2ffigures cache-miss
552 silly fetch manifest @inquirer/core@^10.3.2
553 silly packumentCache full:https://registry.npmjs.org/@inquirer%2fcore cache-miss
554 silly fetch manifest @inquirer/type@^3.0.10
555 silly packumentCache full:https://registry.npmjs.org/@inquirer%2ftype cache-miss
556 silly fetch manifest @inquirer/core@^10.3.2
557 silly packumentCache full:https://registry.npmjs.org/@inquirer%2fcore cache-miss
558 silly fetch manifest @inquirer/type@^3.0.10
559 silly packumentCache full:https://registry.npmjs.org/@inquirer%2ftype cache-miss
560 silly fetch manifest @inquirer/external-editor@^1.0.3
561 silly packumentCache full:https://registry.npmjs.org/@inquirer%2fexternal-editor cache-miss
562 silly fetch manifest @inquirer/core@^10.3.2
563 silly packumentCache full:https://registry.npmjs.org/@inquirer%2fcore cache-miss
564 http cache https://registry.npmjs.org/@inquirer%2ftype 45ms (cache hit)
565 silly packumentCache full:https://registry.npmjs.org/@inquirer%2ftype set size:115206 disposed:false
566 silly fetch manifest yoctocolors-cjs@^2.1.3
567 silly packumentCache full:https://registry.npmjs.org/yoctocolors-cjs cache-miss
568 http cache https://registry.npmjs.org/@inquirer%2ftype 48ms (cache hit)
569 silly packumentCache full:https://registry.npmjs.org/@inquirer%2ftype set size:115206 disposed:false
570 silly packumentCache full:https://registry.npmjs.org/@inquirer%2ftype dispose
571 silly fetch manifest @inquirer/core@^10.3.2
572 silly packumentCache full:https://registry.npmjs.org/@inquirer%2fcore cache-miss
573 http cache https://registry.npmjs.org/@inquirer%2ftype 51ms (cache hit)
574 silly packumentCache full:https://registry.npmjs.org/@inquirer%2ftype set size:115206 disposed:true
575 silly packumentCache full:https://registry.npmjs.org/@inquirer%2ftype dispose
576 silly fetch manifest @inquirer/core@^10.3.2
577 silly packumentCache full:https://registry.npmjs.org/@inquirer%2fcore cache-miss
578 http fetch GET 200 https://registry.npmjs.org/yoctocolors-cjs 144ms (cache miss)
579 silly packumentCache full:https://registry.npmjs.org/yoctocolors-cjs set size:undefined disposed:false
580 silly fetch manifest @inquirer/ansi@^1.0.2
581 silly packumentCache full:https://registry.npmjs.org/@inquirer%2fansi cache-miss
582 http fetch GET 200 https://registry.npmjs.org/yoctocolors-cjs 112ms (cache miss)
583 silly packumentCache full:https://registry.npmjs.org/yoctocolors-cjs set size:undefined disposed:false
584 silly fetch manifest @inquirer/core@^10.3.2
585 silly packumentCache full:https://registry.npmjs.org/@inquirer%2fcore cache-miss
586 http fetch GET 200 https://registry.npmjs.org/@inquirer%2fexternal-editor 166ms (cache miss)
587 silly packumentCache full:https://registry.npmjs.org/@inquirer%2fexternal-editor set size:undefined disposed:false
588 silly fetch manifest @inquirer/core@^10.3.2
589 silly packumentCache full:https://registry.npmjs.org/@inquirer%2fcore cache-miss
590 http fetch GET 200 https://registry.npmjs.org/@inquirer%2fcore 182ms (cache miss)
591 silly packumentCache full:https://registry.npmjs.org/@inquirer%2fcore set size:undefined disposed:false
592 silly fetch manifest @inquirer/figures@^1.0.15
593 silly packumentCache full:https://registry.npmjs.org/@inquirer%2ffigures cache-miss
594 http fetch GET 200 https://registry.npmjs.org/@inquirer%2ffigures 188ms (cache miss)
595 silly packumentCache full:https://registry.npmjs.org/@inquirer%2ffigures set size:undefined disposed:false
596 silly fetch manifest @inquirer/ansi@^1.0.2
597 silly packumentCache full:https://registry.npmjs.org/@inquirer%2fansi cache-miss
598 http cache https://registry.npmjs.org/@inquirer%2ffigures 12ms (cache hit)
599 silly packumentCache full:https://registry.npmjs.org/@inquirer%2ffigures set size:52687 disposed:false
600 http fetch GET 200 https://registry.npmjs.org/@inquirer%2fansi 109ms (cache miss)
601 silly packumentCache full:https://registry.npmjs.org/@inquirer%2fansi set size:undefined disposed:false
602 http fetch GET 200 https://registry.npmjs.org/@inquirer%2fansi 281ms (cache miss)
603 silly packumentCache full:https://registry.npmjs.org/@inquirer%2fansi set size:undefined disposed:false
604 http fetch GET 200 https://registry.npmjs.org/@inquirer%2fcore 236ms (cache miss)
605 silly packumentCache full:https://registry.npmjs.org/@inquirer%2fcore set size:undefined disposed:false
606 http fetch GET 200 https://registry.npmjs.org/@inquirer%2fcore 139ms (cache miss)
607 silly packumentCache full:https://registry.npmjs.org/@inquirer%2fcore set size:undefined disposed:false
608 http fetch GET 200 https://registry.npmjs.org/@inquirer%2fansi 114ms (cache miss)
609 silly packumentCache full:https://registry.npmjs.org/@inquirer%2fansi set size:undefined disposed:false
610 http fetch GET 200 https://registry.npmjs.org/@inquirer%2fcore 140ms (cache miss)
611 silly packumentCache full:https://registry.npmjs.org/@inquirer%2fcore set size:undefined disposed:false
612 http fetch GET 200 https://registry.npmjs.org/@inquirer%2fcore 465ms (cache miss)
613 silly packumentCache full:https://registry.npmjs.org/@inquirer%2fcore set size:undefined disposed:false
614 http fetch GET 200 https://registry.npmjs.org/@inquirer%2fcore 526ms (cache miss)
615 silly packumentCache full:https://registry.npmjs.org/@inquirer%2fcore set size:undefined disposed:false
616 http fetch GET 200 https://registry.npmjs.org/@inquirer%2fcore 528ms (cache miss)
617 silly packumentCache full:https://registry.npmjs.org/@inquirer%2fcore set size:undefined disposed:false
618 http fetch GET 200 https://registry.npmjs.org/@inquirer%2fcore 1920ms (cache miss)
619 silly packumentCache full:https://registry.npmjs.org/@inquirer%2fcore set size:undefined disposed:false
620 silly placeDep ROOT @inquirer/ansi@1.0.2 OK for: @inquirer/checkbox@4.3.2 want: ^1.0.2
621 silly placeDep ROOT @inquirer/core@10.3.2 OK for: @inquirer/checkbox@4.3.2 want: ^10.3.2
622 silly placeDep ROOT @inquirer/figures@1.0.15 OK for: @inquirer/checkbox@4.3.2 want: ^1.0.15
623 silly placeDep ROOT @inquirer/type@3.0.10 OK for: @inquirer/checkbox@4.3.2 want: ^3.0.10
624 silly placeDep ROOT yoctocolors-cjs@2.1.3 OK for: @inquirer/checkbox@4.3.2 want: ^2.1.3
625 silly fetch manifest cli-width@^4.1.0
626 silly packumentCache full:https://registry.npmjs.org/cli-width cache-miss
627 silly fetch manifest wrap-ansi@^6.2.0
628 silly packumentCache full:https://registry.npmjs.org/wrap-ansi cache-miss
629 silly fetch manifest mute-stream@^2.0.0
630 silly packumentCache full:https://registry.npmjs.org/mute-stream cache-miss
631 silly fetch manifest signal-exit@^4.1.0
632 silly packumentCache full:https://registry.npmjs.org/signal-exit cache-miss
633 http cache https://registry.npmjs.org/wrap-ansi 19ms (cache hit)
634 silly packumentCache full:https://registry.npmjs.org/wrap-ansi set size:55299 disposed:false
635 http fetch GET 200 https://registry.npmjs.org/signal-exit 97ms (cache miss)
636 silly packumentCache full:https://registry.npmjs.org/signal-exit set size:undefined disposed:false
637 http fetch GET 200 https://registry.npmjs.org/mute-stream 101ms (cache miss)
638 silly packumentCache full:https://registry.npmjs.org/mute-stream set size:undefined disposed:false
639 http fetch GET 200 https://registry.npmjs.org/cli-width 116ms (cache miss)
640 silly packumentCache full:https://registry.npmjs.org/cli-width set size:undefined disposed:false
641 silly placeDep ROOT cli-width@4.1.0 OK for: @inquirer/core@10.3.2 want: ^4.1.0
642 silly placeDep ROOT mute-stream@2.0.0 OK for: @inquirer/core@10.3.2 want: ^2.0.0
643 silly placeDep ROOT signal-exit@4.1.0 OK for: @inquirer/core@10.3.2 want: ^4.1.0
644 silly placeDep ROOT wrap-ansi@6.2.0 OK for: @inquirer/core@10.3.2 want: ^6.2.0
645 silly fetch manifest strip-ansi@^6.0.0
646 silly packumentCache full:https://registry.npmjs.org/strip-ansi cache-miss
647 silly fetch manifest ansi-styles@^4.0.0
648 silly packumentCache full:https://registry.npmjs.org/ansi-styles cache-miss
649 silly fetch manifest string-width@^4.1.0
650 silly packumentCache full:https://registry.npmjs.org/string-width cache-hit
651 http fetch GET 200 https://registry.npmjs.org/ansi-styles 133ms (cache miss)
652 silly packumentCache full:https://registry.npmjs.org/ansi-styles set size:undefined disposed:false
653 http fetch GET 200 https://registry.npmjs.org/strip-ansi 135ms (cache miss)
654 silly packumentCache full:https://registry.npmjs.org/strip-ansi set size:undefined disposed:false
655 silly placeDep ROOT @inquirer/external-editor@1.0.3 OK for: @inquirer/editor@4.2.23 want: ^1.0.3
656 silly fetch manifest chardet@^2.1.1
657 silly packumentCache full:https://registry.npmjs.org/chardet cache-miss
658 silly fetch manifest iconv-lite@^0.7.0
659 silly packumentCache full:https://registry.npmjs.org/iconv-lite cache-miss
660 http fetch GET 200 https://registry.npmjs.org/iconv-lite 207ms (cache miss)
661 silly packumentCache full:https://registry.npmjs.org/iconv-lite set size:undefined disposed:false
662 http fetch GET 200 https://registry.npmjs.org/chardet 218ms (cache miss)
663 silly packumentCache full:https://registry.npmjs.org/chardet set size:undefined disposed:false
664 silly placeDep ROOT chardet@2.1.1 OK for: @inquirer/external-editor@1.0.3 want: ^2.1.1
665 silly placeDep ROOT iconv-lite@0.7.2 OK for: @inquirer/external-editor@1.0.3 want: ^0.7.0
666 silly fetch manifest safer-buffer@>= 2.1.2 < 3.0.0
667 silly packumentCache full:https://registry.npmjs.org/safer-buffer cache-miss
668 http fetch GET 200 https://registry.npmjs.org/safer-buffer 97ms (cache miss)
669 silly packumentCache full:https://registry.npmjs.org/safer-buffer set size:undefined disposed:false
670 silly placeDep ROOT @hono/node-server@1.19.14 OK for: @modelcontextprotocol/sdk@1.26.0 want: ^1.19.9
671 silly placeDep ROOT hono@4.12.19 OK for: @hono/node-server@1.19.14 want: ^4
672 silly placeDep ROOT content-type@1.0.5 OK for: @modelcontextprotocol/sdk@1.26.0 want: ^1.0.5
673 silly placeDep ROOT cors@2.8.6 OK for: @modelcontextprotocol/sdk@1.26.0 want: ^2.8.5
674 silly placeDep ROOT cross-spawn@7.0.6 OK for: @modelcontextprotocol/sdk@1.26.0 want: ^7.0.5
675 silly placeDep ROOT eventsource@3.0.7 OK for: @modelcontextprotocol/sdk@1.26.0 want: ^3.0.2
676 silly placeDep ROOT eventsource-parser@3.0.8 OK for: @modelcontextprotocol/sdk@1.26.0 want: ^3.0.0
677 silly placeDep ROOT express@5.2.1 OK for: @modelcontextprotocol/sdk@1.26.0 want: ^5.2.1
678 silly placeDep ROOT express-rate-limit@8.5.2 OK for: @modelcontextprotocol/sdk@1.26.0 want: ^8.2.1
679 silly placeDep ROOT jose@6.2.3 OK for: @modelcontextprotocol/sdk@1.26.0 want: ^6.1.3
680 silly placeDep ROOT json-schema-typed@8.0.2 OK for: @modelcontextprotocol/sdk@1.26.0 want: ^8.0.2
681 silly placeDep ROOT pkce-challenge@5.0.1 OK for: @modelcontextprotocol/sdk@1.26.0 want: ^5.0.0
682 silly placeDep ROOT raw-body@3.0.2 OK for: @modelcontextprotocol/sdk@1.26.0 want: ^3.0.0
683 silly placeDep ROOT zod-to-json-schema@3.25.2 OK for: @modelcontextprotocol/sdk@1.26.0 want: ^3.25.1
684 silly fetch manifest object-assign@^4
685 silly packumentCache full:https://registry.npmjs.org/object-assign cache-miss
686 silly fetch manifest vary@^1
687 silly packumentCache full:https://registry.npmjs.org/vary cache-miss
688 silly fetch manifest which@^2.0.1
689 silly packumentCache full:https://registry.npmjs.org/which cache-miss
690 silly fetch manifest path-key@^3.1.0
691 silly packumentCache full:https://registry.npmjs.org/path-key cache-miss
692 silly fetch manifest shebang-command@^2.0.0
693 silly packumentCache full:https://registry.npmjs.org/shebang-command cache-miss
694 silly fetch manifest eventsource-parser@^3.0.1
695 silly packumentCache full:https://registry.npmjs.org/eventsource-parser cache-miss
696 silly fetch manifest qs@^6.14.0
697 silly packumentCache full:https://registry.npmjs.org/qs cache-miss
698 silly fetch manifest depd@^2.0.0
699 silly packumentCache full:https://registry.npmjs.org/depd cache-miss
700 silly fetch manifest etag@^1.8.1
701 silly packumentCache full:https://registry.npmjs.org/etag cache-miss
702 silly fetch manifest once@^1.4.0
703 silly packumentCache full:https://registry.npmjs.org/once cache-miss
704 silly fetch manifest send@^1.1.0
705 silly packumentCache full:https://registry.npmjs.org/send cache-miss
706 http cache https://registry.npmjs.org/eventsource-parser 22ms (cache hit)
707 silly packumentCache full:https://registry.npmjs.org/eventsource-parser set size:72949 disposed:false
708 silly fetch manifest vary@^1.1.2
709 silly packumentCache full:https://registry.npmjs.org/vary cache-miss
710 http fetch GET 200 https://registry.npmjs.org/shebang-command 456ms (cache miss)
711 silly packumentCache full:https://registry.npmjs.org/shebang-command set size:undefined disposed:false
712 silly fetch manifest debug@^4.4.0
713 silly packumentCache full:https://registry.npmjs.org/debug cache-miss
714 http fetch GET 200 https://registry.npmjs.org/path-key 468ms (cache miss)
715 silly packumentCache full:https://registry.npmjs.org/path-key set size:undefined disposed:false
716 silly fetch manifest fresh@^2.0.0
717 silly packumentCache full:https://registry.npmjs.org/fresh cache-miss
718 http fetch GET 200 https://registry.npmjs.org/depd 473ms (cache miss)
719 silly packumentCache full:https://registry.npmjs.org/depd set size:undefined disposed:false
720 silly fetch manifest cookie@^0.7.1
721 silly packumentCache full:https://registry.npmjs.org/cookie cache-miss
722 http fetch GET 200 https://registry.npmjs.org/once 480ms (cache miss)
723 silly packumentCache full:https://registry.npmjs.org/once set size:undefined disposed:false
724 silly fetch manifest router@^2.2.0
725 silly packumentCache full:https://registry.npmjs.org/router cache-miss
726 http fetch GET 200 https://registry.npmjs.org/which 484ms (cache miss)
727 silly packumentCache full:https://registry.npmjs.org/which set size:undefined disposed:false
728 silly fetch manifest accepts@^2.0.0
729 silly packumentCache full:https://registry.npmjs.org/accepts cache-miss
730 http fetch GET 200 https://registry.npmjs.org/etag 489ms (cache miss)
731 silly packumentCache full:https://registry.npmjs.org/etag set size:undefined disposed:false
732 silly fetch manifest type-is@^2.0.1
733 silly packumentCache full:https://registry.npmjs.org/type-is cache-miss
734 http fetch GET 200 https://registry.npmjs.org/vary 467ms (cache miss)
735 silly packumentCache full:https://registry.npmjs.org/vary set size:undefined disposed:false
736 silly fetch manifest parseurl@^1.3.3
737 silly packumentCache full:https://registry.npmjs.org/parseurl cache-miss
738 http fetch GET 200 https://registry.npmjs.org/object-assign 493ms (cache miss)
739 silly packumentCache full:https://registry.npmjs.org/object-assign set size:undefined disposed:false
740 silly fetch manifest statuses@^2.0.1
741 silly packumentCache full:https://registry.npmjs.org/statuses cache-miss
742 http fetch GET 200 https://registry.npmjs.org/qs 510ms (cache miss)
743 silly packumentCache full:https://registry.npmjs.org/qs set size:undefined disposed:false
744 silly fetch manifest encodeurl@^2.0.0
745 silly packumentCache full:https://registry.npmjs.org/encodeurl cache-miss
746 http fetch GET 200 https://registry.npmjs.org/send 515ms (cache miss)
747 silly packumentCache full:https://registry.npmjs.org/send set size:undefined disposed:false
748 silly fetch manifest mime-types@^3.0.0
749 silly packumentCache full:https://registry.npmjs.org/mime-types cache-miss
750 http fetch GET 200 https://registry.npmjs.org/vary 523ms (cache miss)
751 silly packumentCache full:https://registry.npmjs.org/vary set size:undefined disposed:false
752 silly fetch manifest proxy-addr@^2.0.7
753 silly packumentCache full:https://registry.npmjs.org/proxy-addr cache-miss
754 http fetch GET 200 https://registry.npmjs.org/debug 103ms (cache miss)
755 silly packumentCache full:https://registry.npmjs.org/debug set size:undefined disposed:false
756 silly fetch manifest body-parser@^2.2.1
757 silly packumentCache full:https://registry.npmjs.org/body-parser cache-miss
758 http fetch GET 200 https://registry.npmjs.org/fresh 101ms (cache miss)
759 silly packumentCache full:https://registry.npmjs.org/fresh set size:undefined disposed:false
760 silly fetch manifest escape-html@^1.0.3
761 silly packumentCache full:https://registry.npmjs.org/escape-html cache-miss
762 http fetch GET 200 https://registry.npmjs.org/cookie 102ms (cache miss)
763 silly packumentCache full:https://registry.npmjs.org/cookie set size:undefined disposed:false
764 silly fetch manifest http-errors@^2.0.0
765 silly packumentCache full:https://registry.npmjs.org/http-errors cache-miss
766 http fetch GET 200 https://registry.npmjs.org/router 114ms (cache miss)
767 silly packumentCache full:https://registry.npmjs.org/router set size:undefined disposed:false
768 silly fetch manifest on-finished@^2.4.1
769 silly packumentCache full:https://registry.npmjs.org/on-finished cache-miss
770 http fetch GET 200 https://registry.npmjs.org/accepts 116ms (cache miss)
771 silly packumentCache full:https://registry.npmjs.org/accepts set size:undefined disposed:false
772 silly fetch manifest finalhandler@^2.1.0
773 silly packumentCache full:https://registry.npmjs.org/finalhandler cache-miss
774 http fetch GET 200 https://registry.npmjs.org/parseurl 111ms (cache miss)
775 silly packumentCache full:https://registry.npmjs.org/parseurl set size:undefined disposed:false
776 silly fetch manifest range-parser@^1.2.1
777 silly packumentCache full:https://registry.npmjs.org/range-parser cache-miss
778 http fetch GET 200 https://registry.npmjs.org/type-is 116ms (cache miss)
779 silly packumentCache full:https://registry.npmjs.org/type-is set size:undefined disposed:false
780 silly fetch manifest serve-static@^2.2.0
781 silly packumentCache full:https://registry.npmjs.org/serve-static cache-miss
782 http fetch GET 200 https://registry.npmjs.org/statuses 124ms (cache miss)
783 silly packumentCache full:https://registry.npmjs.org/statuses set size:undefined disposed:false
784 silly fetch manifest cookie-signature@^1.2.1
785 silly packumentCache full:https://registry.npmjs.org/cookie-signature cache-miss
786 http fetch GET 200 https://registry.npmjs.org/encodeurl 106ms (cache miss)
787 silly packumentCache full:https://registry.npmjs.org/encodeurl set size:undefined disposed:false
788 silly fetch manifest merge-descriptors@^2.0.0
789 silly packumentCache full:https://registry.npmjs.org/merge-descriptors cache-miss
790 http fetch GET 200 https://registry.npmjs.org/mime-types 107ms (cache miss)
791 silly packumentCache full:https://registry.npmjs.org/mime-types set size:undefined disposed:false
792 silly fetch manifest content-disposition@^1.0.0
793 silly packumentCache full:https://registry.npmjs.org/content-disposition cache-miss
794 http fetch GET 200 https://registry.npmjs.org/body-parser 96ms (cache miss)
795 silly packumentCache full:https://registry.npmjs.org/body-parser set size:undefined disposed:false
796 silly fetch manifest ip-address@^10.2.0
797 silly packumentCache full:https://registry.npmjs.org/ip-address cache-miss
798 http fetch GET 200 https://registry.npmjs.org/escape-html 103ms (cache miss)
799 silly packumentCache full:https://registry.npmjs.org/escape-html set size:undefined disposed:false
800 silly fetch manifest bytes@~3.1.2
801 silly packumentCache full:https://registry.npmjs.org/bytes cache-miss
802 http fetch GET 200 https://registry.npmjs.org/http-errors 109ms (cache miss)
803 silly packumentCache full:https://registry.npmjs.org/http-errors set size:undefined disposed:false
804 silly fetch manifest unpipe@~1.0.0
805 silly packumentCache full:https://registry.npmjs.org/unpipe cache-miss
806 http fetch GET 200 https://registry.npmjs.org/on-finished 104ms (cache miss)
807 silly packumentCache full:https://registry.npmjs.org/on-finished set size:undefined disposed:false
808 silly fetch manifest http-errors@~2.0.1
809 silly packumentCache full:https://registry.npmjs.org/http-errors cache-miss
810 http fetch GET 200 https://registry.npmjs.org/range-parser 104ms (cache miss)
811 silly packumentCache full:https://registry.npmjs.org/range-parser set size:undefined disposed:false
812 http cache https://registry.npmjs.org/http-errors 18ms (cache hit)
813 silly packumentCache full:https://registry.npmjs.org/http-errors set size:71987 disposed:false
814 http fetch GET 200 https://registry.npmjs.org/finalhandler 123ms (cache miss)
815 silly packumentCache full:https://registry.npmjs.org/finalhandler set size:undefined disposed:false
816 http fetch GET 200 https://registry.npmjs.org/serve-static 122ms (cache miss)
817 silly packumentCache full:https://registry.npmjs.org/serve-static set size:undefined disposed:false
818 http fetch GET 200 https://registry.npmjs.org/proxy-addr 210ms (cache miss)
819 silly packumentCache full:https://registry.npmjs.org/proxy-addr set size:undefined disposed:false
820 http fetch GET 200 https://registry.npmjs.org/merge-descriptors 113ms (cache miss)
821 silly packumentCache full:https://registry.npmjs.org/merge-descriptors set size:undefined disposed:false
822 http fetch GET 200 https://registry.npmjs.org/cookie-signature 117ms (cache miss)
823 silly packumentCache full:https://registry.npmjs.org/cookie-signature set size:undefined disposed:false
824 http fetch GET 200 https://registry.npmjs.org/bytes 101ms (cache miss)
825 silly packumentCache full:https://registry.npmjs.org/bytes set size:undefined disposed:false
826 http fetch GET 200 https://registry.npmjs.org/ip-address 123ms (cache miss)
827 silly packumentCache full:https://registry.npmjs.org/ip-address set size:undefined disposed:false
828 http fetch GET 200 https://registry.npmjs.org/unpipe 122ms (cache miss)
829 silly packumentCache full:https://registry.npmjs.org/unpipe set size:undefined disposed:false
830 http fetch GET 200 https://registry.npmjs.org/content-disposition 243ms (cache miss)
831 silly packumentCache full:https://registry.npmjs.org/content-disposition set size:undefined disposed:false
832 silly placeDep ROOT fast-deep-equal@3.1.3 OK for: ajv@8.18.0 want: ^3.1.3
833 silly placeDep ROOT fast-uri@3.1.2 OK for: ajv@8.18.0 want: ^3.0.1
834 silly placeDep ROOT json-schema-traverse@1.0.0 OK for: ajv@8.18.0 want: ^1.0.0
835 silly placeDep ROOT require-from-string@2.0.2 OK for: ajv@8.18.0 want: ^2.0.2
836 silly placeDep ROOT @algolia/abtesting@1.14.1 OK for: algoliasearch@5.48.1 want: 1.14.1
837 silly placeDep ROOT @algolia/client-abtesting@5.48.1 OK for: algoliasearch@5.48.1 want: 5.48.1
838 silly placeDep ROOT @algolia/client-analytics@5.48.1 OK for: algoliasearch@5.48.1 want: 5.48.1
839 silly placeDep ROOT @algolia/client-common@5.48.1 OK for: algoliasearch@5.48.1 want: 5.48.1
840 silly placeDep ROOT @algolia/client-insights@5.48.1 OK for: algoliasearch@5.48.1 want: 5.48.1
841 silly placeDep ROOT @algolia/client-personalization@5.48.1 OK for: algoliasearch@5.48.1 want: 5.48.1
842 silly placeDep ROOT @algolia/client-query-suggestions@5.48.1 OK for: algoliasearch@5.48.1 want: 5.48.1
843 silly placeDep ROOT @algolia/client-search@5.48.1 OK for: algoliasearch@5.48.1 want: 5.48.1
844 silly placeDep ROOT @algolia/ingestion@1.48.1 OK for: algoliasearch@5.48.1 want: 1.48.1
845 silly placeDep ROOT @algolia/monitoring@1.48.1 OK for: algoliasearch@5.48.1 want: 1.48.1
846 silly placeDep ROOT @algolia/recommend@5.48.1 OK for: algoliasearch@5.48.1 want: 5.48.1
847 silly placeDep ROOT @algolia/requester-browser-xhr@5.48.1 OK for: algoliasearch@5.48.1 want: 5.48.1
848 silly placeDep ROOT @algolia/requester-fetch@5.48.1 OK for: algoliasearch@5.48.1 want: 5.48.1
849 silly placeDep ROOT @algolia/requester-node-http@5.48.1 OK for: algoliasearch@5.48.1 want: 5.48.1
850 silly placeDep ROOT object-assign@4.1.1 OK for: cors@2.8.6 want: ^4
851 silly placeDep ROOT vary@1.1.2 OK for: cors@2.8.6 want: ^1
852 silly placeDep ROOT path-key@3.1.1 OK for: cross-spawn@7.0.6 want: ^3.1.0
853 silly placeDep ROOT shebang-command@2.0.0 OK for: cross-spawn@7.0.6 want: ^2.0.0
854 silly placeDep ROOT which@2.0.2 OK for: cross-spawn@7.0.6 want: ^2.0.1
855 silly fetch manifest shebang-regex@^3.0.0
856 silly packumentCache full:https://registry.npmjs.org/shebang-regex cache-miss
857 silly fetch manifest isexe@^2.0.0
858 silly packumentCache full:https://registry.npmjs.org/isexe cache-miss
859 http fetch GET 200 https://registry.npmjs.org/shebang-regex 100ms (cache miss)
860 silly packumentCache full:https://registry.npmjs.org/shebang-regex set size:undefined disposed:false
861 http fetch GET 200 https://registry.npmjs.org/isexe 100ms (cache miss)
862 silly packumentCache full:https://registry.npmjs.org/isexe set size:undefined disposed:false
863 silly placeDep ROOT accepts@2.0.0 OK for: express@5.2.1 want: ^2.0.0
864 silly placeDep ROOT body-parser@2.2.2 OK for: express@5.2.1 want: ^2.2.1
865 silly placeDep ROOT content-disposition@1.1.0 OK for: express@5.2.1 want: ^1.0.0
866 silly placeDep ROOT cookie@0.7.2 OK for: express@5.2.1 want: ^0.7.1
867 silly placeDep ROOT cookie-signature@1.2.2 OK for: express@5.2.1 want: ^1.2.1
868 silly placeDep ROOT debug@4.4.3 OK for: express@5.2.1 want: ^4.4.0
869 silly placeDep ROOT depd@2.0.0 OK for: express@5.2.1 want: ^2.0.0
870 silly placeDep ROOT encodeurl@2.0.0 OK for: express@5.2.1 want: ^2.0.0
871 silly placeDep ROOT escape-html@1.0.3 OK for: express@5.2.1 want: ^1.0.3
872 silly placeDep ROOT etag@1.8.1 OK for: express@5.2.1 want: ^1.8.1
873 silly placeDep ROOT finalhandler@2.1.1 OK for: express@5.2.1 want: ^2.1.0
874 silly placeDep ROOT fresh@2.0.0 OK for: express@5.2.1 want: ^2.0.0
875 silly placeDep ROOT http-errors@2.0.1 OK for: express@5.2.1 want: ^2.0.0
876 silly placeDep ROOT merge-descriptors@2.0.0 OK for: express@5.2.1 want: ^2.0.0
877 silly placeDep ROOT mime-types@3.0.2 OK for: express@5.2.1 want: ^3.0.0
878 silly placeDep ROOT on-finished@2.4.1 OK for: express@5.2.1 want: ^2.4.1
879 silly placeDep ROOT once@1.4.0 OK for: express@5.2.1 want: ^1.4.0
880 silly placeDep ROOT parseurl@1.3.3 OK for: express@5.2.1 want: ^1.3.3
881 silly placeDep ROOT proxy-addr@2.0.7 OK for: express@5.2.1 want: ^2.0.7
882 silly placeDep ROOT qs@6.15.2 OK for: express@5.2.1 want: ^6.14.0
883 silly placeDep ROOT range-parser@1.2.1 OK for: express@5.2.1 want: ^1.2.1
884 silly placeDep ROOT router@2.2.0 OK for: express@5.2.1 want: ^2.2.0
885 silly placeDep ROOT send@1.2.1 OK for: express@5.2.1 want: ^1.1.0
886 silly placeDep ROOT serve-static@2.2.1 OK for: express@5.2.1 want: ^2.2.0
887 silly placeDep ROOT statuses@2.0.2 OK for: express@5.2.1 want: ^2.0.1
888 silly placeDep ROOT type-is@2.1.0 OK for: express@5.2.1 want: ^2.0.1
889 silly fetch manifest negotiator@^1.0.0
890 silly packumentCache full:https://registry.npmjs.org/negotiator cache-miss
891 silly fetch manifest qs@^6.14.1
892 silly packumentCache full:https://registry.npmjs.org/qs cache-miss
893 silly fetch manifest bytes@^3.1.2
894 silly packumentCache full:https://registry.npmjs.org/bytes cache-miss
895 silly fetch manifest debug@^4.4.3
896 silly packumentCache full:https://registry.npmjs.org/debug cache-miss
897 silly fetch manifest ms@^2.1.3
898 silly packumentCache full:https://registry.npmjs.org/ms cache-miss
899 silly fetch manifest inherits@~2.0.4
900 silly packumentCache full:https://registry.npmjs.org/inherits cache-miss
901 silly fetch manifest setprototypeof@~1.2.0
902 silly packumentCache full:https://registry.npmjs.org/setprototypeof cache-miss
903 silly fetch manifest statuses@~2.0.2
904 silly packumentCache full:https://registry.npmjs.org/statuses cache-miss
905 silly fetch manifest toidentifier@~1.0.1
906 silly packumentCache full:https://registry.npmjs.org/toidentifier cache-miss
907 silly fetch manifest mime-db@^1.54.0
908 silly packumentCache full:https://registry.npmjs.org/mime-db cache-miss
909 silly fetch manifest ee-first@1.1.1
910 silly packumentCache full:https://registry.npmjs.org/ee-first cache-miss
911 http cache https://registry.npmjs.org/bytes 20ms (cache hit)
912 silly packumentCache full:https://registry.npmjs.org/bytes set size:37018 disposed:false
913 silly fetch manifest wrappy@1
914 silly packumentCache full:https://registry.npmjs.org/wrappy cache-miss
915 http cache https://registry.npmjs.org/qs 21ms (cache hit)
916 silly packumentCache full:https://registry.npmjs.org/qs set size:356906 disposed:false
917 silly fetch manifest forwarded@0.2.0
918 silly packumentCache full:https://registry.npmjs.org/forwarded cache-miss
919 http cache https://registry.npmjs.org/statuses 25ms (cache hit)
920 silly packumentCache full:https://registry.npmjs.org/statuses set size:37117 disposed:false
921 silly fetch manifest ipaddr.js@1.9.1
922 silly packumentCache full:https://registry.npmjs.org/ipaddr.js cache-miss
923 http cache https://registry.npmjs.org/debug 28ms (cache hit)
924 silly packumentCache full:https://registry.npmjs.org/debug set size:195840 disposed:false
925 silly fetch manifest side-channel@^1.1.0
926 silly packumentCache full:https://registry.npmjs.org/side-channel cache-miss
927 http fetch GET 200 https://registry.npmjs.org/wrappy 386ms (cache miss)
928 silly packumentCache full:https://registry.npmjs.org/wrappy set size:undefined disposed:false
929 silly fetch manifest is-promise@^4.0.0
930 silly packumentCache full:https://registry.npmjs.org/is-promise cache-miss
931 http fetch GET 200 https://registry.npmjs.org/toidentifier 420ms (cache miss)
932 silly packumentCache full:https://registry.npmjs.org/toidentifier set size:undefined disposed:false
933 silly fetch manifest path-to-regexp@^8.0.0
934 silly packumentCache full:https://registry.npmjs.org/path-to-regexp cache-miss
935 http fetch GET 200 https://registry.npmjs.org/ee-first 420ms (cache miss)
936 silly packumentCache full:https://registry.npmjs.org/ee-first set size:undefined disposed:false
937 silly fetch manifest ms@^2.1.3
938 silly packumentCache full:https://registry.npmjs.org/ms cache-miss
939 http fetch GET 200 https://registry.npmjs.org/side-channel 399ms (cache miss)
940 silly packumentCache full:https://registry.npmjs.org/side-channel set size:undefined disposed:false
941 silly fetch manifest statuses@^2.0.2
942 silly packumentCache full:https://registry.npmjs.org/statuses cache-hit
943 silly fetch manifest content-type@^2.0.0
944 silly packumentCache full:https://registry.npmjs.org/content-type cache-miss
945 http fetch GET 200 https://registry.npmjs.org/forwarded 408ms (cache miss)
946 silly packumentCache full:https://registry.npmjs.org/forwarded set size:undefined disposed:false
947 silly fetch manifest media-typer@^1.1.0
948 silly packumentCache full:https://registry.npmjs.org/media-typer cache-miss
949 http fetch GET 200 https://registry.npmjs.org/ipaddr.js 407ms (cache miss)
950 silly packumentCache full:https://registry.npmjs.org/ipaddr.js set size:undefined disposed:false
951 http fetch GET 200 https://registry.npmjs.org/mime-db 435ms (cache miss)
952 silly packumentCache full:https://registry.npmjs.org/mime-db set size:undefined disposed:false
953 http fetch GET 200 https://registry.npmjs.org/negotiator 441ms (cache miss)
954 silly packumentCache full:https://registry.npmjs.org/negotiator set size:undefined disposed:false
955 http fetch GET 200 https://registry.npmjs.org/setprototypeof 441ms (cache miss)
956 silly packumentCache full:https://registry.npmjs.org/setprototypeof set size:undefined disposed:false
957 http fetch GET 200 https://registry.npmjs.org/inherits 442ms (cache miss)
958 silly packumentCache full:https://registry.npmjs.org/inherits set size:undefined disposed:false
959 http cache https://registry.npmjs.org/content-type 18ms (cache hit)
960 silly packumentCache full:https://registry.npmjs.org/content-type set size:18994 disposed:false
961 http fetch GET 200 https://registry.npmjs.org/ms 450ms (cache miss)
962 silly packumentCache full:https://registry.npmjs.org/ms set size:undefined disposed:false
963 http fetch GET 200 https://registry.npmjs.org/is-promise 93ms (cache miss)
964 silly packumentCache full:https://registry.npmjs.org/is-promise set size:undefined disposed:false
965 http fetch GET 200 https://registry.npmjs.org/ms 103ms (cache miss)
966 silly packumentCache full:https://registry.npmjs.org/ms set size:undefined disposed:false
967 http fetch GET 200 https://registry.npmjs.org/path-to-regexp 131ms (cache miss)
968 silly packumentCache full:https://registry.npmjs.org/path-to-regexp set size:undefined disposed:false
969 http fetch GET 200 https://registry.npmjs.org/media-typer 173ms (cache miss)
970 silly packumentCache full:https://registry.npmjs.org/media-typer set size:undefined disposed:false
971 silly placeDep ROOT negotiator@1.0.0 OK for: accepts@2.0.0 want: ^1.0.0
972 silly placeDep ROOT bytes@3.1.2 OK for: body-parser@2.2.2 want: ^3.1.2
973 silly placeDep ROOT ms@2.1.3 OK for: debug@4.4.3 want: ^2.1.3
974 silly placeDep ROOT ip-address@10.2.0 OK for: express-rate-limit@8.5.2 want: ^10.2.0
975 silly placeDep ROOT inherits@2.0.4 OK for: http-errors@2.0.1 want: ~2.0.4
976 silly placeDep ROOT setprototypeof@1.2.0 OK for: http-errors@2.0.1 want: ~1.2.0
977 silly placeDep ROOT toidentifier@1.0.1 OK for: http-errors@2.0.1 want: ~1.0.1
978 silly placeDep ROOT safer-buffer@2.1.2 OK for: iconv-lite@0.7.2 want: >= 2.1.2 < 3.0.0
979 silly placeDep ROOT cli-truncate@5.2.0 OK for: listr2@9.0.5 want: ^5.0.0
980 silly placeDep ROOT colorette@2.0.20 OK for: listr2@9.0.5 want: ^2.0.20
981 silly placeDep ROOT eventemitter3@5.0.4 OK for: listr2@9.0.5 want: ^5.0.1
982 silly placeDep ROOT log-update@6.1.0 OK for: listr2@9.0.5 want: ^6.1.0
983 silly placeDep ROOT rfdc@1.4.1 OK for: listr2@9.0.5 want: ^1.4.1
984 silly placeDep node_modules/listr2 wrap-ansi@9.0.2 OK for: listr2@9.0.5 want: ^9.0.0
985 silly fetch manifest slice-ansi@^8.0.0
986 silly packumentCache full:https://registry.npmjs.org/slice-ansi cache-miss
987 silly fetch manifest string-width@^8.2.0
988 silly packumentCache full:https://registry.npmjs.org/string-width cache-hit
989 silly fetch manifest slice-ansi@^7.1.0
990 silly packumentCache full:https://registry.npmjs.org/slice-ansi cache-miss
991 silly fetch manifest strip-ansi@^7.1.0
992 silly packumentCache full:https://registry.npmjs.org/strip-ansi cache-miss
993 silly fetch manifest ansi-escapes@^7.0.0
994 silly packumentCache full:https://registry.npmjs.org/ansi-escapes cache-miss
995 silly fetch manifest strip-ansi@^7.1.0
996 silly packumentCache full:https://registry.npmjs.org/strip-ansi cache-miss
997 silly fetch manifest ansi-styles@^6.2.1
998 silly packumentCache full:https://registry.npmjs.org/ansi-styles cache-miss
999 silly fetch manifest string-width@^7.0.0
1000 silly packumentCache full:https://registry.npmjs.org/string-width cache-hit
1001 http cache https://registry.npmjs.org/strip-ansi 21ms (cache hit)
1002 silly packumentCache full:https://registry.npmjs.org/strip-ansi set size:44998 disposed:false
1003 http cache https://registry.npmjs.org/ansi-styles 21ms (cache hit)
1004 silly packumentCache full:https://registry.npmjs.org/ansi-styles set size:63233 disposed:false
1005 http cache https://registry.npmjs.org/strip-ansi 22ms (cache hit)
1006 silly packumentCache full:https://registry.npmjs.org/strip-ansi set size:44998 disposed:false
1007 silly packumentCache full:https://registry.npmjs.org/strip-ansi dispose
1008 http fetch GET 200 https://registry.npmjs.org/slice-ansi 394ms (cache miss)
1009 silly packumentCache full:https://registry.npmjs.org/slice-ansi set size:undefined disposed:false
1010 http fetch GET 200 https://registry.npmjs.org/ansi-escapes 412ms (cache miss)
1011 silly packumentCache full:https://registry.npmjs.org/ansi-escapes set size:undefined disposed:false
1012 http fetch GET 200 https://registry.npmjs.org/slice-ansi 433ms (cache miss)
1013 silly packumentCache full:https://registry.npmjs.org/slice-ansi set size:undefined disposed:false
1014 silly placeDep ROOT slice-ansi@8.0.0 OK for: cli-truncate@5.2.0 want: ^8.0.0
1015 silly placeDep ROOT string-width@8.2.1 OK for: cli-truncate@5.2.0 want: ^8.2.0
1016 silly fetch manifest ansi-styles@^6.2.3
1017 silly packumentCache full:https://registry.npmjs.org/ansi-styles cache-hit
1018 silly fetch manifest is-fullwidth-code-point@^5.1.0
1019 silly packumentCache full:https://registry.npmjs.org/is-fullwidth-code-point cache-miss
1020 silly fetch manifest get-east-asian-width@^1.5.0
1021 silly packumentCache full:https://registry.npmjs.org/get-east-asian-width cache-miss
1022 silly fetch manifest strip-ansi@^7.1.2
1023 silly packumentCache full:https://registry.npmjs.org/strip-ansi cache-hit
1024 http fetch GET 200 https://registry.npmjs.org/is-fullwidth-code-point 95ms (cache miss)
1025 silly packumentCache full:https://registry.npmjs.org/is-fullwidth-code-point set size:undefined disposed:false
1026 http fetch GET 200 https://registry.npmjs.org/get-east-asian-width 101ms (cache miss)
1027 silly packumentCache full:https://registry.npmjs.org/get-east-asian-width set size:undefined disposed:false
1028 silly placeDep ROOT ansi-escapes@7.3.0 OK for: log-update@6.1.0 want: ^7.0.0
1029 silly placeDep ROOT cli-cursor@5.0.0 OK for: log-update@6.1.0 want: ^5.0.0
1030 silly placeDep node_modules/log-update slice-ansi@7.1.2 OK for: log-update@6.1.0 want: ^7.1.0
1031 silly placeDep ROOT strip-ansi@7.2.0 OK for: log-update@6.1.0 want: ^7.1.0
1032 silly placeDep node_modules/log-update wrap-ansi@9.0.2 OK for: log-update@6.1.0 want: ^9.0.0
1033 silly fetch manifest environment@^1.0.0
1034 silly packumentCache full:https://registry.npmjs.org/environment cache-miss
1035 silly fetch manifest restore-cursor@^5.0.0
1036 silly packumentCache full:https://registry.npmjs.org/restore-cursor cache-miss
1037 silly fetch manifest is-fullwidth-code-point@^5.0.0
1038 silly packumentCache full:https://registry.npmjs.org/is-fullwidth-code-point cache-miss
1039 silly fetch manifest ansi-regex@^6.2.2
1040 silly packumentCache full:https://registry.npmjs.org/ansi-regex cache-miss
1041 http cache https://registry.npmjs.org/is-fullwidth-code-point 15ms (cache hit)
1042 silly packumentCache full:https://registry.npmjs.org/is-fullwidth-code-point set size:14578 disposed:false
1043 http fetch GET 200 https://registry.npmjs.org/environment 93ms (cache miss)
1044 silly packumentCache full:https://registry.npmjs.org/environment set size:undefined disposed:false
1045 http fetch GET 200 https://registry.npmjs.org/ansi-regex 94ms (cache miss)
1046 silly packumentCache full:https://registry.npmjs.org/ansi-regex set size:undefined disposed:false
1047 http fetch GET 200 https://registry.npmjs.org/restore-cursor 104ms (cache miss)
1048 silly packumentCache full:https://registry.npmjs.org/restore-cursor set size:undefined disposed:false
1049 silly placeDep ROOT environment@1.1.0 OK for: ansi-escapes@7.3.0 want: ^1.0.0
1050 silly placeDep ROOT restore-cursor@5.1.0 OK for: cli-cursor@5.0.0 want: ^5.0.0
1051 silly fetch manifest onetime@^7.0.0
1052 silly packumentCache full:https://registry.npmjs.org/onetime cache-miss
1053 http fetch GET 200 https://registry.npmjs.org/onetime 129ms (cache miss)
1054 silly packumentCache full:https://registry.npmjs.org/onetime set size:undefined disposed:false
1055 silly placeDep ROOT @jridgewell/sourcemap-codec@1.5.5 OK for: magic-string@0.30.21 want: ^1.5.5
1056 silly placeDep ROOT mime-db@1.54.0 OK for: mime-types@3.0.2 want: ^1.54.0
1057 silly placeDep ROOT hosted-git-info@9.0.3 OK for: npm-package-arg@13.0.2 want: ^9.0.0
1058 silly placeDep ROOT proc-log@6.1.0 OK for: npm-package-arg@13.0.2 want: ^6.0.0
1059 silly placeDep ROOT validate-npm-package-name@7.0.2 OK for: npm-package-arg@13.0.2 want: ^7.0.0
1060 silly fetch manifest lru-cache@^11.1.0
1061 silly packumentCache full:https://registry.npmjs.org/lru-cache cache-miss
1062 http fetch GET 200 https://registry.npmjs.org/lru-cache 159ms (cache miss)
1063 silly packumentCache full:https://registry.npmjs.org/lru-cache set size:undefined disposed:false
1064 silly placeDep ROOT lru-cache@11.4.0 OK for: hosted-git-info@9.0.3 want: ^11.1.0
1065 silly placeDep ROOT ee-first@1.1.1 OK for: on-finished@2.4.1 want: 1.1.1
1066 silly placeDep ROOT wrappy@1.0.2 OK for: once@1.4.0 want: 1
1067 silly placeDep ROOT chalk@5.6.2 OK for: ora@9.3.0 want: ^5.6.2
1068 silly placeDep ROOT cli-spinners@3.4.0 OK for: ora@9.3.0 want: ^3.2.0
1069 silly placeDep ROOT is-interactive@2.0.0 OK for: ora@9.3.0 want: ^2.0.0
1070 silly placeDep ROOT is-unicode-supported@2.1.0 OK for: ora@9.3.0 want: ^2.1.0
1071 silly placeDep ROOT log-symbols@7.0.1 OK for: ora@9.3.0 want: ^7.0.1
1072 silly placeDep ROOT stdin-discarder@0.3.2 OK for: ora@9.3.0 want: ^0.3.1
1073 silly fetch manifest yoctocolors@^2.1.1
1074 silly packumentCache full:https://registry.npmjs.org/yoctocolors cache-miss
1075 http fetch GET 200 https://registry.npmjs.org/yoctocolors 191ms (cache miss)
1076 silly packumentCache full:https://registry.npmjs.org/yoctocolors set size:undefined disposed:false
1077 silly placeDep ROOT yoctocolors@2.1.2 OK for: log-symbols@7.0.1 want: ^2.1.1
1078 silly placeDep ROOT @npmcli/git@7.0.2 OK for: pacote@21.3.1 want: ^7.0.0
1079 silly placeDep ROOT @npmcli/installed-package-contents@4.0.0 OK for: pacote@21.3.1 want: ^4.0.0
1080 silly placeDep ROOT @npmcli/package-json@7.0.5 OK for: pacote@21.3.1 want: ^7.0.0
1081 silly placeDep ROOT @npmcli/promise-spawn@9.0.1 OK for: pacote@21.3.1 want: ^9.0.0
1082 silly placeDep ROOT @npmcli/run-script@10.0.4 OK for: pacote@21.3.1 want: ^10.0.0
1083 silly placeDep ROOT cacache@20.0.4 OK for: pacote@21.3.1 want: ^20.0.0
1084 silly placeDep ROOT fs-minipass@3.0.3 OK for: pacote@21.3.1 want: ^3.0.0
1085 silly placeDep ROOT minipass@7.1.3 OK for: pacote@21.3.1 want: ^7.0.2
1086 silly placeDep ROOT npm-packlist@10.0.4 OK for: pacote@21.3.1 want: ^10.0.1
1087 silly placeDep ROOT npm-pick-manifest@11.0.3 OK for: pacote@21.3.1 want: ^11.0.1
1088 silly placeDep ROOT npm-registry-fetch@19.1.1 OK for: pacote@21.3.1 want: ^19.0.0
1089 silly placeDep ROOT promise-retry@2.0.1 OK for: pacote@21.3.1 want: ^2.0.1
1090 silly placeDep ROOT sigstore@4.1.0 OK for: pacote@21.3.1 want: ^4.0.0
1091 silly placeDep ROOT ssri@13.0.1 OK for: pacote@21.3.1 want: ^13.0.0
1092 silly placeDep ROOT tar@7.5.15 OK for: pacote@21.3.1 want: ^7.4.3
1093 silly fetch manifest which@^6.0.0
1094 silly packumentCache full:https://registry.npmjs.org/which cache-miss
1095 silly fetch manifest @gar/promise-retry@^1.0.0
1096 silly packumentCache full:https://registry.npmjs.org/@gar%2fpromise-retry cache-miss
1097 silly fetch manifest npm-bundled@^5.0.0
1098 silly packumentCache full:https://registry.npmjs.org/npm-bundled cache-miss
1099 silly fetch manifest npm-normalize-package-bin@^5.0.0
1100 silly packumentCache full:https://registry.npmjs.org/npm-normalize-package-bin cache-miss
1101 silly fetch manifest glob@^13.0.0
1102 silly packumentCache full:https://registry.npmjs.org/glob cache-miss
1103 silly fetch manifest spdx-expression-parse@^4.0.0
1104 silly packumentCache full:https://registry.npmjs.org/spdx-expression-parse cache-miss
1105 silly fetch manifest json-parse-even-better-errors@^5.0.0
1106 silly packumentCache full:https://registry.npmjs.org/json-parse-even-better-errors cache-miss
1107 silly fetch manifest which@^6.0.0
1108 silly packumentCache full:https://registry.npmjs.org/which cache-miss
1109 silly fetch manifest node-gyp@^12.1.0
1110 silly packumentCache full:https://registry.npmjs.org/node-gyp cache-miss
1111 silly fetch manifest @npmcli/node-gyp@^5.0.0
1112 silly packumentCache full:https://registry.npmjs.org/@npmcli%2fnode-gyp cache-miss
1113 silly fetch manifest glob@^13.0.0
1114 silly packumentCache full:https://registry.npmjs.org/glob cache-miss
1115 http cache https://registry.npmjs.org/which 18ms (cache hit)
1116 silly packumentCache full:https://registry.npmjs.org/which set size:70143 disposed:false
1117 silly fetch manifest p-map@^7.0.2
1118 silly packumentCache full:https://registry.npmjs.org/p-map cache-miss
1119 http cache https://registry.npmjs.org/which 24ms (cache hit)
1120 silly packumentCache full:https://registry.npmjs.org/which set size:70143 disposed:false
1121 silly packumentCache full:https://registry.npmjs.org/which dispose
1122 silly fetch manifest minipass@^7.0.3
1123 silly packumentCache full:https://registry.npmjs.org/minipass cache-miss
1124 http cache https://registry.npmjs.org/minipass 8ms (cache hit)
1125 silly packumentCache full:https://registry.npmjs.org/minipass set size:276925 disposed:false
1126 silly fetch manifest @npmcli/fs@^5.0.0
1127 silly packumentCache full:https://registry.npmjs.org/@npmcli%2ffs cache-miss
1128 http fetch GET 200 https://registry.npmjs.org/spdx-expression-parse 106ms (cache miss)
1129 silly packumentCache full:https://registry.npmjs.org/spdx-expression-parse set size:undefined disposed:false
1130 silly fetch manifest minipass-flush@^1.0.5
1131 silly packumentCache full:https://registry.npmjs.org/minipass-flush cache-miss
1132 http fetch GET 200 https://registry.npmjs.org/@gar%2fpromise-retry 121ms (cache miss)
1133 silly packumentCache full:https://registry.npmjs.org/@gar%2fpromise-retry set size:undefined disposed:false
1134 silly fetch manifest minipass-collect@^2.0.1
1135 silly packumentCache full:https://registry.npmjs.org/minipass-collect cache-miss
1136 http fetch GET 200 https://registry.npmjs.org/json-parse-even-better-errors 123ms (cache miss)
1137 silly packumentCache full:https://registry.npmjs.org/json-parse-even-better-errors set size:undefined disposed:false
1138 silly fetch manifest minipass-pipeline@^1.2.4
1139 silly packumentCache full:https://registry.npmjs.org/minipass-pipeline cache-miss
1140 http fetch GET 200 https://registry.npmjs.org/npm-bundled 129ms (cache miss)
1141 silly packumentCache full:https://registry.npmjs.org/npm-bundled set size:undefined disposed:false
1142 silly fetch manifest ignore-walk@^8.0.0
1143 silly packumentCache full:https://registry.npmjs.org/ignore-walk cache-miss
1144 http fetch GET 200 https://registry.npmjs.org/npm-normalize-package-bin 138ms (cache miss)
1145 silly packumentCache full:https://registry.npmjs.org/npm-normalize-package-bin set size:undefined disposed:false
1146 silly fetch manifest npm-install-checks@^8.0.0
1147 silly packumentCache full:https://registry.npmjs.org/npm-install-checks cache-miss
1148 http fetch GET 200 https://registry.npmjs.org/@npmcli%2fnode-gyp 139ms (cache miss)
1149 silly packumentCache full:https://registry.npmjs.org/@npmcli%2fnode-gyp set size:undefined disposed:false
1150 silly fetch manifest minizlib@^3.0.1
1151 silly packumentCache full:https://registry.npmjs.org/minizlib cache-miss
1152 http fetch GET 200 https://registry.npmjs.org/p-map 126ms (cache miss)
1153 silly packumentCache full:https://registry.npmjs.org/p-map set size:undefined disposed:false
1154 silly fetch manifest jsonparse@^1.3.1
1155 silly packumentCache full:https://registry.npmjs.org/jsonparse cache-miss
1156 http fetch GET 200 https://registry.npmjs.org/glob 148ms (cache miss)
1157 silly packumentCache full:https://registry.npmjs.org/glob set size:undefined disposed:false
1158 silly fetch manifest @npmcli/redact@^4.0.0
1159 silly packumentCache full:https://registry.npmjs.org/@npmcli%2fredact cache-miss
1160 http fetch GET 200 https://registry.npmjs.org/node-gyp 154ms (cache miss)
1161 silly packumentCache full:https://registry.npmjs.org/node-gyp set size:undefined disposed:false
1162 silly fetch manifest minipass-fetch@^5.0.0
1163 silly packumentCache full:https://registry.npmjs.org/minipass-fetch cache-miss
1164 http fetch GET 200 https://registry.npmjs.org/glob 191ms (cache miss)
1165 silly packumentCache full:https://registry.npmjs.org/glob set size:undefined disposed:false
1166 silly fetch manifest make-fetch-happen@^15.0.0
1167 silly packumentCache full:https://registry.npmjs.org/make-fetch-happen cache-miss
1168 http fetch GET 200 https://registry.npmjs.org/minipass-flush 115ms (cache miss)
1169 silly packumentCache full:https://registry.npmjs.org/minipass-flush set size:undefined disposed:false
1170 silly fetch manifest err-code@^2.0.2
1171 silly packumentCache full:https://registry.npmjs.org/err-code cache-miss
1172 http fetch GET 200 https://registry.npmjs.org/minipass-pipeline 110ms (cache miss)
1173 silly packumentCache full:https://registry.npmjs.org/minipass-pipeline set size:undefined disposed:false
1174 silly fetch manifest retry@^0.12.0
1175 silly packumentCache full:https://registry.npmjs.org/retry cache-miss
1176 http fetch GET 200 https://registry.npmjs.org/npm-install-checks 100ms (cache miss)
1177 silly packumentCache full:https://registry.npmjs.org/npm-install-checks set size:undefined disposed:false
1178 silly fetch manifest @sigstore/bundle@^4.0.0
1179 silly packumentCache full:https://registry.npmjs.org/@sigstore%2fbundle cache-miss
1180 http fetch GET 200 https://registry.npmjs.org/minipass-collect 119ms (cache miss)
1181 silly packumentCache full:https://registry.npmjs.org/minipass-collect set size:undefined disposed:false
1182 silly fetch manifest @sigstore/core@^3.1.0
1183 silly packumentCache full:https://registry.npmjs.org/@sigstore%2fcore cache-miss
1184 http fetch GET 200 https://registry.npmjs.org/ignore-walk 115ms (cache miss)
1185 silly packumentCache full:https://registry.npmjs.org/ignore-walk set size:undefined disposed:false
1186 silly fetch manifest @sigstore/protobuf-specs@^0.5.0
1187 silly packumentCache full:https://registry.npmjs.org/@sigstore%2fprotobuf-specs cache-miss
1188 http fetch GET 200 https://registry.npmjs.org/minipass-fetch 105ms (cache miss)
1189 silly packumentCache full:https://registry.npmjs.org/minipass-fetch set size:undefined disposed:false
1190 silly fetch manifest @sigstore/sign@^4.1.0
1191 silly packumentCache full:https://registry.npmjs.org/@sigstore%2fsign cache-miss
1192 http fetch GET 200 https://registry.npmjs.org/@npmcli%2fredact 154ms (cache miss)
1193 silly packumentCache full:https://registry.npmjs.org/@npmcli%2fredact set size:undefined disposed:false
1194 silly fetch manifest @sigstore/tuf@^4.0.1
1195 silly packumentCache full:https://registry.npmjs.org/@sigstore%2ftuf cache-miss
1196 http fetch GET 200 https://registry.npmjs.org/minizlib 175ms (cache miss)
1197 silly packumentCache full:https://registry.npmjs.org/minizlib set size:undefined disposed:false
1198 silly fetch manifest @sigstore/verify@^3.1.0
1199 silly packumentCache full:https://registry.npmjs.org/@sigstore%2fverify cache-miss
1200 http fetch GET 200 https://registry.npmjs.org/jsonparse 170ms (cache miss)
1201 silly packumentCache full:https://registry.npmjs.org/jsonparse set size:undefined disposed:false
1202 silly fetch manifest @isaacs/fs-minipass@^4.0.0
1203 silly packumentCache full:https://registry.npmjs.org/@isaacs%2ffs-minipass cache-miss
1204 http fetch GET 200 https://registry.npmjs.org/err-code 96ms (cache miss)
1205 silly packumentCache full:https://registry.npmjs.org/err-code set size:undefined disposed:false
1206 silly fetch manifest chownr@^3.0.0
1207 silly packumentCache full:https://registry.npmjs.org/chownr cache-miss
1208 http fetch GET 200 https://registry.npmjs.org/retry 103ms (cache miss)
1209 silly packumentCache full:https://registry.npmjs.org/retry set size:undefined disposed:false
1210 silly fetch manifest minizlib@^3.1.0
1211 silly packumentCache full:https://registry.npmjs.org/minizlib cache-miss
1212 http fetch GET 200 https://registry.npmjs.org/@sigstore%2fcore 105ms (cache miss)
1213 silly packumentCache full:https://registry.npmjs.org/@sigstore%2fcore set size:undefined disposed:false
1214 silly fetch manifest yallist@^5.0.0
1215 silly packumentCache full:https://registry.npmjs.org/yallist cache-miss
1216 http cache https://registry.npmjs.org/minizlib 9ms (cache hit)
1217 silly packumentCache full:https://registry.npmjs.org/minizlib set size:62862 disposed:false
1218 http fetch GET 200 https://registry.npmjs.org/@npmcli%2ffs 321ms (cache miss)
1219 silly packumentCache full:https://registry.npmjs.org/@npmcli%2ffs set size:undefined disposed:false
1220 http fetch GET 200 https://registry.npmjs.org/@sigstore%2fprotobuf-specs 116ms (cache miss)
1221 silly packumentCache full:https://registry.npmjs.org/@sigstore%2fprotobuf-specs set size:undefined disposed:false
1222 http fetch GET 200 https://registry.npmjs.org/make-fetch-happen 171ms (cache miss)
1223 silly packumentCache full:https://registry.npmjs.org/make-fetch-happen set size:undefined disposed:false
1224 http fetch GET 200 https://registry.npmjs.org/@sigstore%2fbundle 132ms (cache miss)
1225 silly packumentCache full:https://registry.npmjs.org/@sigstore%2fbundle set size:undefined disposed:false
1226 http fetch GET 200 https://registry.npmjs.org/@sigstore%2fsign 113ms (cache miss)
1227 silly packumentCache full:https://registry.npmjs.org/@sigstore%2fsign set size:undefined disposed:false
1228 http fetch GET 200 https://registry.npmjs.org/chownr 91ms (cache miss)
1229 silly packumentCache full:https://registry.npmjs.org/chownr set size:undefined disposed:false
1230 http fetch GET 200 https://registry.npmjs.org/@sigstore%2ftuf 110ms (cache miss)
1231 silly packumentCache full:https://registry.npmjs.org/@sigstore%2ftuf set size:undefined disposed:false
1232 http fetch GET 200 https://registry.npmjs.org/yallist 98ms (cache miss)
1233 silly packumentCache full:https://registry.npmjs.org/yallist set size:undefined disposed:false
1234 http fetch GET 200 https://registry.npmjs.org/@sigstore%2fverify 128ms (cache miss)
1235 silly packumentCache full:https://registry.npmjs.org/@sigstore%2fverify set size:undefined disposed:false
1236 http fetch GET 200 https://registry.npmjs.org/@isaacs%2ffs-minipass 142ms (cache miss)
1237 silly packumentCache full:https://registry.npmjs.org/@isaacs%2ffs-minipass set size:undefined disposed:false
1238 silly placeDep ROOT @gar/promise-retry@1.0.3 OK for: @npmcli/git@7.0.2 want: ^1.0.0
1239 silly placeDep node_modules/@npmcli/git which@6.0.1 OK for: @npmcli/git@7.0.2 want: ^6.0.0
1240 silly fetch manifest isexe@^4.0.0
1241 silly packumentCache full:https://registry.npmjs.org/isexe cache-miss
1242 http cache https://registry.npmjs.org/isexe 7ms (cache hit)
1243 silly packumentCache full:https://registry.npmjs.org/isexe set size:31756 disposed:false
1244 silly placeDep ROOT npm-bundled@5.0.0 OK for: @npmcli/installed-package-contents@4.0.0 want: ^5.0.0
1245 silly placeDep ROOT npm-normalize-package-bin@5.0.0 OK for: @npmcli/installed-package-contents@4.0.0 want: ^5.0.0
1246 silly placeDep ROOT glob@13.0.6 OK for: @npmcli/package-json@7.0.5 want: ^13.0.0
1247 silly placeDep ROOT json-parse-even-better-errors@5.0.0 OK for: @npmcli/package-json@7.0.5 want: ^5.0.0
1248 silly placeDep ROOT spdx-expression-parse@4.0.0 OK for: @npmcli/package-json@7.0.5 want: ^4.0.0
1249 silly fetch manifest minimatch@^10.2.2
1250 silly packumentCache full:https://registry.npmjs.org/minimatch cache-miss
1251 silly fetch manifest path-scurry@^2.0.2
1252 silly packumentCache full:https://registry.npmjs.org/path-scurry cache-miss
1253 silly fetch manifest spdx-exceptions@^2.1.0
1254 silly packumentCache full:https://registry.npmjs.org/spdx-exceptions cache-miss
1255 silly fetch manifest spdx-license-ids@^3.0.0
1256 silly packumentCache full:https://registry.npmjs.org/spdx-license-ids cache-miss
1257 http fetch GET 200 https://registry.npmjs.org/spdx-exceptions 104ms (cache miss)
1258 silly packumentCache full:https://registry.npmjs.org/spdx-exceptions set size:undefined disposed:false
1259 http fetch GET 200 https://registry.npmjs.org/spdx-license-ids 113ms (cache miss)
1260 silly packumentCache full:https://registry.npmjs.org/spdx-license-ids set size:undefined disposed:false
1261 http fetch GET 200 https://registry.npmjs.org/minimatch 124ms (cache miss)
1262 silly packumentCache full:https://registry.npmjs.org/minimatch set size:undefined disposed:false
1263 http fetch GET 200 https://registry.npmjs.org/path-scurry 268ms (cache miss)
1264 silly packumentCache full:https://registry.npmjs.org/path-scurry set size:undefined disposed:false
1265 silly placeDep node_modules/@npmcli/promise-spawn which@6.0.1 OK for: @npmcli/promise-spawn@9.0.1 want: ^6.0.0
1266 silly placeDep ROOT @npmcli/node-gyp@5.0.0 OK for: @npmcli/run-script@10.0.4 want: ^5.0.0
1267 silly placeDep ROOT node-gyp@12.3.0 OK for: @npmcli/run-script@10.0.4 want: ^12.1.0
1268 silly fetch manifest env-paths@^2.2.0
1269 silly packumentCache full:https://registry.npmjs.org/env-paths cache-miss
1270 silly fetch manifest exponential-backoff@^3.1.1
1271 silly packumentCache full:https://registry.npmjs.org/exponential-backoff cache-miss
1272 silly fetch manifest graceful-fs@^4.2.6
1273 silly packumentCache full:https://registry.npmjs.org/graceful-fs cache-miss
1274 silly fetch manifest nopt@^9.0.0
1275 silly packumentCache full:https://registry.npmjs.org/nopt cache-miss
1276 silly fetch manifest tinyglobby@^0.2.12
1277 silly packumentCache full:https://registry.npmjs.org/tinyglobby cache-miss
1278 silly fetch manifest undici@^6.25.0
1279 silly packumentCache full:https://registry.npmjs.org/undici cache-miss
1280 http fetch GET 200 https://registry.npmjs.org/tinyglobby 100ms (cache miss)
1281 silly packumentCache full:https://registry.npmjs.org/tinyglobby set size:undefined disposed:false
1282 http fetch GET 200 https://registry.npmjs.org/env-paths 105ms (cache miss)
1283 silly packumentCache full:https://registry.npmjs.org/env-paths set size:undefined disposed:false
1284 http fetch GET 200 https://registry.npmjs.org/nopt 106ms (cache miss)
1285 silly packumentCache full:https://registry.npmjs.org/nopt set size:undefined disposed:false
1286 http fetch GET 200 https://registry.npmjs.org/graceful-fs 109ms (cache miss)
1287 silly packumentCache full:https://registry.npmjs.org/graceful-fs set size:undefined disposed:false
1288 http fetch GET 200 https://registry.npmjs.org/exponential-backoff 114ms (cache miss)
1289 silly packumentCache full:https://registry.npmjs.org/exponential-backoff set size:undefined disposed:false
1290 http fetch GET 200 https://registry.npmjs.org/undici 214ms (cache miss)
1291 silly packumentCache full:https://registry.npmjs.org/undici set size:undefined disposed:false
1292 silly placeDep ROOT @npmcli/fs@5.0.0 OK for: cacache@20.0.4 want: ^5.0.0
1293 silly placeDep ROOT minipass-collect@2.0.1 OK for: cacache@20.0.4 want: ^2.0.1
1294 silly placeDep ROOT minipass-flush@1.0.7 OK for: cacache@20.0.4 want: ^1.0.5
1295 silly placeDep ROOT minipass-pipeline@1.2.4 OK for: cacache@20.0.4 want: ^1.2.4
1296 silly placeDep ROOT p-map@7.0.4 OK for: cacache@20.0.4 want: ^7.0.2
1297 silly fetch manifest minipass@^3.0.0
1298 silly packumentCache full:https://registry.npmjs.org/minipass cache-hit
1299 silly fetch manifest minipass@^3.0.0
1300 silly packumentCache full:https://registry.npmjs.org/minipass cache-hit
1301 silly placeDep ROOT minimatch@10.2.5 OK for: glob@13.0.6 want: ^10.2.2
1302 silly placeDep ROOT path-scurry@2.0.2 OK for: glob@13.0.6 want: ^2.0.2
1303 silly fetch manifest brace-expansion@^5.0.5
1304 silly packumentCache full:https://registry.npmjs.org/brace-expansion cache-miss
1305 http fetch GET 200 https://registry.npmjs.org/brace-expansion 188ms (cache miss)
1306 silly packumentCache full:https://registry.npmjs.org/brace-expansion set size:undefined disposed:false
1307 silly placeDep ROOT brace-expansion@5.0.6 OK for: minimatch@10.2.5 want: ^5.0.5
1308 silly fetch manifest balanced-match@^4.0.2
1309 silly packumentCache full:https://registry.npmjs.org/balanced-match cache-miss
1310 http fetch GET 200 https://registry.npmjs.org/balanced-match 109ms (cache miss)
1311 silly packumentCache full:https://registry.npmjs.org/balanced-match set size:undefined disposed:false
1312 silly placeDep ROOT balanced-match@4.0.4 OK for: brace-expansion@5.0.6 want: ^4.0.2
1313 silly placeDep node_modules/minipass-flush minipass@3.3.6 OK for: minipass-flush@1.0.7 want: ^3.0.0
1314 silly fetch manifest yallist@^4.0.0
1315 silly packumentCache full:https://registry.npmjs.org/yallist cache-miss
1316 http cache https://registry.npmjs.org/yallist 11ms (cache hit)
1317 silly packumentCache full:https://registry.npmjs.org/yallist set size:34610 disposed:false
1318 silly placeDep node_modules/minipass-pipeline minipass@3.3.6 OK for: minipass-pipeline@1.2.4 want: ^3.0.0
1319 silly placeDep ROOT env-paths@2.2.1 OK for: node-gyp@12.3.0 want: ^2.2.0
1320 silly placeDep ROOT exponential-backoff@3.1.3 OK for: node-gyp@12.3.0 want: ^3.1.1
1321 silly placeDep ROOT graceful-fs@4.2.11 OK for: node-gyp@12.3.0 want: ^4.2.6
1322 silly placeDep ROOT nopt@9.0.0 OK for: node-gyp@12.3.0 want: ^9.0.0
1323 silly placeDep ROOT tinyglobby@0.2.16 OK for: node-gyp@12.3.0 want: ^0.2.12
1324 silly placeDep ROOT undici@6.25.0 OK for: node-gyp@12.3.0 want: ^6.25.0
1325 silly placeDep node_modules/node-gyp which@6.0.1 OK for: node-gyp@12.3.0 want: ^6.0.0
1326 silly fetch manifest abbrev@^4.0.0
1327 silly packumentCache full:https://registry.npmjs.org/abbrev cache-miss
1328 silly fetch manifest fdir@^6.5.0
1329 silly packumentCache full:https://registry.npmjs.org/fdir cache-miss
1330 http fetch GET 200 https://registry.npmjs.org/abbrev 90ms (cache miss)
1331 silly packumentCache full:https://registry.npmjs.org/abbrev set size:undefined disposed:false
1332 http fetch GET 200 https://registry.npmjs.org/fdir 125ms (cache miss)
1333 silly packumentCache full:https://registry.npmjs.org/fdir set size:undefined disposed:false
1334 silly placeDep ROOT abbrev@4.0.0 OK for: nopt@9.0.0 want: ^4.0.0
1335 silly placeDep ROOT ignore-walk@8.0.0 OK for: npm-packlist@10.0.4 want: ^8.0.0
1336 silly placeDep ROOT npm-install-checks@8.0.0 OK for: npm-pick-manifest@11.0.3 want: ^8.0.0
1337 silly placeDep ROOT @npmcli/redact@4.0.0 OK for: npm-registry-fetch@19.1.1 want: ^4.0.0
1338 silly placeDep ROOT jsonparse@1.3.1 OK for: npm-registry-fetch@19.1.1 want: ^1.3.1
1339 silly placeDep ROOT make-fetch-happen@15.0.5 OK for: npm-registry-fetch@19.1.1 want: ^15.0.0
1340 silly placeDep ROOT minipass-fetch@5.0.2 OK for: npm-registry-fetch@19.1.1 want: ^5.0.0
1341 silly placeDep ROOT minizlib@3.1.0 OK for: npm-registry-fetch@19.1.1 want: ^3.0.1
1342 silly fetch manifest @npmcli/agent@^4.0.0
1343 silly packumentCache full:https://registry.npmjs.org/@npmcli%2fagent cache-miss
1344 silly fetch manifest http-cache-semantics@^4.1.1
1345 silly packumentCache full:https://registry.npmjs.org/http-cache-semantics cache-miss
1346 silly fetch manifest minipass-sized@^2.0.0
1347 silly packumentCache full:https://registry.npmjs.org/minipass-sized cache-miss
1348 http fetch GET 200 https://registry.npmjs.org/http-cache-semantics 104ms (cache miss)
1349 silly packumentCache full:https://registry.npmjs.org/http-cache-semantics set size:undefined disposed:false
1350 http fetch GET 200 https://registry.npmjs.org/@npmcli%2fagent 122ms (cache miss)
1351 silly packumentCache full:https://registry.npmjs.org/@npmcli%2fagent set size:undefined disposed:false
1352 http fetch GET 200 https://registry.npmjs.org/minipass-sized 225ms (cache miss)
1353 silly packumentCache full:https://registry.npmjs.org/minipass-sized set size:undefined disposed:false
1354 silly placeDep ROOT @npmcli/agent@4.0.0 OK for: make-fetch-happen@15.0.5 want: ^4.0.0
1355 silly placeDep ROOT http-cache-semantics@4.2.0 OK for: make-fetch-happen@15.0.5 want: ^4.1.1
1356 silly fetch manifest agent-base@^7.1.0
1357 silly packumentCache full:https://registry.npmjs.org/agent-base cache-miss
1358 silly fetch manifest http-proxy-agent@^7.0.0
1359 silly packumentCache full:https://registry.npmjs.org/http-proxy-agent cache-miss
1360 silly fetch manifest https-proxy-agent@^7.0.1
1361 silly packumentCache full:https://registry.npmjs.org/https-proxy-agent cache-miss
1362 silly fetch manifest socks-proxy-agent@^8.0.3
1363 silly packumentCache full:https://registry.npmjs.org/socks-proxy-agent cache-miss
1364 http fetch GET 200 https://registry.npmjs.org/https-proxy-agent 109ms (cache miss)
1365 silly packumentCache full:https://registry.npmjs.org/https-proxy-agent set size:undefined disposed:false
1366 http fetch GET 200 https://registry.npmjs.org/agent-base 113ms (cache miss)
1367 silly packumentCache full:https://registry.npmjs.org/agent-base set size:undefined disposed:false
1368 http fetch GET 200 https://registry.npmjs.org/http-proxy-agent 120ms (cache miss)
1369 silly packumentCache full:https://registry.npmjs.org/http-proxy-agent set size:undefined disposed:false
1370 http fetch GET 200 https://registry.npmjs.org/socks-proxy-agent 122ms (cache miss)
1371 silly packumentCache full:https://registry.npmjs.org/socks-proxy-agent set size:undefined disposed:false
1372 silly placeDep ROOT agent-base@7.1.4 OK for: @npmcli/agent@4.0.0 want: ^7.1.0
1373 silly placeDep ROOT http-proxy-agent@7.0.2 OK for: @npmcli/agent@4.0.0 want: ^7.0.0
1374 silly placeDep ROOT https-proxy-agent@7.0.6 OK for: @npmcli/agent@4.0.0 want: ^7.0.1
1375 silly placeDep ROOT socks-proxy-agent@8.0.5 OK for: @npmcli/agent@4.0.0 want: ^8.0.3
1376 silly fetch manifest socks@^2.8.3
1377 silly packumentCache full:https://registry.npmjs.org/socks cache-miss
1378 http fetch GET 200 https://registry.npmjs.org/socks 359ms (cache miss)
1379 silly packumentCache full:https://registry.npmjs.org/socks set size:undefined disposed:false
1380 silly placeDep ROOT minipass-sized@2.0.0 OK for: minipass-fetch@5.0.2 want: ^2.0.0
1381 silly placeDep ROOT entities@6.0.1 OK for: parse5-html-rewriting-stream@8.0.0 want: ^6.0.0
1382 silly placeDep ROOT parse5@8.0.1 OK for: parse5-html-rewriting-stream@8.0.0 want: ^8.0.0
1383 silly placeDep ROOT parse5-sax-parser@8.0.0 OK for: parse5-html-rewriting-stream@8.0.0 want: ^8.0.0
1384 silly fetch manifest entities@^8.0.0
1385 silly packumentCache full:https://registry.npmjs.org/entities cache-miss
1386 http cache https://registry.npmjs.org/entities 41ms (cache hit)
1387 silly packumentCache full:https://registry.npmjs.org/entities set size:101550 disposed:false
1388 silly placeDep node_modules/parse5 entities@8.0.0 OK for: parse5@8.0.1 want: ^8.0.0
1389 silly placeDep ROOT err-code@2.0.3 OK for: promise-retry@2.0.1 want: ^2.0.2
1390 silly placeDep ROOT retry@0.12.0 OK for: promise-retry@2.0.1 want: ^0.12.0
1391 silly placeDep ROOT forwarded@0.2.0 OK for: proxy-addr@2.0.7 want: 0.2.0
1392 silly placeDep ROOT ipaddr.js@1.9.1 OK for: proxy-addr@2.0.7 want: 1.9.1
1393 silly placeDep ROOT side-channel@1.1.0 OK for: qs@6.15.2 want: ^1.1.0
1394 silly fetch manifest es-errors@^1.3.0
1395 silly packumentCache full:https://registry.npmjs.org/es-errors cache-miss
1396 silly fetch manifest object-inspect@^1.13.3
1397 silly packumentCache full:https://registry.npmjs.org/object-inspect cache-miss
1398 silly fetch manifest side-channel-list@^1.0.0
1399 silly packumentCache full:https://registry.npmjs.org/side-channel-list cache-miss
1400 silly fetch manifest side-channel-map@^1.0.1
1401 silly packumentCache full:https://registry.npmjs.org/side-channel-map cache-miss
1402 silly fetch manifest side-channel-weakmap@^1.0.2
1403 silly packumentCache full:https://registry.npmjs.org/side-channel-weakmap cache-miss
1404 http fetch GET 200 https://registry.npmjs.org/es-errors 99ms (cache miss)
1405 silly packumentCache full:https://registry.npmjs.org/es-errors set size:undefined disposed:false
1406 http fetch GET 200 https://registry.npmjs.org/side-channel-list 106ms (cache miss)
1407 silly packumentCache full:https://registry.npmjs.org/side-channel-list set size:undefined disposed:false
1408 http fetch GET 200 https://registry.npmjs.org/object-inspect 108ms (cache miss)
1409 silly packumentCache full:https://registry.npmjs.org/object-inspect set size:undefined disposed:false
1410 http fetch GET 200 https://registry.npmjs.org/side-channel-map 110ms (cache miss)
1411 silly packumentCache full:https://registry.npmjs.org/side-channel-map set size:undefined disposed:false
1412 http fetch GET 200 https://registry.npmjs.org/side-channel-weakmap 134ms (cache miss)
1413 silly packumentCache full:https://registry.npmjs.org/side-channel-weakmap set size:undefined disposed:false
1414 silly placeDep ROOT unpipe@1.0.0 OK for: raw-body@3.0.2 want: ~1.0.0
1415 silly placeDep ROOT onetime@7.0.0 OK for: restore-cursor@5.1.0 want: ^7.0.0
1416 silly fetch manifest mimic-function@^5.0.0
1417 silly packumentCache full:https://registry.npmjs.org/mimic-function cache-miss
1418 http fetch GET 200 https://registry.npmjs.org/mimic-function 131ms (cache miss)
1419 silly packumentCache full:https://registry.npmjs.org/mimic-function set size:undefined disposed:false
1420 silly placeDep ROOT mimic-function@5.0.1 OK for: onetime@7.0.0 want: ^5.0.0
1421 silly placeDep ROOT is-promise@4.0.0 OK for: router@2.2.0 want: ^4.0.0
1422 silly placeDep ROOT path-to-regexp@8.4.2 OK for: router@2.2.0 want: ^8.0.0
1423 silly placeDep ROOT tslib@2.8.1 OK for: rxjs@7.8.2 want: ^2.1.0
1424 silly placeDep ROOT shebang-regex@3.0.0 OK for: shebang-command@2.0.0 want: ^3.0.0
1425 silly placeDep ROOT es-errors@1.3.0 OK for: side-channel@1.1.0 want: ^1.3.0
1426 silly placeDep ROOT object-inspect@1.13.4 OK for: side-channel@1.1.0 want: ^1.13.3
1427 silly placeDep ROOT side-channel-list@1.0.1 OK for: side-channel@1.1.0 want: ^1.0.0
1428 silly placeDep ROOT side-channel-map@1.0.1 OK for: side-channel@1.1.0 want: ^1.0.1
1429 silly placeDep ROOT side-channel-weakmap@1.0.2 OK for: side-channel@1.1.0 want: ^1.0.2
1430 silly fetch manifest call-bound@^1.0.2
1431 silly packumentCache full:https://registry.npmjs.org/call-bound cache-miss
1432 silly fetch manifest get-intrinsic@^1.2.5
1433 silly packumentCache full:https://registry.npmjs.org/get-intrinsic cache-miss
1434 silly fetch manifest call-bound@^1.0.2
1435 silly packumentCache full:https://registry.npmjs.org/call-bound cache-miss
1436 silly fetch manifest get-intrinsic@^1.2.5
1437 silly packumentCache full:https://registry.npmjs.org/get-intrinsic cache-miss
1438 http fetch GET 200 https://registry.npmjs.org/call-bound 102ms (cache miss)
1439 silly packumentCache full:https://registry.npmjs.org/call-bound set size:undefined disposed:false
1440 http fetch GET 200 https://registry.npmjs.org/get-intrinsic 104ms (cache miss)
1441 silly packumentCache full:https://registry.npmjs.org/get-intrinsic set size:undefined disposed:false
1442 http fetch GET 200 https://registry.npmjs.org/call-bound 107ms (cache miss)
1443 silly packumentCache full:https://registry.npmjs.org/call-bound set size:undefined disposed:false
1444 http fetch GET 200 https://registry.npmjs.org/get-intrinsic 115ms (cache miss)
1445 silly packumentCache full:https://registry.npmjs.org/get-intrinsic set size:undefined disposed:false
1446 silly placeDep ROOT call-bound@1.0.4 OK for: side-channel-map@1.0.1 want: ^1.0.2
1447 silly placeDep ROOT get-intrinsic@1.3.0 OK for: side-channel-map@1.0.1 want: ^1.2.5
1448 silly fetch manifest call-bind-apply-helpers@^1.0.2
1449 silly packumentCache full:https://registry.npmjs.org/call-bind-apply-helpers cache-miss
1450 silly fetch manifest get-intrinsic@^1.3.0
1451 silly packumentCache full:https://registry.npmjs.org/get-intrinsic cache-miss
1452 silly fetch manifest gopd@^1.2.0
1453 silly packumentCache full:https://registry.npmjs.org/gopd cache-miss
1454 silly fetch manifest hasown@^2.0.2
1455 silly packumentCache full:https://registry.npmjs.org/hasown cache-miss
1456 silly fetch manifest get-proto@^1.0.1
1457 silly packumentCache full:https://registry.npmjs.org/get-proto cache-miss
1458 silly fetch manifest has-symbols@^1.1.0
1459 silly packumentCache full:https://registry.npmjs.org/has-symbols cache-miss
1460 silly fetch manifest function-bind@^1.1.2
1461 silly packumentCache full:https://registry.npmjs.org/function-bind cache-miss
1462 silly fetch manifest es-object-atoms@^1.1.1
1463 silly packumentCache full:https://registry.npmjs.org/es-object-atoms cache-miss
1464 silly fetch manifest math-intrinsics@^1.1.0
1465 silly packumentCache full:https://registry.npmjs.org/math-intrinsics cache-miss
1466 silly fetch manifest es-define-property@^1.0.1
1467 silly packumentCache full:https://registry.npmjs.org/es-define-property cache-miss
1468 silly fetch manifest call-bind-apply-helpers@^1.0.2
1469 silly packumentCache full:https://registry.npmjs.org/call-bind-apply-helpers cache-miss
1470 http cache https://registry.npmjs.org/get-intrinsic 21ms (cache hit)
1471 silly packumentCache full:https://registry.npmjs.org/get-intrinsic set size:60985 disposed:false
1472 http fetch GET 200 https://registry.npmjs.org/call-bind-apply-helpers 139ms (cache miss)
1473 silly packumentCache full:https://registry.npmjs.org/call-bind-apply-helpers set size:undefined disposed:false
1474 http fetch GET 200 https://registry.npmjs.org/gopd 146ms (cache miss)
1475 silly packumentCache full:https://registry.npmjs.org/gopd set size:undefined disposed:false
1476 http fetch GET 200 https://registry.npmjs.org/hasown 153ms (cache miss)
1477 silly packumentCache full:https://registry.npmjs.org/hasown set size:undefined disposed:false
1478 http fetch GET 200 https://registry.npmjs.org/call-bind-apply-helpers 151ms (cache miss)
1479 silly packumentCache full:https://registry.npmjs.org/call-bind-apply-helpers set size:undefined disposed:false
1480 http fetch GET 200 https://registry.npmjs.org/math-intrinsics 153ms (cache miss)
1481 silly packumentCache full:https://registry.npmjs.org/math-intrinsics set size:undefined disposed:false
1482 http fetch GET 200 https://registry.npmjs.org/es-define-property 153ms (cache miss)
1483 silly packumentCache full:https://registry.npmjs.org/es-define-property set size:undefined disposed:false
1484 http fetch GET 200 https://registry.npmjs.org/has-symbols 156ms (cache miss)
1485 silly packumentCache full:https://registry.npmjs.org/has-symbols set size:undefined disposed:false
1486 http fetch GET 200 https://registry.npmjs.org/get-proto 159ms (cache miss)
1487 silly packumentCache full:https://registry.npmjs.org/get-proto set size:undefined disposed:false
1488 http fetch GET 200 https://registry.npmjs.org/function-bind 156ms (cache miss)
1489 silly packumentCache full:https://registry.npmjs.org/function-bind set size:undefined disposed:false
1490 http fetch GET 200 https://registry.npmjs.org/es-object-atoms 166ms (cache miss)
1491 silly packumentCache full:https://registry.npmjs.org/es-object-atoms set size:undefined disposed:false
1492 silly placeDep ROOT call-bind-apply-helpers@1.0.2 OK for: call-bound@1.0.4 want: ^1.0.2
1493 silly placeDep ROOT function-bind@1.1.2 OK for: call-bind-apply-helpers@1.0.2 want: ^1.1.2
1494 silly placeDep ROOT es-define-property@1.0.1 OK for: get-intrinsic@1.3.0 want: ^1.0.1
1495 silly placeDep ROOT es-object-atoms@1.1.1 OK for: get-intrinsic@1.3.0 want: ^1.1.1
1496 silly placeDep ROOT get-proto@1.0.1 OK for: get-intrinsic@1.3.0 want: ^1.0.1
1497 silly placeDep ROOT gopd@1.2.0 OK for: get-intrinsic@1.3.0 want: ^1.2.0
1498 silly placeDep ROOT has-symbols@1.1.0 OK for: get-intrinsic@1.3.0 want: ^1.1.0
1499 silly placeDep ROOT hasown@2.0.3 OK for: get-intrinsic@1.3.0 want: ^2.0.2
1500 silly placeDep ROOT math-intrinsics@1.1.0 OK for: get-intrinsic@1.3.0 want: ^1.1.0
1501 silly fetch manifest dunder-proto@^1.0.1
1502 silly packumentCache full:https://registry.npmjs.org/dunder-proto cache-miss
1503 http fetch GET 200 https://registry.npmjs.org/dunder-proto 99ms (cache miss)
1504 silly packumentCache full:https://registry.npmjs.org/dunder-proto set size:undefined disposed:false
1505 silly placeDep ROOT dunder-proto@1.0.1 OK for: get-proto@1.0.1 want: ^1.0.1
1506 silly placeDep ROOT @sigstore/bundle@4.0.0 OK for: sigstore@4.1.0 want: ^4.0.0
1507 silly placeDep ROOT @sigstore/core@3.2.0 OK for: sigstore@4.1.0 want: ^3.1.0
1508 silly placeDep ROOT @sigstore/protobuf-specs@0.5.1 OK for: sigstore@4.1.0 want: ^0.5.0
1509 silly placeDep ROOT @sigstore/sign@4.1.1 OK for: sigstore@4.1.0 want: ^4.1.0
1510 silly placeDep ROOT @sigstore/tuf@4.0.2 OK for: sigstore@4.1.0 want: ^4.0.1
1511 silly placeDep ROOT @sigstore/verify@3.1.0 OK for: sigstore@4.1.0 want: ^3.1.0
1512 silly fetch manifest tuf-js@^4.1.0
1513 silly packumentCache full:https://registry.npmjs.org/tuf-js cache-miss
1514 http fetch GET 200 https://registry.npmjs.org/tuf-js 97ms (cache miss)
1515 silly packumentCache full:https://registry.npmjs.org/tuf-js set size:undefined disposed:false
1516 silly placeDep ROOT tuf-js@4.1.0 OK for: @sigstore/tuf@4.0.2 want: ^4.1.0
1517 silly fetch manifest @tufjs/models@4.1.0
1518 silly packumentCache full:https://registry.npmjs.org/@tufjs%2fmodels cache-miss
1519 http fetch GET 200 https://registry.npmjs.org/@tufjs%2fmodels 108ms (cache miss)
1520 silly packumentCache full:https://registry.npmjs.org/@tufjs%2fmodels set size:undefined disposed:false
1521 silly placeDep ROOT ansi-styles@6.2.3 OK for: slice-ansi@8.0.0 want: ^6.2.3
1522 silly placeDep ROOT is-fullwidth-code-point@5.1.0 OK for: slice-ansi@8.0.0 want: ^5.1.0
1523 silly fetch manifest get-east-asian-width@^1.3.1
1524 silly packumentCache full:https://registry.npmjs.org/get-east-asian-width cache-miss
1525 http cache https://registry.npmjs.org/get-east-asian-width 6ms (cache hit)
1526 silly packumentCache full:https://registry.npmjs.org/get-east-asian-width set size:20538 disposed:false
1527 silly placeDep ROOT get-east-asian-width@1.6.0 OK for: is-fullwidth-code-point@5.1.0 want: ^1.3.1
1528 silly placeDep ROOT socks@2.8.9 OK for: socks-proxy-agent@8.0.5 want: ^2.8.3
1529 silly fetch manifest smart-buffer@^4.2.0
1530 silly packumentCache full:https://registry.npmjs.org/smart-buffer cache-miss
1531 http fetch GET 200 https://registry.npmjs.org/smart-buffer 186ms (cache miss)
1532 silly packumentCache full:https://registry.npmjs.org/smart-buffer set size:undefined disposed:false
1533 silly placeDep ROOT smart-buffer@4.2.0 OK for: socks@2.8.9 want: ^4.2.0
1534 silly placeDep ROOT spdx-exceptions@2.5.0 OK for: spdx-expression-parse@4.0.0 want: ^2.1.0
1535 silly placeDep ROOT spdx-license-ids@3.0.23 OK for: spdx-expression-parse@4.0.0 want: ^3.0.0
1536 silly placeDep ROOT ansi-regex@6.2.2 OK for: strip-ansi@7.2.0 want: ^6.2.2
1537 silly placeDep ROOT @isaacs/fs-minipass@4.0.1 OK for: tar@7.5.15 want: ^4.0.0
1538 silly placeDep ROOT chownr@3.0.0 OK for: tar@7.5.15 want: ^3.0.0
1539 silly placeDep ROOT yallist@5.0.0 OK for: tar@7.5.15 want: ^5.0.0
1540 silly fetch manifest picomatch@^4.0.4
1541 silly packumentCache full:https://registry.npmjs.org/picomatch cache-miss
1542 http cache https://registry.npmjs.org/picomatch 13ms (cache hit)
1543 silly packumentCache full:https://registry.npmjs.org/picomatch set size:126376 disposed:false
1544 silly placeDep ROOT fdir@6.5.0 OK for: tinyglobby@0.2.16 want: ^6.5.0
1545 silly placeDep ROOT @tufjs/models@4.1.0 OK for: tuf-js@4.1.0 want: 4.1.0
1546 silly fetch manifest @tufjs/canonical-json@2.0.0
1547 silly packumentCache full:https://registry.npmjs.org/@tufjs%2fcanonical-json cache-miss
1548 http fetch GET 200 https://registry.npmjs.org/@tufjs%2fcanonical-json 107ms (cache miss)
1549 silly packumentCache full:https://registry.npmjs.org/@tufjs%2fcanonical-json set size:undefined disposed:false
1550 silly placeDep ROOT @tufjs/canonical-json@2.0.0 OK for: @tufjs/models@4.1.0 want: 2.0.0
1551 silly placeDep node_modules/type-is content-type@2.0.0 OK for: type-is@2.1.0 want: ^2.0.0
1552 silly placeDep ROOT media-typer@1.1.0 OK for: type-is@2.1.0 want: ^1.1.0
1553 silly placeDep ROOT isexe@2.0.0 OK for: which@2.0.2 want: ^2.0.0
1554 silly placeDep node_modules/wrap-ansi ansi-styles@4.3.0 OK for: wrap-ansi@6.2.0 want: ^4.0.0
1555 silly placeDep node_modules/wrap-ansi string-width@4.2.3 OK for: wrap-ansi@6.2.0 want: ^4.1.0
1556 silly placeDep node_modules/wrap-ansi strip-ansi@6.0.1 OK for: wrap-ansi@6.2.0 want: ^6.0.0
1557 silly fetch manifest color-convert@^2.0.1
1558 silly packumentCache full:https://registry.npmjs.org/color-convert cache-miss
1559 silly fetch manifest strip-ansi@^6.0.1
1560 silly packumentCache full:https://registry.npmjs.org/strip-ansi cache-hit
1561 silly fetch manifest emoji-regex@^8.0.0
1562 silly packumentCache full:https://registry.npmjs.org/emoji-regex cache-miss
1563 silly fetch manifest is-fullwidth-code-point@^3.0.0
1564 silly packumentCache full:https://registry.npmjs.org/is-fullwidth-code-point cache-hit
1565 silly fetch manifest ansi-regex@^5.0.1
1566 silly packumentCache full:https://registry.npmjs.org/ansi-regex cache-miss
1567 http cache https://registry.npmjs.org/ansi-regex 17ms (cache hit)
1568 silly packumentCache full:https://registry.npmjs.org/ansi-regex set size:43572 disposed:false
1569 http fetch GET 200 https://registry.npmjs.org/color-convert 109ms (cache miss)
1570 silly packumentCache full:https://registry.npmjs.org/color-convert set size:undefined disposed:false
1571 http fetch GET 200 https://registry.npmjs.org/emoji-regex 113ms (cache miss)
1572 silly packumentCache full:https://registry.npmjs.org/emoji-regex set size:undefined disposed:false
1573 silly placeDep ROOT cliui@9.0.1 OK for: yargs@18.0.0 want: ^9.0.1
1574 silly placeDep ROOT escalade@3.2.0 OK for: yargs@18.0.0 want: ^3.1.1
1575 silly placeDep ROOT get-caller-file@2.0.5 OK for: yargs@18.0.0 want: ^2.0.5
1576 silly placeDep node_modules/yargs string-width@7.2.0 OK for: yargs@18.0.0 want: ^7.2.0
1577 silly placeDep ROOT y18n@5.0.8 OK for: yargs@18.0.0 want: ^5.0.5
1578 silly placeDep ROOT yargs-parser@22.0.0 OK for: yargs@18.0.0 want: ^22.0.0
1579 silly fetch manifest emoji-regex@^10.3.0
1580 silly packumentCache full:https://registry.npmjs.org/emoji-regex cache-miss
1581 http cache https://registry.npmjs.org/emoji-regex 11ms (cache hit)
1582 silly packumentCache full:https://registry.npmjs.org/emoji-regex set size:89064 disposed:false
1583 silly placeDep node_modules/cliui string-width@7.2.0 OK for: cliui@9.0.1 want: ^7.2.0
1584 silly placeDep node_modules/cliui wrap-ansi@9.0.2 OK for: cliui@9.0.1 want: ^9.0.0
1585 silly placeDep node_modules/@npmcli/git isexe@4.0.0 OK for: which@6.0.1 want: ^4.0.0
1586 silly placeDep node_modules/@npmcli/promise-spawn isexe@4.0.0 OK for: which@6.0.1 want: ^4.0.0
1587 silly placeDep ROOT emoji-regex@10.6.0 OK for: string-width@7.2.0 want: ^10.3.0
1588 silly placeDep node_modules/listr2 string-width@7.2.0 OK for: wrap-ansi@9.0.2 want: ^7.0.0
1589 silly placeDep node_modules/log-update string-width@7.2.0 OK for: wrap-ansi@9.0.2 want: ^7.0.0
1590 silly placeDep node_modules/minipass-flush yallist@4.0.0 OK for: minipass@3.3.6 want: ^4.0.0
1591 silly placeDep node_modules/minipass-pipeline yallist@4.0.0 OK for: minipass@3.3.6 want: ^4.0.0
1592 silly placeDep node_modules/node-gyp isexe@4.0.0 OK for: which@6.0.1 want: ^4.0.0
1593 silly placeDep ROOT color-convert@2.0.1 OK for: ansi-styles@4.3.0 want: ^2.0.1
1594 silly fetch manifest color-name@~1.1.4
1595 silly packumentCache full:https://registry.npmjs.org/color-name cache-miss
1596 http fetch GET 200 https://registry.npmjs.org/color-name 95ms (cache miss)
1597 silly packumentCache full:https://registry.npmjs.org/color-name set size:undefined disposed:false
1598 silly placeDep ROOT color-name@1.1.4 OK for: color-convert@2.0.1 want: ~1.1.4
1599 silly placeDep node_modules/wrap-ansi emoji-regex@8.0.0 OK for: string-width@4.2.3 want: ^8.0.0
1600 silly placeDep node_modules/wrap-ansi is-fullwidth-code-point@3.0.0 OK for: string-width@4.2.3 want: ^3.0.0
1601 silly placeDep node_modules/wrap-ansi ansi-regex@5.0.1 OK for: strip-ansi@6.0.1 want: ^5.0.1
1602 silly reify moves {}
1603 silly audit bulk request {
1603 silly audit   '@angular/cli': [ '21.2.11' ],
1603 silly audit   '@angular-devkit/architect': [ '0.2102.11' ],
1603 silly audit   '@angular-devkit/core': [ '21.2.11' ],
1603 silly audit   '@angular-devkit/schematics': [ '21.2.11' ],
1603 silly audit   '@inquirer/prompts': [ '7.10.1' ],
1603 silly audit   '@listr2/prompt-adapter-inquirer': [ '3.0.5' ],
1603 silly audit   listr2: [ '9.0.5' ],
1603 silly audit   '@modelcontextprotocol/sdk': [ '1.26.0' ],
1603 silly audit   '@schematics/angular': [ '21.2.11' ],
1603 silly audit   '@yarnpkg/lockfile': [ '1.1.0' ],
1603 silly audit   algoliasearch: [ '5.48.1' ],
1603 silly audit   ini: [ '6.0.0' ],
1603 silly audit   'jsonc-parser': [ '3.3.1' ],
1603 silly audit   'npm-package-arg': [ '13.0.2' ],
1603 silly audit   pacote: [ '21.3.1' ],
1603 silly audit   'parse5-html-rewriting-stream': [ '8.0.0' ],
1603 silly audit   semver: [ '7.7.4' ],
1603 silly audit   yargs: [ '18.0.0' ],
1603 silly audit   zod: [ '4.3.6' ],
1603 silly audit   rxjs: [ '7.8.2' ],
1603 silly audit   ajv: [ '8.18.0' ],
1603 silly audit   'ajv-formats': [ '3.0.1' ],
1603 silly audit   picomatch: [ '4.0.4' ],
1603 silly audit   'source-map': [ '0.7.6' ],
1603 silly audit   'magic-string': [ '0.30.21' ],
1603 silly audit   ora: [ '9.3.0' ],
1603 silly audit   '@inquirer/checkbox': [ '4.3.2' ],
1603 silly audit   '@inquirer/confirm': [ '5.1.21' ],
1603 silly audit   '@inquirer/editor': [ '4.2.23' ],
1603 silly audit   '@inquirer/expand': [ '4.0.23' ],
1603 silly audit   '@inquirer/input': [ '4.3.1' ],
1603 silly audit   '@inquirer/number': [ '3.0.23' ],
1603 silly audit   '@inquirer/password': [ '4.0.23' ],
1603 silly audit   '@inquirer/rawlist': [ '4.1.11' ],
1603 silly audit   '@inquirer/search': [ '3.2.2' ],
1603 silly audit   '@inquirer/select': [ '4.4.2' ],
1603 silly audit   '@inquirer/ansi': [ '1.0.2' ],
1603 silly audit   '@inquirer/core': [ '10.3.2' ],
1603 silly audit   '@inquirer/figures': [ '1.0.15' ],
1603 silly audit   '@inquirer/type': [ '3.0.10' ],
1603 silly audit   'yoctocolors-cjs': [ '2.1.3' ],
1603 silly audit   'cli-width': [ '4.1.0' ],
1603 silly audit   'mute-stream': [ '2.0.0' ],
1603 silly audit   'signal-exit': [ '4.1.0' ],
1603 silly audit   'wrap-ansi': [ '6.2.0', '9.0.2' ],
1603 silly audit   '@inquirer/external-editor': [ '1.0.3' ],
1603 silly audit   chardet: [ '2.1.1' ],
1603 silly audit   'iconv-lite': [ '0.7.2' ],
1603 silly audit   '@hono/node-server': [ '1.19.14' ],
1603 silly audit   hono: [ '4.12.19' ],
1603 silly audit   'content-type': [ '1.0.5', '2.0.0' ],
1603 silly audit   cors: [ '2.8.6' ],
1603 silly audit   'cross-spawn': [ '7.0.6' ],
1603 silly audit   eventsource: [ '3.0.7' ],
1603 silly audit   'eventsource-parser': [ '3.0.8' ],
1603 silly audit   express: [ '5.2.1' ],
1603 silly audit   'express-rate-limit': [ '8.5.2' ],
1603 silly audit   jose: [ '6.2.3' ],
1603 silly audit   'json-schema-typed': [ '8.0.2' ],
1603 silly audit   'pkce-challenge': [ '5.0.1' ],
1603 silly audit   'raw-body': [ '3.0.2' ],
1603 silly audit   'zod-to-json-schema': [ '3.25.2' ],
1603 silly audit   'fast-deep-equal': [ '3.1.3' ],
1603 silly audit   'fast-uri': [ '3.1.2' ],
1603 silly audit   'json-schema-traverse': [ '1.0.0' ],
1603 silly audit   'require-from-string': [ '2.0.2' ],
1603 silly audit   '@algolia/abtesting': [ '1.14.1' ],
1603 silly audit   '@algolia/client-abtesting': [ '5.48.1' ],
1603 silly audit   '@algolia/client-analytics': [ '5.48.1' ],
1603 silly audit   '@algolia/client-common': [ '5.48.1' ],
1603 silly audit   '@algolia/client-insights': [ '5.48.1' ],
1603 silly audit   '@algolia/client-personalization': [ '5.48.1' ],
1603 silly audit   '@algolia/client-query-suggestions': [ '5.48.1' ],
1603 silly audit   '@algolia/client-search': [ '5.48.1' ],
1603 silly audit   '@algolia/ingestion': [ '1.48.1' ],
1603 silly audit   '@algolia/monitoring': [ '1.48.1' ],
1603 silly audit   '@algolia/recommend': [ '5.48.1' ],
1603 silly audit   '@algolia/requester-browser-xhr': [ '5.48.1' ],
1603 silly audit   '@algolia/requester-fetch': [ '5.48.1' ],
1603 silly audit   '@algolia/requester-node-http': [ '5.48.1' ],
1603 silly audit   'object-assign': [ '4.1.1' ],
1603 silly audit   vary: [ '1.1.2' ],
1603 silly audit   'path-key': [ '3.1.1' ],
1603 silly audit   'shebang-command': [ '2.0.0' ],
1603 silly audit   which: [ '2.0.2', '6.0.1' ],
1603 silly audit   accepts: [ '2.0.0' ],
1603 silly audit   'body-parser': [ '2.2.2' ],
1603 silly audit   'content-disposition': [ '1.1.0' ],
1603 silly audit   cookie: [ '0.7.2' ],
1603 silly audit   'cookie-signature': [ '1.2.2' ],
1603 silly audit   debug: [ '4.4.3' ],
1603 silly audit   depd: [ '2.0.0' ],
1603 silly audit   encodeurl: [ '2.0.0' ],
1603 silly audit   'escape-html': [ '1.0.3' ],
1603 silly audit   etag: [ '1.8.1' ],
1603 silly audit   finalhandler: [ '2.1.1' ],
1603 silly audit   fresh: [ '2.0.0' ],
1603 silly audit   'http-errors': [ '2.0.1' ],
1603 silly audit   'merge-descriptors': [ '2.0.0' ],
1603 silly audit   'mime-types': [ '3.0.2' ],
1603 silly audit   'on-finished': [ '2.4.1' ],
1603 silly audit   once: [ '1.4.0' ],
1603 silly audit   parseurl: [ '1.3.3' ],
1603 silly audit   'proxy-addr': [ '2.0.7' ],
1603 silly audit   qs: [ '6.15.2' ],
1603 silly audit   'range-parser': [ '1.2.1' ],
1603 silly audit   router: [ '2.2.0' ],
1603 silly audit   send: [ '1.2.1' ],
1603 silly audit   'serve-static': [ '2.2.1' ],
1603 silly audit   statuses: [ '2.0.2' ],
1603 silly audit   'type-is': [ '2.1.0' ],
1603 silly audit   negotiator: [ '1.0.0' ],
1603 silly audit   bytes: [ '3.1.2' ],
1603 silly audit   ms: [ '2.1.3' ],
1603 silly audit   'ip-address': [ '10.2.0' ],
1603 silly audit   inherits: [ '2.0.4' ],
1603 silly audit   setprototypeof: [ '1.2.0' ],
1603 silly audit   toidentifier: [ '1.0.1' ],
1603 silly audit   'safer-buffer': [ '2.1.2' ],
1603 silly audit   'cli-truncate': [ '5.2.0' ],
1603 silly audit   colorette: [ '2.0.20' ],
1603 silly audit   eventemitter3: [ '5.0.4' ],
1603 silly audit   'log-update': [ '6.1.0' ],
1603 silly audit   rfdc: [ '1.4.1' ],
1603 silly audit   'slice-ansi': [ '8.0.0', '7.1.2' ],
1603 silly audit   'string-width': [ '8.2.1', '4.2.3', '7.2.0' ],
1603 silly audit   'ansi-escapes': [ '7.3.0' ],
1603 silly audit   'cli-cursor': [ '5.0.0' ],
1603 silly audit   'strip-ansi': [ '7.2.0', '6.0.1' ],
1603 silly audit   environment: [ '1.1.0' ],
1603 silly audit   'restore-cursor': [ '5.1.0' ],
1603 silly audit   '@jridgewell/sourcemap-codec': [ '1.5.5' ],
1603 silly audit   'mime-db': [ '1.54.0' ],
1603 silly audit   'hosted-git-info': [ '9.0.3' ],
1603 silly audit   'proc-log': [ '6.1.0' ],
1603 silly audit   'validate-npm-package-name': [ '7.0.2' ],
1603 silly audit   'lru-cache': [ '11.4.0' ],
1603 silly audit   'ee-first': [ '1.1.1' ],
1603 silly audit   wrappy: [ '1.0.2' ],
1603 silly audit   chalk: [ '5.6.2' ],
1603 silly audit   'cli-spinners': [ '3.4.0' ],
1603 silly audit   'is-interactive': [ '2.0.0' ],
1603 silly audit   'is-unicode-supported': [ '2.1.0' ],
1603 silly audit   'log-symbols': [ '7.0.1' ],
1603 silly audit   'stdin-discarder': [ '0.3.2' ],
1603 silly audit   yoctocolors: [ '2.1.2' ],
1603 silly audit   '@npmcli/git': [ '7.0.2' ],
1603 silly audit   '@npmcli/installed-package-contents': [ '4.0.0' ],
1603 silly audit   '@npmcli/package-json': [ '7.0.5' ],
1603 silly audit   '@npmcli/promise-spawn': [ '9.0.1' ],
1603 silly audit   '@npmcli/run-script': [ '10.0.4' ],
1603 silly audit   cacache: [ '20.0.4' ],
1603 silly audit   'fs-minipass': [ '3.0.3' ],
1603 silly audit   minipass: [ '7.1.3', '3.3.6' ],
1603 silly audit   'npm-packlist': [ '10.0.4' ],
1603 silly audit   'npm-pick-manifest': [ '11.0.3' ],
1603 silly audit   'npm-registry-fetch': [ '19.1.1' ],
1603 silly audit   'promise-retry': [ '2.0.1' ],
1603 silly audit   sigstore: [ '4.1.0' ],
1603 silly audit   ssri: [ '13.0.1' ],
1603 silly audit   tar: [ '7.5.15' ],
1603 silly audit   '@gar/promise-retry': [ '1.0.3' ],
1603 silly audit   'npm-bundled': [ '5.0.0' ],
1603 silly audit   'npm-normalize-package-bin': [ '5.0.0' ],
1603 silly audit   glob: [ '13.0.6' ],
1603 silly audit   'json-parse-even-better-errors': [ '5.0.0' ],
1603 silly audit   'spdx-expression-parse': [ '4.0.0' ],
1603 silly audit   '@npmcli/node-gyp': [ '5.0.0' ],
1603 silly audit   'node-gyp': [ '12.3.0' ],
1603 silly audit   '@npmcli/fs': [ '5.0.0' ],
1603 silly audit   'minipass-collect': [ '2.0.1' ],
1603 silly audit   'minipass-flush': [ '1.0.7' ],
1603 silly audit   'minipass-pipeline': [ '1.2.4' ],
1603 silly audit   'p-map': [ '7.0.4' ],
1603 silly audit   minimatch: [ '10.2.5' ],
1603 silly audit   'path-scurry': [ '2.0.2' ],
1603 silly audit   'brace-expansion': [ '5.0.6' ],
1603 silly audit   'balanced-match': [ '4.0.4' ],
1603 silly audit   'env-paths': [ '2.2.1' ],
1603 silly audit   'exponential-backoff': [ '3.1.3' ],
1603 silly audit   'graceful-fs': [ '4.2.11' ],
1603 silly audit   nopt: [ '9.0.0' ],
1603 silly audit   tinyglobby: [ '0.2.16' ],
1603 silly audit   undici: [ '6.25.0' ],
1603 silly audit   abbrev: [ '4.0.0' ],
1603 silly audit   'ignore-walk': [ '8.0.0' ],
1603 silly audit   'npm-install-checks': [ '8.0.0' ],
1603 silly audit   '@npmcli/redact': [ '4.0.0' ],
1603 silly audit   jsonparse: [ '1.3.1' ],
1603 silly audit   'make-fetch-happen': [ '15.0.5' ],
1603 silly audit   'minipass-fetch': [ '5.0.2' ],
1603 silly audit   minizlib: [ '3.1.0' ],
1603 silly audit   '@npmcli/agent': [ '4.0.0' ],
1603 silly audit   'http-cache-semantics': [ '4.2.0' ],
1603 silly audit   'agent-base': [ '7.1.4' ],
1603 silly audit   'http-proxy-agent': [ '7.0.2' ],
1603 silly audit   'https-proxy-agent': [ '7.0.6' ],
1603 silly audit   'socks-proxy-agent': [ '8.0.5' ],
1603 silly audit   'minipass-sized': [ '2.0.0' ],
1603 silly audit   entities: [ '6.0.1', '8.0.0' ],
1603 silly audit   parse5: [ '8.0.1' ],
1603 silly audit   'parse5-sax-parser': [ '8.0.0' ],
1603 silly audit   'err-code': [ '2.0.3' ],
1603 silly audit   retry: [ '0.12.0' ],
1603 silly audit   forwarded: [ '0.2.0' ],
1603 silly audit   'ipaddr.js': [ '1.9.1' ],
1603 silly audit   'side-channel': [ '1.1.0' ],
1603 silly audit   unpipe: [ '1.0.0' ],
1603 silly audit   onetime: [ '7.0.0' ],
1603 silly audit   'mimic-function': [ '5.0.1' ],
1603 silly audit   'is-promise': [ '4.0.0' ],
1603 silly audit   'path-to-regexp': [ '8.4.2' ],
1603 silly audit   tslib: [ '2.8.1' ],
1603 silly audit   'shebang-regex': [ '3.0.0' ],
1603 silly audit   'es-errors': [ '1.3.0' ],
1603 silly audit   'object-inspect': [ '1.13.4' ],
1603 silly audit   'side-channel-list': [ '1.0.1' ],
1603 silly audit   'side-channel-map': [ '1.0.1' ],
1603 silly audit   'side-channel-weakmap': [ '1.0.2' ],
1603 silly audit   'call-bound': [ '1.0.4' ],
1603 silly audit   'get-intrinsic': [ '1.3.0' ],
1603 silly audit   'call-bind-apply-helpers': [ '1.0.2' ],
1603 silly audit   'function-bind': [ '1.1.2' ],
1603 silly audit   'es-define-property': [ '1.0.1' ],
1603 silly audit   'es-object-atoms': [ '1.1.1' ],
1603 silly audit   'get-proto': [ '1.0.1' ],
1603 silly audit   gopd: [ '1.2.0' ],
1603 silly audit   'has-symbols': [ '1.1.0' ],
1603 silly audit   hasown: [ '2.0.3' ],
1603 silly audit   'math-intrinsics': [ '1.1.0' ],
1603 silly audit   'dunder-proto': [ '1.0.1' ],
1603 silly audit   '@sigstore/bundle': [ '4.0.0' ],
1603 silly audit   '@sigstore/core': [ '3.2.0' ],
1603 silly audit   '@sigstore/protobuf-specs': [ '0.5.1' ],
1603 silly audit   '@sigstore/sign': [ '4.1.1' ],
1603 silly audit   '@sigstore/tuf': [ '4.0.2' ],
1603 silly audit   '@sigstore/verify': [ '3.1.0' ],
1603 silly audit   'tuf-js': [ '4.1.0' ],
1603 silly audit   'ansi-styles': [ '6.2.3', '4.3.0' ],
1603 silly audit   'is-fullwidth-code-point': [ '5.1.0', '3.0.0' ],
1603 silly audit   'get-east-asian-width': [ '1.6.0' ],
1603 silly audit   socks: [ '2.8.9' ],
1603 silly audit   'smart-buffer': [ '4.2.0' ],
1603 silly audit   'spdx-exceptions': [ '2.5.0' ],
1603 silly audit   'spdx-license-ids': [ '3.0.23' ],
1603 silly audit   'ansi-regex': [ '6.2.2', '5.0.1' ],
1603 silly audit   '@isaacs/fs-minipass': [ '4.0.1' ],
1603 silly audit   chownr: [ '3.0.0' ],
1603 silly audit   yallist: [ '5.0.0', '4.0.0' ],
1603 silly audit   fdir: [ '6.5.0' ],
1603 silly audit   '@tufjs/models': [ '4.1.0' ],
1603 silly audit   '@tufjs/canonical-json': [ '2.0.0' ],
1603 silly audit   'media-typer': [ '1.1.0' ],
1603 silly audit   isexe: [ '2.0.0', '4.0.0' ],
1603 silly audit   cliui: [ '9.0.1' ],
1603 silly audit   escalade: [ '3.2.0' ],
1603 silly audit   'get-caller-file': [ '2.0.5' ],
1603 silly audit   y18n: [ '5.0.8' ],
1603 silly audit   'yargs-parser': [ '22.0.0' ],
1603 silly audit   'emoji-regex': [ '10.6.0', '8.0.0' ],
1603 silly audit   'color-convert': [ '2.0.1' ],
1603 silly audit   'color-name': [ '1.1.4' ]
1603 silly audit }
1604 http cache color-name@https://registry.npmjs.org/color-name/-/color-name-1.1.4.tgz 1ms (cache hit)
1605 http cache color-convert@https://registry.npmjs.org/color-convert/-/color-convert-2.0.1.tgz 0ms (cache hit)
1606 http cache emoji-regex@https://registry.npmjs.org/emoji-regex/-/emoji-regex-10.6.0.tgz 0ms (cache hit)
1607 http cache yargs-parser@https://registry.npmjs.org/yargs-parser/-/yargs-parser-22.0.0.tgz 1ms (cache hit)
1608 http cache y18n@https://registry.npmjs.org/y18n/-/y18n-5.0.8.tgz 0ms (cache hit)
1609 http cache get-caller-file@https://registry.npmjs.org/get-caller-file/-/get-caller-file-2.0.5.tgz 1ms (cache hit)
1610 http cache cliui@https://registry.npmjs.org/cliui/-/cliui-9.0.1.tgz 0ms (cache hit)
1611 http cache escalade@https://registry.npmjs.org/escalade/-/escalade-3.2.0.tgz 0ms (cache hit)
1612 http cache isexe@https://registry.npmjs.org/isexe/-/isexe-2.0.0.tgz 0ms (cache hit)
1613 http cache media-typer@https://registry.npmjs.org/media-typer/-/media-typer-1.1.0.tgz 0ms (cache hit)
1614 http cache @tufjs/models@https://registry.npmjs.org/@tufjs/models/-/models-4.1.0.tgz 0ms (cache hit)
1615 http cache @isaacs/fs-minipass@https://registry.npmjs.org/@isaacs/fs-minipass/-/fs-minipass-4.0.1.tgz 0ms (cache hit)
1616 http cache @tufjs/canonical-json@https://registry.npmjs.org/@tufjs/canonical-json/-/canonical-json-2.0.0.tgz 0ms (cache hit)
1617 http cache fdir@https://registry.npmjs.org/fdir/-/fdir-6.5.0.tgz 0ms (cache hit)
1618 http cache yallist@https://registry.npmjs.org/yallist/-/yallist-5.0.0.tgz 0ms (cache hit)
1619 http cache chownr@https://registry.npmjs.org/chownr/-/chownr-3.0.0.tgz 0ms (cache hit)
1620 http cache ansi-regex@https://registry.npmjs.org/ansi-regex/-/ansi-regex-6.2.2.tgz 0ms (cache hit)
1621 http cache spdx-exceptions@https://registry.npmjs.org/spdx-exceptions/-/spdx-exceptions-2.5.0.tgz 0ms (cache hit)
1622 http cache spdx-license-ids@https://registry.npmjs.org/spdx-license-ids/-/spdx-license-ids-3.0.23.tgz 0ms (cache hit)
1623 http cache socks@https://registry.npmjs.org/socks/-/socks-2.8.9.tgz 0ms (cache hit)
1624 http cache get-east-asian-width@https://registry.npmjs.org/get-east-asian-width/-/get-east-asian-width-1.6.0.tgz 0ms (cache hit)
1625 http cache is-fullwidth-code-point@https://registry.npmjs.org/is-fullwidth-code-point/-/is-fullwidth-code-point-5.1.0.tgz 0ms (cache hit)
1626 http cache ansi-styles@https://registry.npmjs.org/ansi-styles/-/ansi-styles-6.2.3.tgz 0ms (cache hit)
1627 http cache @sigstore/verify@https://registry.npmjs.org/@sigstore/verify/-/verify-3.1.0.tgz 0ms (cache hit)
1628 http cache @sigstore/tuf@https://registry.npmjs.org/@sigstore/tuf/-/tuf-4.0.2.tgz 0ms (cache hit)
1629 http cache smart-buffer@https://registry.npmjs.org/smart-buffer/-/smart-buffer-4.2.0.tgz 0ms (cache hit)
1630 http cache tuf-js@https://registry.npmjs.org/tuf-js/-/tuf-js-4.1.0.tgz 0ms (cache hit)
1631 http cache @sigstore/protobuf-specs@https://registry.npmjs.org/@sigstore/protobuf-specs/-/protobuf-specs-0.5.1.tgz 0ms (cache hit)
1632 http cache dunder-proto@https://registry.npmjs.org/dunder-proto/-/dunder-proto-1.0.1.tgz 0ms (cache hit)
1633 http cache math-intrinsics@https://registry.npmjs.org/math-intrinsics/-/math-intrinsics-1.1.0.tgz 0ms (cache hit)
1634 http cache hasown@https://registry.npmjs.org/hasown/-/hasown-2.0.3.tgz 0ms (cache hit)
1635 http cache @sigstore/core@https://registry.npmjs.org/@sigstore/core/-/core-3.2.0.tgz 0ms (cache hit)
1636 http cache has-symbols@https://registry.npmjs.org/has-symbols/-/has-symbols-1.1.0.tgz 0ms (cache hit)
1637 http cache gopd@https://registry.npmjs.org/gopd/-/gopd-1.2.0.tgz 0ms (cache hit)
1638 http cache get-proto@https://registry.npmjs.org/get-proto/-/get-proto-1.0.1.tgz 0ms (cache hit)
1639 http cache es-object-atoms@https://registry.npmjs.org/es-object-atoms/-/es-object-atoms-1.1.1.tgz 0ms (cache hit)
1640 http cache es-define-property@https://registry.npmjs.org/es-define-property/-/es-define-property-1.0.1.tgz 0ms (cache hit)
1641 http cache function-bind@https://registry.npmjs.org/function-bind/-/function-bind-1.1.2.tgz 0ms (cache hit)
1642 http cache call-bind-apply-helpers@https://registry.npmjs.org/call-bind-apply-helpers/-/call-bind-apply-helpers-1.0.2.tgz 0ms (cache hit)
1643 http cache get-intrinsic@https://registry.npmjs.org/get-intrinsic/-/get-intrinsic-1.3.0.tgz 0ms (cache hit)
1644 http cache call-bound@https://registry.npmjs.org/call-bound/-/call-bound-1.0.4.tgz 0ms (cache hit)
1645 http cache side-channel-weakmap@https://registry.npmjs.org/side-channel-weakmap/-/side-channel-weakmap-1.0.2.tgz 0ms (cache hit)
1646 http cache @sigstore/bundle@https://registry.npmjs.org/@sigstore/bundle/-/bundle-4.0.0.tgz 0ms (cache hit)
1647 http cache @sigstore/sign@https://registry.npmjs.org/@sigstore/sign/-/sign-4.1.1.tgz 0ms (cache hit)
1648 http cache side-channel-map@https://registry.npmjs.org/side-channel-map/-/side-channel-map-1.0.1.tgz 0ms (cache hit)
1649 http cache side-channel-list@https://registry.npmjs.org/side-channel-list/-/side-channel-list-1.0.1.tgz 0ms (cache hit)
1650 http cache object-inspect@https://registry.npmjs.org/object-inspect/-/object-inspect-1.13.4.tgz 0ms (cache hit)
1651 http cache es-errors@https://registry.npmjs.org/es-errors/-/es-errors-1.3.0.tgz 0ms (cache hit)
1652 http cache shebang-regex@https://registry.npmjs.org/shebang-regex/-/shebang-regex-3.0.0.tgz 0ms (cache hit)
1653 http cache tslib@https://registry.npmjs.org/tslib/-/tslib-2.8.1.tgz 1ms (cache hit)
1654 http cache path-to-regexp@https://registry.npmjs.org/path-to-regexp/-/path-to-regexp-8.4.2.tgz 0ms (cache hit)
1655 http cache onetime@https://registry.npmjs.org/onetime/-/onetime-7.0.0.tgz 0ms (cache hit)
1656 http cache is-promise@https://registry.npmjs.org/is-promise/-/is-promise-4.0.0.tgz 0ms (cache hit)
1657 http cache mimic-function@https://registry.npmjs.org/mimic-function/-/mimic-function-5.0.1.tgz 0ms (cache hit)
1658 http cache unpipe@https://registry.npmjs.org/unpipe/-/unpipe-1.0.0.tgz 0ms (cache hit)
1659 http cache side-channel@https://registry.npmjs.org/side-channel/-/side-channel-1.1.0.tgz 0ms (cache hit)
1660 http cache ipaddr.js@https://registry.npmjs.org/ipaddr.js/-/ipaddr.js-1.9.1.tgz 0ms (cache hit)
1661 http cache forwarded@https://registry.npmjs.org/forwarded/-/forwarded-0.2.0.tgz 0ms (cache hit)
1662 http cache retry@https://registry.npmjs.org/retry/-/retry-0.12.0.tgz 0ms (cache hit)
1663 http cache err-code@https://registry.npmjs.org/err-code/-/err-code-2.0.3.tgz 0ms (cache hit)
1664 http cache parse5-sax-parser@https://registry.npmjs.org/parse5-sax-parser/-/parse5-sax-parser-8.0.0.tgz 0ms (cache hit)
1665 http cache parse5@https://registry.npmjs.org/parse5/-/parse5-8.0.1.tgz 0ms (cache hit)
1666 http cache minipass-sized@https://registry.npmjs.org/minipass-sized/-/minipass-sized-2.0.0.tgz 0ms (cache hit)
1667 http cache entities@https://registry.npmjs.org/entities/-/entities-6.0.1.tgz 0ms (cache hit)
1668 http cache socks-proxy-agent@https://registry.npmjs.org/socks-proxy-agent/-/socks-proxy-agent-8.0.5.tgz 0ms (cache hit)
1669 http cache https-proxy-agent@https://registry.npmjs.org/https-proxy-agent/-/https-proxy-agent-7.0.6.tgz 0ms (cache hit)
1670 http cache http-proxy-agent@https://registry.npmjs.org/http-proxy-agent/-/http-proxy-agent-7.0.2.tgz 0ms (cache hit)
1671 http cache agent-base@https://registry.npmjs.org/agent-base/-/agent-base-7.1.4.tgz 0ms (cache hit)
1672 http cache http-cache-semantics@https://registry.npmjs.org/http-cache-semantics/-/http-cache-semantics-4.2.0.tgz 0ms (cache hit)
1673 http cache @npmcli/agent@https://registry.npmjs.org/@npmcli/agent/-/agent-4.0.0.tgz 0ms (cache hit)
1674 http cache minizlib@https://registry.npmjs.org/minizlib/-/minizlib-3.1.0.tgz 0ms (cache hit)
1675 http cache minipass-fetch@https://registry.npmjs.org/minipass-fetch/-/minipass-fetch-5.0.2.tgz 0ms (cache hit)
1676 http cache jsonparse@https://registry.npmjs.org/jsonparse/-/jsonparse-1.3.1.tgz 0ms (cache hit)
1677 http cache @npmcli/redact@https://registry.npmjs.org/@npmcli/redact/-/redact-4.0.0.tgz 0ms (cache hit)
1678 http cache npm-install-checks@https://registry.npmjs.org/npm-install-checks/-/npm-install-checks-8.0.0.tgz 0ms (cache hit)
1679 http cache make-fetch-happen@https://registry.npmjs.org/make-fetch-happen/-/make-fetch-happen-15.0.5.tgz 0ms (cache hit)
1680 http cache abbrev@https://registry.npmjs.org/abbrev/-/abbrev-4.0.0.tgz 1ms (cache hit)
1681 http cache ignore-walk@https://registry.npmjs.org/ignore-walk/-/ignore-walk-8.0.0.tgz 0ms (cache hit)
1682 http cache undici@https://registry.npmjs.org/undici/-/undici-6.25.0.tgz 0ms (cache hit)
1683 http cache tinyglobby@https://registry.npmjs.org/tinyglobby/-/tinyglobby-0.2.16.tgz 0ms (cache hit)
1684 http cache nopt@https://registry.npmjs.org/nopt/-/nopt-9.0.0.tgz 0ms (cache hit)
1685 http cache graceful-fs@https://registry.npmjs.org/graceful-fs/-/graceful-fs-4.2.11.tgz 0ms (cache hit)
1686 http cache exponential-backoff@https://registry.npmjs.org/exponential-backoff/-/exponential-backoff-3.1.3.tgz 0ms (cache hit)
1687 http cache env-paths@https://registry.npmjs.org/env-paths/-/env-paths-2.2.1.tgz 0ms (cache hit)
1688 http cache balanced-match@https://registry.npmjs.org/balanced-match/-/balanced-match-4.0.4.tgz 0ms (cache hit)
1689 http cache brace-expansion@https://registry.npmjs.org/brace-expansion/-/brace-expansion-5.0.6.tgz 0ms (cache hit)
1690 http cache path-scurry@https://registry.npmjs.org/path-scurry/-/path-scurry-2.0.2.tgz 0ms (cache hit)
1691 http cache minimatch@https://registry.npmjs.org/minimatch/-/minimatch-10.2.5.tgz 0ms (cache hit)
1692 http cache p-map@https://registry.npmjs.org/p-map/-/p-map-7.0.4.tgz 0ms (cache hit)
1693 http cache @npmcli/fs@https://registry.npmjs.org/@npmcli/fs/-/fs-5.0.0.tgz 0ms (cache hit)
1694 http cache minipass-pipeline@https://registry.npmjs.org/minipass-pipeline/-/minipass-pipeline-1.2.4.tgz 0ms (cache hit)
1695 http cache minipass-collect@https://registry.npmjs.org/minipass-collect/-/minipass-collect-2.0.1.tgz 0ms (cache hit)
1696 http cache minipass-flush@https://registry.npmjs.org/minipass-flush/-/minipass-flush-1.0.7.tgz 1ms (cache hit)
1697 http cache @npmcli/node-gyp@https://registry.npmjs.org/@npmcli/node-gyp/-/node-gyp-5.0.0.tgz 0ms (cache hit)
1698 http cache node-gyp@https://registry.npmjs.org/node-gyp/-/node-gyp-12.3.0.tgz 0ms (cache hit)
1699 http cache glob@https://registry.npmjs.org/glob/-/glob-13.0.6.tgz 0ms (cache hit)
1700 http cache spdx-expression-parse@https://registry.npmjs.org/spdx-expression-parse/-/spdx-expression-parse-4.0.0.tgz 0ms (cache hit)
1701 http cache json-parse-even-better-errors@https://registry.npmjs.org/json-parse-even-better-errors/-/json-parse-even-better-errors-5.0.0.tgz 0ms (cache hit)
1702 http cache npm-bundled@https://registry.npmjs.org/npm-bundled/-/npm-bundled-5.0.0.tgz 0ms (cache hit)
1703 http cache @gar/promise-retry@https://registry.npmjs.org/@gar/promise-retry/-/promise-retry-1.0.3.tgz 0ms (cache hit)
1704 http cache tar@https://registry.npmjs.org/tar/-/tar-7.5.15.tgz 0ms (cache hit)
1705 http cache npm-normalize-package-bin@https://registry.npmjs.org/npm-normalize-package-bin/-/npm-normalize-package-bin-5.0.0.tgz 0ms (cache hit)
1706 http cache ssri@https://registry.npmjs.org/ssri/-/ssri-13.0.1.tgz 0ms (cache hit)
1707 http cache sigstore@https://registry.npmjs.org/sigstore/-/sigstore-4.1.0.tgz 0ms (cache hit)
1708 http cache promise-retry@https://registry.npmjs.org/promise-retry/-/promise-retry-2.0.1.tgz 0ms (cache hit)
1709 http cache npm-registry-fetch@https://registry.npmjs.org/npm-registry-fetch/-/npm-registry-fetch-19.1.1.tgz 0ms (cache hit)
1710 http cache npm-pick-manifest@https://registry.npmjs.org/npm-pick-manifest/-/npm-pick-manifest-11.0.3.tgz 0ms (cache hit)
1711 http cache npm-packlist@https://registry.npmjs.org/npm-packlist/-/npm-packlist-10.0.4.tgz 1ms (cache hit)
1712 http cache minipass@https://registry.npmjs.org/minipass/-/minipass-7.1.3.tgz 0ms (cache hit)
1713 http cache cacache@https://registry.npmjs.org/cacache/-/cacache-20.0.4.tgz 0ms (cache hit)
1714 http cache fs-minipass@https://registry.npmjs.org/fs-minipass/-/fs-minipass-3.0.3.tgz 0ms (cache hit)
1715 http cache @npmcli/promise-spawn@https://registry.npmjs.org/@npmcli/promise-spawn/-/promise-spawn-9.0.1.tgz 0ms (cache hit)
1716 http cache @npmcli/run-script@https://registry.npmjs.org/@npmcli/run-script/-/run-script-10.0.4.tgz 0ms (cache hit)
1717 http cache @npmcli/package-json@https://registry.npmjs.org/@npmcli/package-json/-/package-json-7.0.5.tgz 0ms (cache hit)
1718 http cache yoctocolors@https://registry.npmjs.org/yoctocolors/-/yoctocolors-2.1.2.tgz 1ms (cache hit)
1719 http cache @npmcli/git@https://registry.npmjs.org/@npmcli/git/-/git-7.0.2.tgz 0ms (cache hit)
1720 http cache stdin-discarder@https://registry.npmjs.org/stdin-discarder/-/stdin-discarder-0.3.2.tgz 0ms (cache hit)
1721 http cache @npmcli/installed-package-contents@https://registry.npmjs.org/@npmcli/installed-package-contents/-/installed-package-contents-4.0.0.tgz 0ms (cache hit)
1722 http cache is-unicode-supported@https://registry.npmjs.org/is-unicode-supported/-/is-unicode-supported-2.1.0.tgz 0ms (cache hit)
1723 http cache is-interactive@https://registry.npmjs.org/is-interactive/-/is-interactive-2.0.0.tgz 0ms (cache hit)
1724 http cache log-symbols@https://registry.npmjs.org/log-symbols/-/log-symbols-7.0.1.tgz 0ms (cache hit)
1725 http cache cli-spinners@https://registry.npmjs.org/cli-spinners/-/cli-spinners-3.4.0.tgz 0ms (cache hit)
1726 http cache chalk@https://registry.npmjs.org/chalk/-/chalk-5.6.2.tgz 0ms (cache hit)
1727 http cache wrappy@https://registry.npmjs.org/wrappy/-/wrappy-1.0.2.tgz 0ms (cache hit)
1728 http cache ee-first@https://registry.npmjs.org/ee-first/-/ee-first-1.1.1.tgz 0ms (cache hit)
1729 http cache lru-cache@https://registry.npmjs.org/lru-cache/-/lru-cache-11.4.0.tgz 0ms (cache hit)
1730 http cache validate-npm-package-name@https://registry.npmjs.org/validate-npm-package-name/-/validate-npm-package-name-7.0.2.tgz 0ms (cache hit)
1731 http cache proc-log@https://registry.npmjs.org/proc-log/-/proc-log-6.1.0.tgz 0ms (cache hit)
1732 http cache hosted-git-info@https://registry.npmjs.org/hosted-git-info/-/hosted-git-info-9.0.3.tgz 0ms (cache hit)
1733 http cache mime-db@https://registry.npmjs.org/mime-db/-/mime-db-1.54.0.tgz 0ms (cache hit)
1734 http cache @jridgewell/sourcemap-codec@https://registry.npmjs.org/@jridgewell/sourcemap-codec/-/sourcemap-codec-1.5.5.tgz 0ms (cache hit)
1735 http cache restore-cursor@https://registry.npmjs.org/restore-cursor/-/restore-cursor-5.1.0.tgz 0ms (cache hit)
1736 http cache environment@https://registry.npmjs.org/environment/-/environment-1.1.0.tgz 0ms (cache hit)
1737 http cache strip-ansi@https://registry.npmjs.org/strip-ansi/-/strip-ansi-7.2.0.tgz 0ms (cache hit)
1738 http cache ansi-escapes@https://registry.npmjs.org/ansi-escapes/-/ansi-escapes-7.3.0.tgz 0ms (cache hit)
1739 http cache string-width@https://registry.npmjs.org/string-width/-/string-width-8.2.1.tgz 0ms (cache hit)
1740 http cache slice-ansi@https://registry.npmjs.org/slice-ansi/-/slice-ansi-8.0.0.tgz 0ms (cache hit)
1741 http cache log-update@https://registry.npmjs.org/log-update/-/log-update-6.1.0.tgz 0ms (cache hit)
1742 http cache rfdc@https://registry.npmjs.org/rfdc/-/rfdc-1.4.1.tgz 0ms (cache hit)
1743 http cache colorette@https://registry.npmjs.org/colorette/-/colorette-2.0.20.tgz 0ms (cache hit)
1744 http cache cli-truncate@https://registry.npmjs.org/cli-truncate/-/cli-truncate-5.2.0.tgz 0ms (cache hit)
1745 http cache safer-buffer@https://registry.npmjs.org/safer-buffer/-/safer-buffer-2.1.2.tgz 0ms (cache hit)
1746 http cache toidentifier@https://registry.npmjs.org/toidentifier/-/toidentifier-1.0.1.tgz 0ms (cache hit)
1747 http cache eventemitter3@https://registry.npmjs.org/eventemitter3/-/eventemitter3-5.0.4.tgz 0ms (cache hit)
1748 http cache setprototypeof@https://registry.npmjs.org/setprototypeof/-/setprototypeof-1.2.0.tgz 0ms (cache hit)
1749 http cache inherits@https://registry.npmjs.org/inherits/-/inherits-2.0.4.tgz 0ms (cache hit)
1750 http cache ip-address@https://registry.npmjs.org/ip-address/-/ip-address-10.2.0.tgz 0ms (cache hit)
1751 http cache ms@https://registry.npmjs.org/ms/-/ms-2.1.3.tgz 0ms (cache hit)
1752 http cache cli-cursor@https://registry.npmjs.org/cli-cursor/-/cli-cursor-5.0.0.tgz 0ms (cache hit)
1753 http cache bytes@https://registry.npmjs.org/bytes/-/bytes-3.1.2.tgz 0ms (cache hit)
1754 http cache statuses@https://registry.npmjs.org/statuses/-/statuses-2.0.2.tgz 0ms (cache hit)
1755 http cache negotiator@https://registry.npmjs.org/negotiator/-/negotiator-1.0.0.tgz 0ms (cache hit)
1756 http cache type-is@https://registry.npmjs.org/type-is/-/type-is-2.1.0.tgz 0ms (cache hit)
1757 http cache serve-static@https://registry.npmjs.org/serve-static/-/serve-static-2.2.1.tgz 0ms (cache hit)
1758 http cache send@https://registry.npmjs.org/send/-/send-1.2.1.tgz 0ms (cache hit)
1759 http cache range-parser@https://registry.npmjs.org/range-parser/-/range-parser-1.2.1.tgz 0ms (cache hit)
1760 http cache router@https://registry.npmjs.org/router/-/router-2.2.0.tgz 0ms (cache hit)
1761 http cache parseurl@https://registry.npmjs.org/parseurl/-/parseurl-1.3.3.tgz 0ms (cache hit)
1762 http cache once@https://registry.npmjs.org/once/-/once-1.4.0.tgz 0ms (cache hit)
1763 http cache qs@https://registry.npmjs.org/qs/-/qs-6.15.2.tgz 0ms (cache hit)
1764 http cache on-finished@https://registry.npmjs.org/on-finished/-/on-finished-2.4.1.tgz 0ms (cache hit)
1765 http cache mime-types@https://registry.npmjs.org/mime-types/-/mime-types-3.0.2.tgz 0ms (cache hit)
1766 http cache http-errors@https://registry.npmjs.org/http-errors/-/http-errors-2.0.1.tgz 0ms (cache hit)
1767 http cache merge-descriptors@https://registry.npmjs.org/merge-descriptors/-/merge-descriptors-2.0.0.tgz 0ms (cache hit)
1768 http cache fresh@https://registry.npmjs.org/fresh/-/fresh-2.0.0.tgz 0ms (cache hit)
1769 http cache proxy-addr@https://registry.npmjs.org/proxy-addr/-/proxy-addr-2.0.7.tgz 0ms (cache hit)
1770 http cache finalhandler@https://registry.npmjs.org/finalhandler/-/finalhandler-2.1.1.tgz 0ms (cache hit)
1771 http cache etag@https://registry.npmjs.org/etag/-/etag-1.8.1.tgz 0ms (cache hit)
1772 http cache escape-html@https://registry.npmjs.org/escape-html/-/escape-html-1.0.3.tgz 0ms (cache hit)
1773 http cache encodeurl@https://registry.npmjs.org/encodeurl/-/encodeurl-2.0.0.tgz 0ms (cache hit)
1774 http cache depd@https://registry.npmjs.org/depd/-/depd-2.0.0.tgz 0ms (cache hit)
1775 http cache debug@https://registry.npmjs.org/debug/-/debug-4.4.3.tgz 0ms (cache hit)
1776 http cache cookie-signature@https://registry.npmjs.org/cookie-signature/-/cookie-signature-1.2.2.tgz 0ms (cache hit)
1777 http cache content-disposition@https://registry.npmjs.org/content-disposition/-/content-disposition-1.1.0.tgz 0ms (cache hit)
1778 http cache cookie@https://registry.npmjs.org/cookie/-/cookie-0.7.2.tgz 0ms (cache hit)
1779 http cache body-parser@https://registry.npmjs.org/body-parser/-/body-parser-2.2.2.tgz 0ms (cache hit)
1780 http cache accepts@https://registry.npmjs.org/accepts/-/accepts-2.0.0.tgz 0ms (cache hit)
1781 http cache which@https://registry.npmjs.org/which/-/which-2.0.2.tgz 0ms (cache hit)
1782 http cache shebang-command@https://registry.npmjs.org/shebang-command/-/shebang-command-2.0.0.tgz 0ms (cache hit)
1783 http cache @algolia/requester-node-http@https://registry.npmjs.org/@algolia/requester-node-http/-/requester-node-http-5.48.1.tgz 0ms (cache hit)
1784 http cache @algolia/requester-fetch@https://registry.npmjs.org/@algolia/requester-fetch/-/requester-fetch-5.48.1.tgz 0ms (cache hit)
1785 http cache @algolia/requester-browser-xhr@https://registry.npmjs.org/@algolia/requester-browser-xhr/-/requester-browser-xhr-5.48.1.tgz 0ms (cache hit)
1786 http cache @algolia/recommend@https://registry.npmjs.org/@algolia/recommend/-/recommend-5.48.1.tgz 0ms (cache hit)
1787 http cache @algolia/monitoring@https://registry.npmjs.org/@algolia/monitoring/-/monitoring-1.48.1.tgz 0ms (cache hit)
1788 http cache @algolia/ingestion@https://registry.npmjs.org/@algolia/ingestion/-/ingestion-1.48.1.tgz 0ms (cache hit)
1789 http cache path-key@https://registry.npmjs.org/path-key/-/path-key-3.1.1.tgz 0ms (cache hit)
1790 http cache @algolia/client-search@https://registry.npmjs.org/@algolia/client-search/-/client-search-5.48.1.tgz 0ms (cache hit)
1791 http cache vary@https://registry.npmjs.org/vary/-/vary-1.1.2.tgz 0ms (cache hit)
1792 http cache object-assign@https://registry.npmjs.org/object-assign/-/object-assign-4.1.1.tgz 0ms (cache hit)
1793 http cache @algolia/client-personalization@https://registry.npmjs.org/@algolia/client-personalization/-/client-personalization-5.48.1.tgz 0ms (cache hit)
1794 http cache @algolia/client-common@https://registry.npmjs.org/@algolia/client-common/-/client-common-5.48.1.tgz 0ms (cache hit)
1795 http cache @algolia/client-query-suggestions@https://registry.npmjs.org/@algolia/client-query-suggestions/-/client-query-suggestions-5.48.1.tgz 0ms (cache hit)
1796 http cache @algolia/client-insights@https://registry.npmjs.org/@algolia/client-insights/-/client-insights-5.48.1.tgz 0ms (cache hit)
1797 http cache require-from-string@https://registry.npmjs.org/require-from-string/-/require-from-string-2.0.2.tgz 0ms (cache hit)
1798 http cache @algolia/client-analytics@https://registry.npmjs.org/@algolia/client-analytics/-/client-analytics-5.48.1.tgz 0ms (cache hit)
1799 http cache json-schema-traverse@https://registry.npmjs.org/json-schema-traverse/-/json-schema-traverse-1.0.0.tgz 0ms (cache hit)
1800 http cache @algolia/client-abtesting@https://registry.npmjs.org/@algolia/client-abtesting/-/client-abtesting-5.48.1.tgz 0ms (cache hit)
1801 http cache @algolia/abtesting@https://registry.npmjs.org/@algolia/abtesting/-/abtesting-1.14.1.tgz 0ms (cache hit)
1802 http cache fast-uri@https://registry.npmjs.org/fast-uri/-/fast-uri-3.1.2.tgz 0ms (cache hit)
1803 http cache zod-to-json-schema@https://registry.npmjs.org/zod-to-json-schema/-/zod-to-json-schema-3.25.2.tgz 0ms (cache hit)
1804 http cache raw-body@https://registry.npmjs.org/raw-body/-/raw-body-3.0.2.tgz 0ms (cache hit)
1805 http cache fast-deep-equal@https://registry.npmjs.org/fast-deep-equal/-/fast-deep-equal-3.1.3.tgz 0ms (cache hit)
1806 http cache pkce-challenge@https://registry.npmjs.org/pkce-challenge/-/pkce-challenge-5.0.1.tgz 0ms (cache hit)
1807 http cache express-rate-limit@https://registry.npmjs.org/express-rate-limit/-/express-rate-limit-8.5.2.tgz 0ms (cache hit)
1808 http cache jose@https://registry.npmjs.org/jose/-/jose-6.2.3.tgz 0ms (cache hit)
1809 http cache json-schema-typed@https://registry.npmjs.org/json-schema-typed/-/json-schema-typed-8.0.2.tgz 0ms (cache hit)
1810 http cache cross-spawn@https://registry.npmjs.org/cross-spawn/-/cross-spawn-7.0.6.tgz 0ms (cache hit)
1811 http cache eventsource-parser@https://registry.npmjs.org/eventsource-parser/-/eventsource-parser-3.0.8.tgz 0ms (cache hit)
1812 http cache express@https://registry.npmjs.org/express/-/express-5.2.1.tgz 0ms (cache hit)
1813 http cache eventsource@https://registry.npmjs.org/eventsource/-/eventsource-3.0.7.tgz 0ms (cache hit)
1814 http cache cors@https://registry.npmjs.org/cors/-/cors-2.8.6.tgz 0ms (cache hit)
1815 http cache @hono/node-server@https://registry.npmjs.org/@hono/node-server/-/node-server-1.19.14.tgz 0ms (cache hit)
1816 http cache content-type@https://registry.npmjs.org/content-type/-/content-type-1.0.5.tgz 0ms (cache hit)
1817 http cache hono@https://registry.npmjs.org/hono/-/hono-4.12.19.tgz 0ms (cache hit)
1818 http cache iconv-lite@https://registry.npmjs.org/iconv-lite/-/iconv-lite-0.7.2.tgz 0ms (cache hit)
1819 http cache chardet@https://registry.npmjs.org/chardet/-/chardet-2.1.1.tgz 0ms (cache hit)
1820 http cache @inquirer/external-editor@https://registry.npmjs.org/@inquirer/external-editor/-/external-editor-1.0.3.tgz 0ms (cache hit)
1821 http cache wrap-ansi@https://registry.npmjs.org/wrap-ansi/-/wrap-ansi-6.2.0.tgz 0ms (cache hit)
1822 http cache signal-exit@https://registry.npmjs.org/signal-exit/-/signal-exit-4.1.0.tgz 0ms (cache hit)
1823 http cache mute-stream@https://registry.npmjs.org/mute-stream/-/mute-stream-2.0.0.tgz 0ms (cache hit)
1824 http cache cli-width@https://registry.npmjs.org/cli-width/-/cli-width-4.1.0.tgz 0ms (cache hit)
1825 http cache @inquirer/type@https://registry.npmjs.org/@inquirer/type/-/type-3.0.10.tgz 0ms (cache hit)
1826 http cache @inquirer/figures@https://registry.npmjs.org/@inquirer/figures/-/figures-1.0.15.tgz 0ms (cache hit)
1827 http cache @inquirer/ansi@https://registry.npmjs.org/@inquirer/ansi/-/ansi-1.0.2.tgz 0ms (cache hit)
1828 http cache @inquirer/core@https://registry.npmjs.org/@inquirer/core/-/core-10.3.2.tgz 0ms (cache hit)
1829 http cache @inquirer/rawlist@https://registry.npmjs.org/@inquirer/rawlist/-/rawlist-4.1.11.tgz 0ms (cache hit)
1830 http cache @inquirer/password@https://registry.npmjs.org/@inquirer/password/-/password-4.0.23.tgz 0ms (cache hit)
1831 http cache @inquirer/search@https://registry.npmjs.org/@inquirer/search/-/search-3.2.2.tgz 0ms (cache hit)
1832 http cache @inquirer/number@https://registry.npmjs.org/@inquirer/number/-/number-3.0.23.tgz 0ms (cache hit)
1833 http cache @inquirer/select@https://registry.npmjs.org/@inquirer/select/-/select-4.4.2.tgz 0ms (cache hit)
1834 http cache @inquirer/input@https://registry.npmjs.org/@inquirer/input/-/input-4.3.1.tgz 0ms (cache hit)
1835 http cache @inquirer/expand@https://registry.npmjs.org/@inquirer/expand/-/expand-4.0.23.tgz 0ms (cache hit)
1836 http cache @inquirer/confirm@https://registry.npmjs.org/@inquirer/confirm/-/confirm-5.1.21.tgz 0ms (cache hit)
1837 http cache ora@https://registry.npmjs.org/ora/-/ora-9.3.0.tgz 0ms (cache hit)
1838 http cache @inquirer/editor@https://registry.npmjs.org/@inquirer/editor/-/editor-4.2.23.tgz 0ms (cache hit)
1839 http cache @inquirer/checkbox@https://registry.npmjs.org/@inquirer/checkbox/-/checkbox-4.3.2.tgz 0ms (cache hit)
1840 http cache magic-string@https://registry.npmjs.org/magic-string/-/magic-string-0.30.21.tgz 0ms (cache hit)
1841 http cache source-map@https://registry.npmjs.org/source-map/-/source-map-0.7.6.tgz 0ms (cache hit)
1842 http cache picomatch@https://registry.npmjs.org/picomatch/-/picomatch-4.0.4.tgz 0ms (cache hit)
1843 http cache ajv-formats@https://registry.npmjs.org/ajv-formats/-/ajv-formats-3.0.1.tgz 0ms (cache hit)
1844 http cache ajv@https://registry.npmjs.org/ajv/-/ajv-8.18.0.tgz 0ms (cache hit)
1845 http cache zod@https://registry.npmjs.org/zod/-/zod-4.3.6.tgz 0ms (cache hit)
1846 http cache yargs@https://registry.npmjs.org/yargs/-/yargs-18.0.0.tgz 0ms (cache hit)
1847 http cache rxjs@https://registry.npmjs.org/rxjs/-/rxjs-7.8.2.tgz 0ms (cache hit)
1848 http cache yoctocolors-cjs@https://registry.npmjs.org/yoctocolors-cjs/-/yoctocolors-cjs-2.1.3.tgz 0ms (cache hit)
1849 http cache semver@https://registry.npmjs.org/semver/-/semver-7.7.4.tgz 0ms (cache hit)
1850 http cache parse5-html-rewriting-stream@https://registry.npmjs.org/parse5-html-rewriting-stream/-/parse5-html-rewriting-stream-8.0.0.tgz 0ms (cache hit)
1851 http cache pacote@https://registry.npmjs.org/pacote/-/pacote-21.3.1.tgz 0ms (cache hit)
1852 http cache npm-package-arg@https://registry.npmjs.org/npm-package-arg/-/npm-package-arg-13.0.2.tgz 0ms (cache hit)
1853 http cache @yarnpkg/lockfile@https://registry.npmjs.org/@yarnpkg/lockfile/-/lockfile-1.1.0.tgz 0ms (cache hit)
1854 http cache jsonc-parser@https://registry.npmjs.org/jsonc-parser/-/jsonc-parser-3.3.1.tgz 0ms (cache hit)
1855 http cache @schematics/angular@https://registry.npmjs.org/@schematics/angular/-/angular-21.2.11.tgz 0ms (cache hit)
1856 http cache @modelcontextprotocol/sdk@https://registry.npmjs.org/@modelcontextprotocol/sdk/-/sdk-1.26.0.tgz 0ms (cache hit)
1857 http cache ini@https://registry.npmjs.org/ini/-/ini-6.0.0.tgz 0ms (cache hit)
1858 http cache @inquirer/prompts@https://registry.npmjs.org/@inquirer/prompts/-/prompts-7.10.1.tgz 0ms (cache hit)
1859 http cache algoliasearch@https://registry.npmjs.org/algoliasearch/-/algoliasearch-5.48.1.tgz 0ms (cache hit)
1860 http cache @angular/cli@https://registry.npmjs.org/@angular/cli/-/cli-21.2.11.tgz 0ms (cache hit)
1861 http cache listr2@https://registry.npmjs.org/listr2/-/listr2-9.0.5.tgz 0ms (cache hit)
1862 http cache @listr2/prompt-adapter-inquirer@https://registry.npmjs.org/@listr2/prompt-adapter-inquirer/-/prompt-adapter-inquirer-3.0.5.tgz 0ms (cache hit)
1863 http cache @angular-devkit/schematics@https://registry.npmjs.org/@angular-devkit/schematics/-/schematics-21.2.11.tgz 0ms (cache hit)
1864 http cache wrap-ansi@https://registry.npmjs.org/wrap-ansi/-/wrap-ansi-9.0.2.tgz 0ms (cache hit)
1865 http cache string-width@https://registry.npmjs.org/string-width/-/string-width-7.2.0.tgz 0ms (cache hit)
1866 http cache yallist@https://registry.npmjs.org/yallist/-/yallist-4.0.0.tgz 0ms (cache hit)
1867 http cache entities@https://registry.npmjs.org/entities/-/entities-8.0.0.tgz 0ms (cache hit)
1868 http cache minipass@https://registry.npmjs.org/minipass/-/minipass-3.3.6.tgz 0ms (cache hit)
1869 http cache isexe@https://registry.npmjs.org/isexe/-/isexe-4.0.0.tgz 0ms (cache hit)
1870 http cache yallist@https://registry.npmjs.org/yallist/-/yallist-4.0.0.tgz 0ms (cache hit)
1871 http cache minipass@https://registry.npmjs.org/minipass/-/minipass-3.3.6.tgz 0ms (cache hit)
1872 http cache isexe@https://registry.npmjs.org/isexe/-/isexe-4.0.0.tgz 0ms (cache hit)
1873 http cache which@https://registry.npmjs.org/which/-/which-6.0.1.tgz 0ms (cache hit)
1874 http cache which@https://registry.npmjs.org/which/-/which-6.0.1.tgz 0ms (cache hit)
1875 http cache which@https://registry.npmjs.org/which/-/which-6.0.1.tgz 0ms (cache hit)
1876 http cache isexe@https://registry.npmjs.org/isexe/-/isexe-4.0.0.tgz 0ms (cache hit)
1877 http cache string-width@https://registry.npmjs.org/string-width/-/string-width-7.2.0.tgz 0ms (cache hit)
1878 http cache @angular-devkit/core@https://registry.npmjs.org/@angular-devkit/core/-/core-21.2.11.tgz 0ms (cache hit)
1879 http cache ansi-regex@https://registry.npmjs.org/ansi-regex/-/ansi-regex-5.0.1.tgz 0ms (cache hit)
1880 http cache wrap-ansi@https://registry.npmjs.org/wrap-ansi/-/wrap-ansi-9.0.2.tgz 0ms (cache hit)
1881 http cache slice-ansi@https://registry.npmjs.org/slice-ansi/-/slice-ansi-7.1.2.tgz 0ms (cache hit)
1882 http cache @angular-devkit/architect@https://registry.npmjs.org/@angular-devkit/architect/-/architect-0.2102.11.tgz 0ms (cache hit)
1883 http cache emoji-regex@https://registry.npmjs.org/emoji-regex/-/emoji-regex-8.0.0.tgz 0ms (cache hit)
1884 http cache strip-ansi@https://registry.npmjs.org/strip-ansi/-/strip-ansi-6.0.1.tgz 0ms (cache hit)
1885 http cache content-type@https://registry.npmjs.org/content-type/-/content-type-2.0.0.tgz 0ms (cache hit)
1886 http cache string-width@https://registry.npmjs.org/string-width/-/string-width-7.2.0.tgz 0ms (cache hit)
1887 http cache is-fullwidth-code-point@https://registry.npmjs.org/is-fullwidth-code-point/-/is-fullwidth-code-point-3.0.0.tgz 0ms (cache hit)
1888 http cache ansi-styles@https://registry.npmjs.org/ansi-styles/-/ansi-styles-4.3.0.tgz 0ms (cache hit)
1889 silly tarball no local data for color-name@https://registry.npmjs.org/color-name/-/color-name-1.1.4.tgz. Extracting by manifest.
1890 silly tarball no local data for color-convert@https://registry.npmjs.org/color-convert/-/color-convert-2.0.1.tgz. Extracting by manifest.
1891 silly tarball no local data for emoji-regex@https://registry.npmjs.org/emoji-regex/-/emoji-regex-10.6.0.tgz. Extracting by manifest.
1892 silly tarball no local data for yargs-parser@https://registry.npmjs.org/yargs-parser/-/yargs-parser-22.0.0.tgz. Extracting by manifest.
1893 silly tarball no local data for y18n@https://registry.npmjs.org/y18n/-/y18n-5.0.8.tgz. Extracting by manifest.
1894 http cache string-width@https://registry.npmjs.org/string-width/-/string-width-4.2.3.tgz 0ms (cache hit)
1895 silly tarball no local data for get-caller-file@https://registry.npmjs.org/get-caller-file/-/get-caller-file-2.0.5.tgz. Extracting by manifest.
1896 silly tarball no local data for cliui@https://registry.npmjs.org/cliui/-/cliui-9.0.1.tgz. Extracting by manifest.
1897 silly tarball no local data for escalade@https://registry.npmjs.org/escalade/-/escalade-3.2.0.tgz. Extracting by manifest.
1898 silly tarball no local data for isexe@https://registry.npmjs.org/isexe/-/isexe-2.0.0.tgz. Extracting by manifest.
1899 silly tarball no local data for media-typer@https://registry.npmjs.org/media-typer/-/media-typer-1.1.0.tgz. Extracting by manifest.
1900 silly tarball no local data for @tufjs/models@https://registry.npmjs.org/@tufjs/models/-/models-4.1.0.tgz. Extracting by manifest.
1901 silly tarball no local data for @isaacs/fs-minipass@https://registry.npmjs.org/@isaacs/fs-minipass/-/fs-minipass-4.0.1.tgz. Extracting by manifest.
1902 silly tarball no local data for @tufjs/canonical-json@https://registry.npmjs.org/@tufjs/canonical-json/-/canonical-json-2.0.0.tgz. Extracting by manifest.
1903 silly tarball no local data for fdir@https://registry.npmjs.org/fdir/-/fdir-6.5.0.tgz. Extracting by manifest.
1904 silly tarball no local data for yallist@https://registry.npmjs.org/yallist/-/yallist-5.0.0.tgz. Extracting by manifest.
1905 silly tarball no local data for chownr@https://registry.npmjs.org/chownr/-/chownr-3.0.0.tgz. Extracting by manifest.
1906 silly tarball no local data for ansi-regex@https://registry.npmjs.org/ansi-regex/-/ansi-regex-6.2.2.tgz. Extracting by manifest.
1907 silly tarball no local data for spdx-exceptions@https://registry.npmjs.org/spdx-exceptions/-/spdx-exceptions-2.5.0.tgz. Extracting by manifest.
1908 silly tarball no local data for spdx-license-ids@https://registry.npmjs.org/spdx-license-ids/-/spdx-license-ids-3.0.23.tgz. Extracting by manifest.
1909 silly tarball no local data for socks@https://registry.npmjs.org/socks/-/socks-2.8.9.tgz. Extracting by manifest.
1910 silly tarball no local data for get-east-asian-width@https://registry.npmjs.org/get-east-asian-width/-/get-east-asian-width-1.6.0.tgz. Extracting by manifest.
1911 silly tarball no local data for is-fullwidth-code-point@https://registry.npmjs.org/is-fullwidth-code-point/-/is-fullwidth-code-point-5.1.0.tgz. Extracting by manifest.
1912 silly tarball no local data for ansi-styles@https://registry.npmjs.org/ansi-styles/-/ansi-styles-6.2.3.tgz. Extracting by manifest.
1913 silly tarball no local data for @sigstore/verify@https://registry.npmjs.org/@sigstore/verify/-/verify-3.1.0.tgz. Extracting by manifest.
1914 silly tarball no local data for @sigstore/tuf@https://registry.npmjs.org/@sigstore/tuf/-/tuf-4.0.2.tgz. Extracting by manifest.
1915 silly tarball no local data for smart-buffer@https://registry.npmjs.org/smart-buffer/-/smart-buffer-4.2.0.tgz. Extracting by manifest.
1916 silly tarball no local data for tuf-js@https://registry.npmjs.org/tuf-js/-/tuf-js-4.1.0.tgz. Extracting by manifest.
1917 silly tarball no local data for @sigstore/protobuf-specs@https://registry.npmjs.org/@sigstore/protobuf-specs/-/protobuf-specs-0.5.1.tgz. Extracting by manifest.
1918 silly tarball no local data for dunder-proto@https://registry.npmjs.org/dunder-proto/-/dunder-proto-1.0.1.tgz. Extracting by manifest.
1919 silly tarball no local data for math-intrinsics@https://registry.npmjs.org/math-intrinsics/-/math-intrinsics-1.1.0.tgz. Extracting by manifest.
1920 silly tarball no local data for hasown@https://registry.npmjs.org/hasown/-/hasown-2.0.3.tgz. Extracting by manifest.
1921 silly tarball no local data for @sigstore/core@https://registry.npmjs.org/@sigstore/core/-/core-3.2.0.tgz. Extracting by manifest.
1922 silly tarball no local data for has-symbols@https://registry.npmjs.org/has-symbols/-/has-symbols-1.1.0.tgz. Extracting by manifest.
1923 silly tarball no local data for gopd@https://registry.npmjs.org/gopd/-/gopd-1.2.0.tgz. Extracting by manifest.
1924 silly tarball no local data for get-proto@https://registry.npmjs.org/get-proto/-/get-proto-1.0.1.tgz. Extracting by manifest.
1925 silly tarball no local data for es-object-atoms@https://registry.npmjs.org/es-object-atoms/-/es-object-atoms-1.1.1.tgz. Extracting by manifest.
1926 silly tarball no local data for es-define-property@https://registry.npmjs.org/es-define-property/-/es-define-property-1.0.1.tgz. Extracting by manifest.
1927 silly tarball no local data for function-bind@https://registry.npmjs.org/function-bind/-/function-bind-1.1.2.tgz. Extracting by manifest.
1928 silly tarball no local data for call-bind-apply-helpers@https://registry.npmjs.org/call-bind-apply-helpers/-/call-bind-apply-helpers-1.0.2.tgz. Extracting by manifest.
1929 silly tarball no local data for get-intrinsic@https://registry.npmjs.org/get-intrinsic/-/get-intrinsic-1.3.0.tgz. Extracting by manifest.
1930 silly tarball no local data for call-bound@https://registry.npmjs.org/call-bound/-/call-bound-1.0.4.tgz. Extracting by manifest.
1931 silly tarball no local data for side-channel-weakmap@https://registry.npmjs.org/side-channel-weakmap/-/side-channel-weakmap-1.0.2.tgz. Extracting by manifest.
1932 silly tarball no local data for @sigstore/bundle@https://registry.npmjs.org/@sigstore/bundle/-/bundle-4.0.0.tgz. Extracting by manifest.
1933 silly tarball no local data for @sigstore/sign@https://registry.npmjs.org/@sigstore/sign/-/sign-4.1.1.tgz. Extracting by manifest.
1934 silly tarball no local data for side-channel-map@https://registry.npmjs.org/side-channel-map/-/side-channel-map-1.0.1.tgz. Extracting by manifest.
1935 silly tarball no local data for side-channel-list@https://registry.npmjs.org/side-channel-list/-/side-channel-list-1.0.1.tgz. Extracting by manifest.
1936 silly tarball no local data for object-inspect@https://registry.npmjs.org/object-inspect/-/object-inspect-1.13.4.tgz. Extracting by manifest.
1937 silly tarball no local data for es-errors@https://registry.npmjs.org/es-errors/-/es-errors-1.3.0.tgz. Extracting by manifest.
1938 silly tarball no local data for shebang-regex@https://registry.npmjs.org/shebang-regex/-/shebang-regex-3.0.0.tgz. Extracting by manifest.
1939 silly tarball no local data for tslib@https://registry.npmjs.org/tslib/-/tslib-2.8.1.tgz. Extracting by manifest.
1940 silly tarball no local data for path-to-regexp@https://registry.npmjs.org/path-to-regexp/-/path-to-regexp-8.4.2.tgz. Extracting by manifest.
1941 silly tarball no local data for onetime@https://registry.npmjs.org/onetime/-/onetime-7.0.0.tgz. Extracting by manifest.
1942 silly tarball no local data for is-promise@https://registry.npmjs.org/is-promise/-/is-promise-4.0.0.tgz. Extracting by manifest.
1943 silly tarball no local data for mimic-function@https://registry.npmjs.org/mimic-function/-/mimic-function-5.0.1.tgz. Extracting by manifest.
1944 silly tarball no local data for unpipe@https://registry.npmjs.org/unpipe/-/unpipe-1.0.0.tgz. Extracting by manifest.
1945 silly tarball no local data for side-channel@https://registry.npmjs.org/side-channel/-/side-channel-1.1.0.tgz. Extracting by manifest.
1946 silly tarball no local data for ipaddr.js@https://registry.npmjs.org/ipaddr.js/-/ipaddr.js-1.9.1.tgz. Extracting by manifest.
1947 silly tarball no local data for forwarded@https://registry.npmjs.org/forwarded/-/forwarded-0.2.0.tgz. Extracting by manifest.
1948 silly tarball no local data for retry@https://registry.npmjs.org/retry/-/retry-0.12.0.tgz. Extracting by manifest.
1949 silly tarball no local data for err-code@https://registry.npmjs.org/err-code/-/err-code-2.0.3.tgz. Extracting by manifest.
1950 silly tarball no local data for parse5-sax-parser@https://registry.npmjs.org/parse5-sax-parser/-/parse5-sax-parser-8.0.0.tgz. Extracting by manifest.
1951 silly tarball no local data for parse5@https://registry.npmjs.org/parse5/-/parse5-8.0.1.tgz. Extracting by manifest.
1952 silly tarball no local data for minipass-sized@https://registry.npmjs.org/minipass-sized/-/minipass-sized-2.0.0.tgz. Extracting by manifest.
1953 silly tarball no local data for entities@https://registry.npmjs.org/entities/-/entities-6.0.1.tgz. Extracting by manifest.
1954 silly tarball no local data for socks-proxy-agent@https://registry.npmjs.org/socks-proxy-agent/-/socks-proxy-agent-8.0.5.tgz. Extracting by manifest.
1955 silly tarball no local data for https-proxy-agent@https://registry.npmjs.org/https-proxy-agent/-/https-proxy-agent-7.0.6.tgz. Extracting by manifest.
1956 silly tarball no local data for http-proxy-agent@https://registry.npmjs.org/http-proxy-agent/-/http-proxy-agent-7.0.2.tgz. Extracting by manifest.
1957 silly tarball no local data for agent-base@https://registry.npmjs.org/agent-base/-/agent-base-7.1.4.tgz. Extracting by manifest.
1958 silly tarball no local data for http-cache-semantics@https://registry.npmjs.org/http-cache-semantics/-/http-cache-semantics-4.2.0.tgz. Extracting by manifest.
1959 silly tarball no local data for @npmcli/agent@https://registry.npmjs.org/@npmcli/agent/-/agent-4.0.0.tgz. Extracting by manifest.
1960 silly tarball no local data for minizlib@https://registry.npmjs.org/minizlib/-/minizlib-3.1.0.tgz. Extracting by manifest.
1961 silly tarball no local data for minipass-fetch@https://registry.npmjs.org/minipass-fetch/-/minipass-fetch-5.0.2.tgz. Extracting by manifest.
1962 silly tarball no local data for jsonparse@https://registry.npmjs.org/jsonparse/-/jsonparse-1.3.1.tgz. Extracting by manifest.
1963 silly tarball no local data for @npmcli/redact@https://registry.npmjs.org/@npmcli/redact/-/redact-4.0.0.tgz. Extracting by manifest.
1964 silly tarball no local data for npm-install-checks@https://registry.npmjs.org/npm-install-checks/-/npm-install-checks-8.0.0.tgz. Extracting by manifest.
1965 silly tarball no local data for make-fetch-happen@https://registry.npmjs.org/make-fetch-happen/-/make-fetch-happen-15.0.5.tgz. Extracting by manifest.
1966 silly tarball no local data for abbrev@https://registry.npmjs.org/abbrev/-/abbrev-4.0.0.tgz. Extracting by manifest.
1967 silly tarball no local data for ignore-walk@https://registry.npmjs.org/ignore-walk/-/ignore-walk-8.0.0.tgz. Extracting by manifest.
1968 silly tarball no local data for undici@https://registry.npmjs.org/undici/-/undici-6.25.0.tgz. Extracting by manifest.
1969 silly tarball no local data for tinyglobby@https://registry.npmjs.org/tinyglobby/-/tinyglobby-0.2.16.tgz. Extracting by manifest.
1970 silly tarball no local data for nopt@https://registry.npmjs.org/nopt/-/nopt-9.0.0.tgz. Extracting by manifest.
1971 silly tarball no local data for graceful-fs@https://registry.npmjs.org/graceful-fs/-/graceful-fs-4.2.11.tgz. Extracting by manifest.
1972 silly tarball no local data for exponential-backoff@https://registry.npmjs.org/exponential-backoff/-/exponential-backoff-3.1.3.tgz. Extracting by manifest.
1973 silly tarball no local data for env-paths@https://registry.npmjs.org/env-paths/-/env-paths-2.2.1.tgz. Extracting by manifest.
1974 silly tarball no local data for balanced-match@https://registry.npmjs.org/balanced-match/-/balanced-match-4.0.4.tgz. Extracting by manifest.
1975 silly tarball no local data for brace-expansion@https://registry.npmjs.org/brace-expansion/-/brace-expansion-5.0.6.tgz. Extracting by manifest.
1976 silly tarball no local data for path-scurry@https://registry.npmjs.org/path-scurry/-/path-scurry-2.0.2.tgz. Extracting by manifest.
1977 silly tarball no local data for minimatch@https://registry.npmjs.org/minimatch/-/minimatch-10.2.5.tgz. Extracting by manifest.
1978 silly tarball no local data for p-map@https://registry.npmjs.org/p-map/-/p-map-7.0.4.tgz. Extracting by manifest.
1979 silly tarball no local data for @npmcli/fs@https://registry.npmjs.org/@npmcli/fs/-/fs-5.0.0.tgz. Extracting by manifest.
1980 silly tarball no local data for minipass-pipeline@https://registry.npmjs.org/minipass-pipeline/-/minipass-pipeline-1.2.4.tgz. Extracting by manifest.
1981 silly tarball no local data for minipass-collect@https://registry.npmjs.org/minipass-collect/-/minipass-collect-2.0.1.tgz. Extracting by manifest.
1982 silly tarball no local data for minipass-flush@https://registry.npmjs.org/minipass-flush/-/minipass-flush-1.0.7.tgz. Extracting by manifest.
1983 silly tarball no local data for @npmcli/node-gyp@https://registry.npmjs.org/@npmcli/node-gyp/-/node-gyp-5.0.0.tgz. Extracting by manifest.
1984 silly tarball no local data for node-gyp@https://registry.npmjs.org/node-gyp/-/node-gyp-12.3.0.tgz. Extracting by manifest.
1985 silly tarball no local data for glob@https://registry.npmjs.org/glob/-/glob-13.0.6.tgz. Extracting by manifest.
1986 silly tarball no local data for spdx-expression-parse@https://registry.npmjs.org/spdx-expression-parse/-/spdx-expression-parse-4.0.0.tgz. Extracting by manifest.
1987 silly tarball no local data for json-parse-even-better-errors@https://registry.npmjs.org/json-parse-even-better-errors/-/json-parse-even-better-errors-5.0.0.tgz. Extracting by manifest.
1988 silly tarball no local data for npm-bundled@https://registry.npmjs.org/npm-bundled/-/npm-bundled-5.0.0.tgz. Extracting by manifest.
1989 silly tarball no local data for @gar/promise-retry@https://registry.npmjs.org/@gar/promise-retry/-/promise-retry-1.0.3.tgz. Extracting by manifest.
1990 silly tarball no local data for tar@https://registry.npmjs.org/tar/-/tar-7.5.15.tgz. Extracting by manifest.
1991 silly tarball no local data for npm-normalize-package-bin@https://registry.npmjs.org/npm-normalize-package-bin/-/npm-normalize-package-bin-5.0.0.tgz. Extracting by manifest.
1992 silly tarball no local data for ssri@https://registry.npmjs.org/ssri/-/ssri-13.0.1.tgz. Extracting by manifest.
1993 silly tarball no local data for sigstore@https://registry.npmjs.org/sigstore/-/sigstore-4.1.0.tgz. Extracting by manifest.
1994 silly tarball no local data for promise-retry@https://registry.npmjs.org/promise-retry/-/promise-retry-2.0.1.tgz. Extracting by manifest.
1995 silly tarball no local data for npm-registry-fetch@https://registry.npmjs.org/npm-registry-fetch/-/npm-registry-fetch-19.1.1.tgz. Extracting by manifest.
1996 silly tarball no local data for npm-pick-manifest@https://registry.npmjs.org/npm-pick-manifest/-/npm-pick-manifest-11.0.3.tgz. Extracting by manifest.
1997 silly tarball no local data for npm-packlist@https://registry.npmjs.org/npm-packlist/-/npm-packlist-10.0.4.tgz. Extracting by manifest.
1998 silly tarball no local data for minipass@https://registry.npmjs.org/minipass/-/minipass-7.1.3.tgz. Extracting by manifest.
1999 silly tarball no local data for cacache@https://registry.npmjs.org/cacache/-/cacache-20.0.4.tgz. Extracting by manifest.
2000 silly tarball no local data for fs-minipass@https://registry.npmjs.org/fs-minipass/-/fs-minipass-3.0.3.tgz. Extracting by manifest.
2001 silly tarball no local data for @npmcli/promise-spawn@https://registry.npmjs.org/@npmcli/promise-spawn/-/promise-spawn-9.0.1.tgz. Extracting by manifest.
2002 silly tarball no local data for @npmcli/run-script@https://registry.npmjs.org/@npmcli/run-script/-/run-script-10.0.4.tgz. Extracting by manifest.
2003 silly tarball no local data for @npmcli/package-json@https://registry.npmjs.org/@npmcli/package-json/-/package-json-7.0.5.tgz. Extracting by manifest.
2004 silly tarball no local data for yoctocolors@https://registry.npmjs.org/yoctocolors/-/yoctocolors-2.1.2.tgz. Extracting by manifest.
2005 silly tarball no local data for @npmcli/git@https://registry.npmjs.org/@npmcli/git/-/git-7.0.2.tgz. Extracting by manifest.
2006 silly tarball no local data for stdin-discarder@https://registry.npmjs.org/stdin-discarder/-/stdin-discarder-0.3.2.tgz. Extracting by manifest.
2007 silly tarball no local data for @npmcli/installed-package-contents@https://registry.npmjs.org/@npmcli/installed-package-contents/-/installed-package-contents-4.0.0.tgz. Extracting by manifest.
2008 silly tarball no local data for is-unicode-supported@https://registry.npmjs.org/is-unicode-supported/-/is-unicode-supported-2.1.0.tgz. Extracting by manifest.
2009 silly tarball no local data for is-interactive@https://registry.npmjs.org/is-interactive/-/is-interactive-2.0.0.tgz. Extracting by manifest.
2010 silly tarball no local data for log-symbols@https://registry.npmjs.org/log-symbols/-/log-symbols-7.0.1.tgz. Extracting by manifest.
2011 silly tarball no local data for cli-spinners@https://registry.npmjs.org/cli-spinners/-/cli-spinners-3.4.0.tgz. Extracting by manifest.
2012 silly tarball no local data for chalk@https://registry.npmjs.org/chalk/-/chalk-5.6.2.tgz. Extracting by manifest.
2013 silly tarball no local data for wrappy@https://registry.npmjs.org/wrappy/-/wrappy-1.0.2.tgz. Extracting by manifest.
2014 silly tarball no local data for ee-first@https://registry.npmjs.org/ee-first/-/ee-first-1.1.1.tgz. Extracting by manifest.
2015 silly tarball no local data for lru-cache@https://registry.npmjs.org/lru-cache/-/lru-cache-11.4.0.tgz. Extracting by manifest.
2016 silly tarball no local data for validate-npm-package-name@https://registry.npmjs.org/validate-npm-package-name/-/validate-npm-package-name-7.0.2.tgz. Extracting by manifest.
2017 silly tarball no local data for proc-log@https://registry.npmjs.org/proc-log/-/proc-log-6.1.0.tgz. Extracting by manifest.
2018 silly tarball no local data for hosted-git-info@https://registry.npmjs.org/hosted-git-info/-/hosted-git-info-9.0.3.tgz. Extracting by manifest.
2019 silly tarball no local data for mime-db@https://registry.npmjs.org/mime-db/-/mime-db-1.54.0.tgz. Extracting by manifest.
2020 silly tarball no local data for @jridgewell/sourcemap-codec@https://registry.npmjs.org/@jridgewell/sourcemap-codec/-/sourcemap-codec-1.5.5.tgz. Extracting by manifest.
2021 silly tarball no local data for restore-cursor@https://registry.npmjs.org/restore-cursor/-/restore-cursor-5.1.0.tgz. Extracting by manifest.
2022 silly tarball no local data for environment@https://registry.npmjs.org/environment/-/environment-1.1.0.tgz. Extracting by manifest.
2023 silly tarball no local data for strip-ansi@https://registry.npmjs.org/strip-ansi/-/strip-ansi-7.2.0.tgz. Extracting by manifest.
2024 silly tarball no local data for ansi-escapes@https://registry.npmjs.org/ansi-escapes/-/ansi-escapes-7.3.0.tgz. Extracting by manifest.
2025 silly tarball no local data for string-width@https://registry.npmjs.org/string-width/-/string-width-8.2.1.tgz. Extracting by manifest.
2026 silly tarball no local data for slice-ansi@https://registry.npmjs.org/slice-ansi/-/slice-ansi-8.0.0.tgz. Extracting by manifest.
2027 silly tarball no local data for log-update@https://registry.npmjs.org/log-update/-/log-update-6.1.0.tgz. Extracting by manifest.
2028 silly tarball no local data for rfdc@https://registry.npmjs.org/rfdc/-/rfdc-1.4.1.tgz. Extracting by manifest.
2029 silly tarball no local data for colorette@https://registry.npmjs.org/colorette/-/colorette-2.0.20.tgz. Extracting by manifest.
2030 silly tarball no local data for cli-truncate@https://registry.npmjs.org/cli-truncate/-/cli-truncate-5.2.0.tgz. Extracting by manifest.
2031 silly tarball no local data for safer-buffer@https://registry.npmjs.org/safer-buffer/-/safer-buffer-2.1.2.tgz. Extracting by manifest.
2032 silly tarball no local data for toidentifier@https://registry.npmjs.org/toidentifier/-/toidentifier-1.0.1.tgz. Extracting by manifest.
2033 silly tarball no local data for eventemitter3@https://registry.npmjs.org/eventemitter3/-/eventemitter3-5.0.4.tgz. Extracting by manifest.
2034 silly tarball no local data for setprototypeof@https://registry.npmjs.org/setprototypeof/-/setprototypeof-1.2.0.tgz. Extracting by manifest.
2035 silly tarball no local data for inherits@https://registry.npmjs.org/inherits/-/inherits-2.0.4.tgz. Extracting by manifest.
2036 silly tarball no local data for ip-address@https://registry.npmjs.org/ip-address/-/ip-address-10.2.0.tgz. Extracting by manifest.
2037 silly tarball no local data for ms@https://registry.npmjs.org/ms/-/ms-2.1.3.tgz. Extracting by manifest.
2038 silly tarball no local data for cli-cursor@https://registry.npmjs.org/cli-cursor/-/cli-cursor-5.0.0.tgz. Extracting by manifest.
2039 silly tarball no local data for bytes@https://registry.npmjs.org/bytes/-/bytes-3.1.2.tgz. Extracting by manifest.
2040 silly tarball no local data for statuses@https://registry.npmjs.org/statuses/-/statuses-2.0.2.tgz. Extracting by manifest.
2041 silly tarball no local data for negotiator@https://registry.npmjs.org/negotiator/-/negotiator-1.0.0.tgz. Extracting by manifest.
2042 silly tarball no local data for type-is@https://registry.npmjs.org/type-is/-/type-is-2.1.0.tgz. Extracting by manifest.
2043 silly tarball no local data for serve-static@https://registry.npmjs.org/serve-static/-/serve-static-2.2.1.tgz. Extracting by manifest.
2044 silly tarball no local data for send@https://registry.npmjs.org/send/-/send-1.2.1.tgz. Extracting by manifest.
2045 silly tarball no local data for range-parser@https://registry.npmjs.org/range-parser/-/range-parser-1.2.1.tgz. Extracting by manifest.
2046 silly tarball no local data for router@https://registry.npmjs.org/router/-/router-2.2.0.tgz. Extracting by manifest.
2047 silly tarball no local data for parseurl@https://registry.npmjs.org/parseurl/-/parseurl-1.3.3.tgz. Extracting by manifest.
2048 silly tarball no local data for once@https://registry.npmjs.org/once/-/once-1.4.0.tgz. Extracting by manifest.
2049 silly tarball no local data for qs@https://registry.npmjs.org/qs/-/qs-6.15.2.tgz. Extracting by manifest.
2050 silly tarball no local data for on-finished@https://registry.npmjs.org/on-finished/-/on-finished-2.4.1.tgz. Extracting by manifest.
2051 silly tarball no local data for mime-types@https://registry.npmjs.org/mime-types/-/mime-types-3.0.2.tgz. Extracting by manifest.
2052 silly tarball no local data for http-errors@https://registry.npmjs.org/http-errors/-/http-errors-2.0.1.tgz. Extracting by manifest.
2053 silly tarball no local data for merge-descriptors@https://registry.npmjs.org/merge-descriptors/-/merge-descriptors-2.0.0.tgz. Extracting by manifest.
2054 silly tarball no local data for fresh@https://registry.npmjs.org/fresh/-/fresh-2.0.0.tgz. Extracting by manifest.
2055 silly tarball no local data for proxy-addr@https://registry.npmjs.org/proxy-addr/-/proxy-addr-2.0.7.tgz. Extracting by manifest.
2056 silly tarball no local data for finalhandler@https://registry.npmjs.org/finalhandler/-/finalhandler-2.1.1.tgz. Extracting by manifest.
2057 silly tarball no local data for etag@https://registry.npmjs.org/etag/-/etag-1.8.1.tgz. Extracting by manifest.
2058 silly tarball no local data for escape-html@https://registry.npmjs.org/escape-html/-/escape-html-1.0.3.tgz. Extracting by manifest.
2059 silly tarball no local data for encodeurl@https://registry.npmjs.org/encodeurl/-/encodeurl-2.0.0.tgz. Extracting by manifest.
2060 silly tarball no local data for depd@https://registry.npmjs.org/depd/-/depd-2.0.0.tgz. Extracting by manifest.
2061 silly tarball no local data for debug@https://registry.npmjs.org/debug/-/debug-4.4.3.tgz. Extracting by manifest.
2062 silly tarball no local data for cookie-signature@https://registry.npmjs.org/cookie-signature/-/cookie-signature-1.2.2.tgz. Extracting by manifest.
2063 silly tarball no local data for content-disposition@https://registry.npmjs.org/content-disposition/-/content-disposition-1.1.0.tgz. Extracting by manifest.
2064 silly tarball no local data for cookie@https://registry.npmjs.org/cookie/-/cookie-0.7.2.tgz. Extracting by manifest.
2065 silly tarball no local data for body-parser@https://registry.npmjs.org/body-parser/-/body-parser-2.2.2.tgz. Extracting by manifest.
2066 silly tarball no local data for accepts@https://registry.npmjs.org/accepts/-/accepts-2.0.0.tgz. Extracting by manifest.
2067 silly tarball no local data for which@https://registry.npmjs.org/which/-/which-2.0.2.tgz. Extracting by manifest.
2068 silly tarball no local data for shebang-command@https://registry.npmjs.org/shebang-command/-/shebang-command-2.0.0.tgz. Extracting by manifest.
2069 silly tarball no local data for @algolia/requester-node-http@https://registry.npmjs.org/@algolia/requester-node-http/-/requester-node-http-5.48.1.tgz. Extracting by manifest.
2070 silly tarball no local data for @algolia/requester-fetch@https://registry.npmjs.org/@algolia/requester-fetch/-/requester-fetch-5.48.1.tgz. Extracting by manifest.
2071 silly tarball no local data for @algolia/requester-browser-xhr@https://registry.npmjs.org/@algolia/requester-browser-xhr/-/requester-browser-xhr-5.48.1.tgz. Extracting by manifest.
2072 silly tarball no local data for @algolia/recommend@https://registry.npmjs.org/@algolia/recommend/-/recommend-5.48.1.tgz. Extracting by manifest.
2073 silly tarball no local data for @algolia/monitoring@https://registry.npmjs.org/@algolia/monitoring/-/monitoring-1.48.1.tgz. Extracting by manifest.
2074 silly tarball no local data for @algolia/ingestion@https://registry.npmjs.org/@algolia/ingestion/-/ingestion-1.48.1.tgz. Extracting by manifest.
2075 silly tarball no local data for path-key@https://registry.npmjs.org/path-key/-/path-key-3.1.1.tgz. Extracting by manifest.
2076 silly tarball no local data for @algolia/client-search@https://registry.npmjs.org/@algolia/client-search/-/client-search-5.48.1.tgz. Extracting by manifest.
2077 silly tarball no local data for vary@https://registry.npmjs.org/vary/-/vary-1.1.2.tgz. Extracting by manifest.
2078 silly tarball no local data for object-assign@https://registry.npmjs.org/object-assign/-/object-assign-4.1.1.tgz. Extracting by manifest.
2079 silly tarball no local data for @algolia/client-personalization@https://registry.npmjs.org/@algolia/client-personalization/-/client-personalization-5.48.1.tgz. Extracting by manifest.
2080 silly tarball no local data for @algolia/client-common@https://registry.npmjs.org/@algolia/client-common/-/client-common-5.48.1.tgz. Extracting by manifest.
2081 silly tarball no local data for @algolia/client-query-suggestions@https://registry.npmjs.org/@algolia/client-query-suggestions/-/client-query-suggestions-5.48.1.tgz. Extracting by manifest.
2082 silly tarball no local data for @algolia/client-insights@https://registry.npmjs.org/@algolia/client-insights/-/client-insights-5.48.1.tgz. Extracting by manifest.
2083 silly tarball no local data for require-from-string@https://registry.npmjs.org/require-from-string/-/require-from-string-2.0.2.tgz. Extracting by manifest.
2084 silly tarball no local data for @algolia/client-analytics@https://registry.npmjs.org/@algolia/client-analytics/-/client-analytics-5.48.1.tgz. Extracting by manifest.
2085 silly tarball no local data for json-schema-traverse@https://registry.npmjs.org/json-schema-traverse/-/json-schema-traverse-1.0.0.tgz. Extracting by manifest.
2086 silly tarball no local data for @algolia/client-abtesting@https://registry.npmjs.org/@algolia/client-abtesting/-/client-abtesting-5.48.1.tgz. Extracting by manifest.
2087 silly tarball no local data for @algolia/abtesting@https://registry.npmjs.org/@algolia/abtesting/-/abtesting-1.14.1.tgz. Extracting by manifest.
2088 silly tarball no local data for fast-uri@https://registry.npmjs.org/fast-uri/-/fast-uri-3.1.2.tgz. Extracting by manifest.
2089 silly tarball no local data for zod-to-json-schema@https://registry.npmjs.org/zod-to-json-schema/-/zod-to-json-schema-3.25.2.tgz. Extracting by manifest.
2090 silly tarball no local data for raw-body@https://registry.npmjs.org/raw-body/-/raw-body-3.0.2.tgz. Extracting by manifest.
2091 silly tarball no local data for fast-deep-equal@https://registry.npmjs.org/fast-deep-equal/-/fast-deep-equal-3.1.3.tgz. Extracting by manifest.
2092 silly tarball no local data for pkce-challenge@https://registry.npmjs.org/pkce-challenge/-/pkce-challenge-5.0.1.tgz. Extracting by manifest.
2093 silly tarball no local data for express-rate-limit@https://registry.npmjs.org/express-rate-limit/-/express-rate-limit-8.5.2.tgz. Extracting by manifest.
2094 silly tarball no local data for jose@https://registry.npmjs.org/jose/-/jose-6.2.3.tgz. Extracting by manifest.
2095 silly tarball no local data for json-schema-typed@https://registry.npmjs.org/json-schema-typed/-/json-schema-typed-8.0.2.tgz. Extracting by manifest.
2096 silly tarball no local data for cross-spawn@https://registry.npmjs.org/cross-spawn/-/cross-spawn-7.0.6.tgz. Extracting by manifest.
2097 silly tarball no local data for eventsource-parser@https://registry.npmjs.org/eventsource-parser/-/eventsource-parser-3.0.8.tgz. Extracting by manifest.
2098 silly tarball no local data for express@https://registry.npmjs.org/express/-/express-5.2.1.tgz. Extracting by manifest.
2099 silly tarball no local data for eventsource@https://registry.npmjs.org/eventsource/-/eventsource-3.0.7.tgz. Extracting by manifest.
2100 silly tarball no local data for cors@https://registry.npmjs.org/cors/-/cors-2.8.6.tgz. Extracting by manifest.
2101 silly tarball no local data for @hono/node-server@https://registry.npmjs.org/@hono/node-server/-/node-server-1.19.14.tgz. Extracting by manifest.
2102 silly tarball no local data for content-type@https://registry.npmjs.org/content-type/-/content-type-1.0.5.tgz. Extracting by manifest.
2103 silly tarball no local data for hono@https://registry.npmjs.org/hono/-/hono-4.12.19.tgz. Extracting by manifest.
2104 silly tarball no local data for iconv-lite@https://registry.npmjs.org/iconv-lite/-/iconv-lite-0.7.2.tgz. Extracting by manifest.
2105 silly tarball no local data for chardet@https://registry.npmjs.org/chardet/-/chardet-2.1.1.tgz. Extracting by manifest.
2106 silly tarball no local data for @inquirer/external-editor@https://registry.npmjs.org/@inquirer/external-editor/-/external-editor-1.0.3.tgz. Extracting by manifest.
2107 silly tarball no local data for wrap-ansi@https://registry.npmjs.org/wrap-ansi/-/wrap-ansi-6.2.0.tgz. Extracting by manifest.
2108 silly tarball no local data for signal-exit@https://registry.npmjs.org/signal-exit/-/signal-exit-4.1.0.tgz. Extracting by manifest.
2109 silly tarball no local data for mute-stream@https://registry.npmjs.org/mute-stream/-/mute-stream-2.0.0.tgz. Extracting by manifest.
2110 silly tarball no local data for cli-width@https://registry.npmjs.org/cli-width/-/cli-width-4.1.0.tgz. Extracting by manifest.
2111 silly tarball no local data for @inquirer/type@https://registry.npmjs.org/@inquirer/type/-/type-3.0.10.tgz. Extracting by manifest.
2112 silly tarball no local data for @inquirer/figures@https://registry.npmjs.org/@inquirer/figures/-/figures-1.0.15.tgz. Extracting by manifest.
2113 silly tarball no local data for @inquirer/ansi@https://registry.npmjs.org/@inquirer/ansi/-/ansi-1.0.2.tgz. Extracting by manifest.
2114 silly tarball no local data for @inquirer/core@https://registry.npmjs.org/@inquirer/core/-/core-10.3.2.tgz. Extracting by manifest.
2115 silly tarball no local data for @inquirer/rawlist@https://registry.npmjs.org/@inquirer/rawlist/-/rawlist-4.1.11.tgz. Extracting by manifest.
2116 silly tarball no local data for @inquirer/password@https://registry.npmjs.org/@inquirer/password/-/password-4.0.23.tgz. Extracting by manifest.
2117 silly tarball no local data for @inquirer/search@https://registry.npmjs.org/@inquirer/search/-/search-3.2.2.tgz. Extracting by manifest.
2118 silly tarball no local data for @inquirer/number@https://registry.npmjs.org/@inquirer/number/-/number-3.0.23.tgz. Extracting by manifest.
2119 silly tarball no local data for @inquirer/select@https://registry.npmjs.org/@inquirer/select/-/select-4.4.2.tgz. Extracting by manifest.
2120 silly tarball no local data for @inquirer/input@https://registry.npmjs.org/@inquirer/input/-/input-4.3.1.tgz. Extracting by manifest.
2121 silly tarball no local data for @inquirer/expand@https://registry.npmjs.org/@inquirer/expand/-/expand-4.0.23.tgz. Extracting by manifest.
2122 silly tarball no local data for @inquirer/confirm@https://registry.npmjs.org/@inquirer/confirm/-/confirm-5.1.21.tgz. Extracting by manifest.
2123 silly tarball no local data for ora@https://registry.npmjs.org/ora/-/ora-9.3.0.tgz. Extracting by manifest.
2124 silly tarball no local data for @inquirer/editor@https://registry.npmjs.org/@inquirer/editor/-/editor-4.2.23.tgz. Extracting by manifest.
2125 silly tarball no local data for @inquirer/checkbox@https://registry.npmjs.org/@inquirer/checkbox/-/checkbox-4.3.2.tgz. Extracting by manifest.
2126 silly tarball no local data for magic-string@https://registry.npmjs.org/magic-string/-/magic-string-0.30.21.tgz. Extracting by manifest.
2127 silly tarball no local data for source-map@https://registry.npmjs.org/source-map/-/source-map-0.7.6.tgz. Extracting by manifest.
2128 silly tarball no local data for picomatch@https://registry.npmjs.org/picomatch/-/picomatch-4.0.4.tgz. Extracting by manifest.
2129 silly tarball no local data for ajv-formats@https://registry.npmjs.org/ajv-formats/-/ajv-formats-3.0.1.tgz. Extracting by manifest.
2130 silly tarball no local data for ajv@https://registry.npmjs.org/ajv/-/ajv-8.18.0.tgz. Extracting by manifest.
2131 silly tarball no local data for zod@https://registry.npmjs.org/zod/-/zod-4.3.6.tgz. Extracting by manifest.
2132 silly tarball no local data for yargs@https://registry.npmjs.org/yargs/-/yargs-18.0.0.tgz. Extracting by manifest.
2133 silly tarball no local data for rxjs@https://registry.npmjs.org/rxjs/-/rxjs-7.8.2.tgz. Extracting by manifest.
2134 silly tarball no local data for yoctocolors-cjs@https://registry.npmjs.org/yoctocolors-cjs/-/yoctocolors-cjs-2.1.3.tgz. Extracting by manifest.
2135 http cache string-width@https://registry.npmjs.org/string-width/-/string-width-7.2.0.tgz 0ms (cache hit)
2136 http cache wrap-ansi@https://registry.npmjs.org/wrap-ansi/-/wrap-ansi-9.0.2.tgz 0ms (cache hit)
2137 silly tarball no local data for semver@https://registry.npmjs.org/semver/-/semver-7.7.4.tgz. Extracting by manifest.
2138 silly tarball no local data for parse5-html-rewriting-stream@https://registry.npmjs.org/parse5-html-rewriting-stream/-/parse5-html-rewriting-stream-8.0.0.tgz. Extracting by manifest.
2139 silly tarball no local data for pacote@https://registry.npmjs.org/pacote/-/pacote-21.3.1.tgz. Extracting by manifest.
2140 silly tarball no local data for npm-package-arg@https://registry.npmjs.org/npm-package-arg/-/npm-package-arg-13.0.2.tgz. Extracting by manifest.
2141 silly tarball no local data for @yarnpkg/lockfile@https://registry.npmjs.org/@yarnpkg/lockfile/-/lockfile-1.1.0.tgz. Extracting by manifest.
2142 silly tarball no local data for jsonc-parser@https://registry.npmjs.org/jsonc-parser/-/jsonc-parser-3.3.1.tgz. Extracting by manifest.
2143 silly tarball no local data for @schematics/angular@https://registry.npmjs.org/@schematics/angular/-/angular-21.2.11.tgz. Extracting by manifest.
2144 silly tarball no local data for @modelcontextprotocol/sdk@https://registry.npmjs.org/@modelcontextprotocol/sdk/-/sdk-1.26.0.tgz. Extracting by manifest.
2145 silly tarball no local data for ini@https://registry.npmjs.org/ini/-/ini-6.0.0.tgz. Extracting by manifest.
2146 silly tarball no local data for @inquirer/prompts@https://registry.npmjs.org/@inquirer/prompts/-/prompts-7.10.1.tgz. Extracting by manifest.
2147 silly tarball no local data for algoliasearch@https://registry.npmjs.org/algoliasearch/-/algoliasearch-5.48.1.tgz. Extracting by manifest.
2148 silly tarball no local data for @angular/cli@https://registry.npmjs.org/@angular/cli/-/cli-21.2.11.tgz. Extracting by manifest.
2149 silly tarball no local data for listr2@https://registry.npmjs.org/listr2/-/listr2-9.0.5.tgz. Extracting by manifest.
2150 silly tarball no local data for @listr2/prompt-adapter-inquirer@https://registry.npmjs.org/@listr2/prompt-adapter-inquirer/-/prompt-adapter-inquirer-3.0.5.tgz. Extracting by manifest.
2151 silly tarball no local data for @angular-devkit/schematics@https://registry.npmjs.org/@angular-devkit/schematics/-/schematics-21.2.11.tgz. Extracting by manifest.
2152 silly tarball no local data for wrap-ansi@https://registry.npmjs.org/wrap-ansi/-/wrap-ansi-9.0.2.tgz. Extracting by manifest.
2153 silly tarball no local data for string-width@https://registry.npmjs.org/string-width/-/string-width-7.2.0.tgz. Extracting by manifest.
2154 silly tarball no local data for yallist@https://registry.npmjs.org/yallist/-/yallist-4.0.0.tgz. Extracting by manifest.
2155 silly tarball no local data for entities@https://registry.npmjs.org/entities/-/entities-8.0.0.tgz. Extracting by manifest.
2156 silly tarball no local data for minipass@https://registry.npmjs.org/minipass/-/minipass-3.3.6.tgz. Extracting by manifest.
2157 silly tarball no local data for isexe@https://registry.npmjs.org/isexe/-/isexe-4.0.0.tgz. Extracting by manifest.
2158 silly tarball no local data for yallist@https://registry.npmjs.org/yallist/-/yallist-4.0.0.tgz. Extracting by manifest.
2159 silly tarball no local data for minipass@https://registry.npmjs.org/minipass/-/minipass-3.3.6.tgz. Extracting by manifest.
2160 silly tarball no local data for isexe@https://registry.npmjs.org/isexe/-/isexe-4.0.0.tgz. Extracting by manifest.
2161 silly tarball no local data for which@https://registry.npmjs.org/which/-/which-6.0.1.tgz. Extracting by manifest.
2162 silly tarball no local data for which@https://registry.npmjs.org/which/-/which-6.0.1.tgz. Extracting by manifest.
2163 silly tarball no local data for which@https://registry.npmjs.org/which/-/which-6.0.1.tgz. Extracting by manifest.
2164 silly tarball no local data for isexe@https://registry.npmjs.org/isexe/-/isexe-4.0.0.tgz. Extracting by manifest.
2165 silly tarball no local data for string-width@https://registry.npmjs.org/string-width/-/string-width-7.2.0.tgz. Extracting by manifest.
2166 silly tarball no local data for @angular-devkit/core@https://registry.npmjs.org/@angular-devkit/core/-/core-21.2.11.tgz. Extracting by manifest.
2167 silly tarball no local data for ansi-regex@https://registry.npmjs.org/ansi-regex/-/ansi-regex-5.0.1.tgz. Extracting by manifest.
2168 silly tarball no local data for wrap-ansi@https://registry.npmjs.org/wrap-ansi/-/wrap-ansi-9.0.2.tgz. Extracting by manifest.
2169 silly tarball no local data for slice-ansi@https://registry.npmjs.org/slice-ansi/-/slice-ansi-7.1.2.tgz. Extracting by manifest.
2170 silly tarball no local data for @angular-devkit/architect@https://registry.npmjs.org/@angular-devkit/architect/-/architect-0.2102.11.tgz. Extracting by manifest.
2171 silly tarball no local data for emoji-regex@https://registry.npmjs.org/emoji-regex/-/emoji-regex-8.0.0.tgz. Extracting by manifest.
2172 silly tarball no local data for strip-ansi@https://registry.npmjs.org/strip-ansi/-/strip-ansi-6.0.1.tgz. Extracting by manifest.
2173 silly tarball no local data for content-type@https://registry.npmjs.org/content-type/-/content-type-2.0.0.tgz. Extracting by manifest.
2174 silly tarball no local data for string-width@https://registry.npmjs.org/string-width/-/string-width-7.2.0.tgz. Extracting by manifest.
2175 silly tarball no local data for is-fullwidth-code-point@https://registry.npmjs.org/is-fullwidth-code-point/-/is-fullwidth-code-point-3.0.0.tgz. Extracting by manifest.
2176 silly tarball no local data for ansi-styles@https://registry.npmjs.org/ansi-styles/-/ansi-styles-4.3.0.tgz. Extracting by manifest.
2177 silly tarball no local data for string-width@https://registry.npmjs.org/string-width/-/string-width-4.2.3.tgz. Extracting by manifest.
2178 silly tarball no local data for string-width@https://registry.npmjs.org/string-width/-/string-width-7.2.0.tgz. Extracting by manifest.
2179 silly tarball no local data for wrap-ansi@https://registry.npmjs.org/wrap-ansi/-/wrap-ansi-9.0.2.tgz. Extracting by manifest.
2180 http fetch POST 200 https://registry.npmjs.org/-/npm/v1/security/advisories/bulk 639ms
2181 silly audit report {}
2182 http fetch GET 200 https://registry.npmjs.org/color-name/-/color-name-1.1.4.tgz 294ms (cache miss)
2183 http fetch GET 200 https://registry.npmjs.org/escalade/-/escalade-3.2.0.tgz 292ms (cache miss)
2184 http fetch GET 200 https://registry.npmjs.org/media-typer/-/media-typer-1.1.0.tgz 294ms (cache miss)
2185 http fetch GET 200 https://registry.npmjs.org/y18n/-/y18n-5.0.8.tgz 298ms (cache miss)
2186 http fetch GET 200 https://registry.npmjs.org/isexe/-/isexe-2.0.0.tgz 299ms (cache miss)
2187 http fetch GET 200 https://registry.npmjs.org/get-caller-file/-/get-caller-file-2.0.5.tgz 304ms (cache miss)
2188 http fetch GET 200 https://registry.npmjs.org/cliui/-/cliui-9.0.1.tgz 318ms (cache miss)
2189 http fetch GET 200 https://registry.npmjs.org/yargs-parser/-/yargs-parser-22.0.0.tgz 336ms (cache miss)
2190 http fetch GET 200 https://registry.npmjs.org/ansi-regex/-/ansi-regex-6.2.2.tgz 365ms (cache miss)
2191 http fetch GET 200 https://registry.npmjs.org/spdx-license-ids/-/spdx-license-ids-3.0.23.tgz 365ms (cache miss)
2192 http fetch GET 200 https://registry.npmjs.org/chownr/-/chownr-3.0.0.tgz 367ms (cache miss)
2193 http fetch GET 200 https://registry.npmjs.org/get-east-asian-width/-/get-east-asian-width-1.6.0.tgz 366ms (cache miss)
2194 http fetch GET 200 https://registry.npmjs.org/spdx-exceptions/-/spdx-exceptions-2.5.0.tgz 371ms (cache miss)
2195 http fetch GET 200 https://registry.npmjs.org/is-fullwidth-code-point/-/is-fullwidth-code-point-5.1.0.tgz 370ms (cache miss)
2196 http fetch GET 200 https://registry.npmjs.org/emoji-regex/-/emoji-regex-10.6.0.tgz 390ms (cache miss)
2197 http fetch GET https://registry.npmjs.org/fdir/-/fdir-6.5.0.tgz attempt 1 failed with ECONNRESET
2198 http fetch GET 200 https://registry.npmjs.org/ansi-styles/-/ansi-styles-6.2.3.tgz 400ms (cache miss)
2199 http fetch GET 200 https://registry.npmjs.org/color-convert/-/color-convert-2.0.1.tgz 414ms (cache miss)
2200 http fetch GET 200 https://registry.npmjs.org/dunder-proto/-/dunder-proto-1.0.1.tgz 445ms (cache miss)
2201 http fetch GET 200 https://registry.npmjs.org/math-intrinsics/-/math-intrinsics-1.1.0.tgz 462ms (cache miss)
2202 http fetch GET 200 https://registry.npmjs.org/hasown/-/hasown-2.0.3.tgz 464ms (cache miss)
2203 http fetch GET 200 https://registry.npmjs.org/has-symbols/-/has-symbols-1.1.0.tgz 531ms (cache miss)
2204 http fetch GET 200 https://registry.npmjs.org/smart-buffer/-/smart-buffer-4.2.0.tgz 550ms (cache miss)
2205 http fetch GET 200 https://registry.npmjs.org/function-bind/-/function-bind-1.1.2.tgz 545ms (cache miss)
2206 http fetch GET 200 https://registry.npmjs.org/es-define-property/-/es-define-property-1.0.1.tgz 559ms (cache miss)
2207 http fetch GET 200 https://registry.npmjs.org/get-proto/-/get-proto-1.0.1.tgz 561ms (cache miss)
2208 http fetch GET 200 https://registry.npmjs.org/es-object-atoms/-/es-object-atoms-1.1.1.tgz 561ms (cache miss)
2209 http fetch GET 200 https://registry.npmjs.org/call-bind-apply-helpers/-/call-bind-apply-helpers-1.0.2.tgz 561ms (cache miss)
2210 http fetch GET 200 https://registry.npmjs.org/get-intrinsic/-/get-intrinsic-1.3.0.tgz 560ms (cache miss)
2211 http fetch GET 200 https://registry.npmjs.org/@sigstore/tuf/-/tuf-4.0.2.tgz 575ms (cache miss)
2212 http fetch GET 200 https://registry.npmjs.org/@tufjs/models/-/models-4.1.0.tgz 596ms (cache miss)
2213 http fetch GET 200 https://registry.npmjs.org/side-channel-weakmap/-/side-channel-weakmap-1.0.2.tgz 596ms (cache miss)
2214 http fetch GET 200 https://registry.npmjs.org/tuf-js/-/tuf-js-4.1.0.tgz 605ms (cache miss)
2215 http fetch GET 200 https://registry.npmjs.org/call-bound/-/call-bound-1.0.4.tgz 616ms (cache miss)
2216 http fetch GET 200 https://registry.npmjs.org/socks/-/socks-2.8.9.tgz 654ms (cache miss)
2217 http fetch GET 200 https://registry.npmjs.org/path-to-regexp/-/path-to-regexp-8.4.2.tgz 667ms (cache miss)
2218 http fetch GET 200 https://registry.npmjs.org/es-errors/-/es-errors-1.3.0.tgz 689ms (cache miss)
2219 http fetch GET 200 https://registry.npmjs.org/tslib/-/tslib-2.8.1.tgz 698ms (cache miss)
2220 http fetch GET 200 https://registry.npmjs.org/@isaacs/fs-minipass/-/fs-minipass-4.0.1.tgz 730ms (cache miss)
2221 http fetch GET 200 https://registry.npmjs.org/is-promise/-/is-promise-4.0.0.tgz 743ms (cache miss)
2222 http fetch GET 200 https://registry.npmjs.org/unpipe/-/unpipe-1.0.0.tgz 743ms (cache miss)
2223 http fetch GET 200 https://registry.npmjs.org/mimic-function/-/mimic-function-5.0.1.tgz 745ms (cache miss)
2224 http fetch GET 200 https://registry.npmjs.org/onetime/-/onetime-7.0.0.tgz 749ms (cache miss)
2225 http fetch GET 200 https://registry.npmjs.org/@sigstore/verify/-/verify-3.1.0.tgz 775ms (cache miss)
2226 http fetch GET 200 https://registry.npmjs.org/@sigstore/core/-/core-3.2.0.tgz 787ms (cache miss)
2227 http fetch GET 200 https://registry.npmjs.org/@sigstore/protobuf-specs/-/protobuf-specs-0.5.1.tgz 798ms (cache miss)
2228 http fetch GET 200 https://registry.npmjs.org/err-code/-/err-code-2.0.3.tgz 832ms (cache miss)
2229 http fetch GET 200 https://registry.npmjs.org/gopd/-/gopd-1.2.0.tgz 843ms (cache miss)
2230 http fetch GET 200 https://registry.npmjs.org/forwarded/-/forwarded-0.2.0.tgz 837ms (cache miss)
2231 http fetch GET 200 https://registry.npmjs.org/ipaddr.js/-/ipaddr.js-1.9.1.tgz 852ms (cache miss)
2232 http fetch GET 200 https://registry.npmjs.org/retry/-/retry-0.12.0.tgz 871ms (cache miss)
2233 http fetch GET 200 https://registry.npmjs.org/shebang-regex/-/shebang-regex-3.0.0.tgz 883ms (cache miss)
2234 http fetch GET 200 https://registry.npmjs.org/parse5-sax-parser/-/parse5-sax-parser-8.0.0.tgz 927ms (cache miss)
2235 http fetch GET 200 https://registry.npmjs.org/socks-proxy-agent/-/socks-proxy-agent-8.0.5.tgz 929ms (cache miss)
2236 http fetch GET 200 https://registry.npmjs.org/side-channel-list/-/side-channel-list-1.0.1.tgz 963ms (cache miss)
2237 http fetch GET 200 https://registry.npmjs.org/https-proxy-agent/-/https-proxy-agent-7.0.6.tgz 979ms (cache miss)
2238 http fetch GET 200 https://registry.npmjs.org/@tufjs/canonical-json/-/canonical-json-2.0.0.tgz 1022ms (cache miss)
2239 http fetch GET 200 https://registry.npmjs.org/object-inspect/-/object-inspect-1.13.4.tgz 1007ms (cache miss)
2240 http fetch GET 200 https://registry.npmjs.org/http-proxy-agent/-/http-proxy-agent-7.0.2.tgz 1016ms (cache miss)
2241 http fetch GET 200 https://registry.npmjs.org/agent-base/-/agent-base-7.1.4.tgz 1030ms (cache miss)
2242 http fetch GET 200 https://registry.npmjs.org/http-cache-semantics/-/http-cache-semantics-4.2.0.tgz 1037ms (cache miss)
2243 http fetch GET 200 https://registry.npmjs.org/minipass-sized/-/minipass-sized-2.0.0.tgz 1070ms (cache miss)
2244 http fetch GET 200 https://registry.npmjs.org/side-channel/-/side-channel-1.1.0.tgz 1102ms (cache miss)
2245 http fetch GET 200 https://registry.npmjs.org/npm-install-checks/-/npm-install-checks-8.0.0.tgz 1130ms (cache miss)
2246 http fetch GET 200 https://registry.npmjs.org/jsonparse/-/jsonparse-1.3.1.tgz 1143ms (cache miss)
2247 http fetch GET 200 https://registry.npmjs.org/minizlib/-/minizlib-3.1.0.tgz 1156ms (cache miss)
2248 http fetch GET 200 https://registry.npmjs.org/@npmcli/redact/-/redact-4.0.0.tgz 1161ms (cache miss)
2249 http fetch GET 200 https://registry.npmjs.org/ignore-walk/-/ignore-walk-8.0.0.tgz 1166ms (cache miss)
2250 http fetch GET 200 https://registry.npmjs.org/@npmcli/agent/-/agent-4.0.0.tgz 1172ms (cache miss)
2251 http fetch GET 200 https://registry.npmjs.org/minipass-fetch/-/minipass-fetch-5.0.2.tgz 1197ms (cache miss)
2252 http fetch GET 200 https://registry.npmjs.org/tinyglobby/-/tinyglobby-0.2.16.tgz 1208ms (cache miss)
2253 http fetch GET 200 https://registry.npmjs.org/nopt/-/nopt-9.0.0.tgz 1228ms (cache miss)
2254 http fetch GET 200 https://registry.npmjs.org/abbrev/-/abbrev-4.0.0.tgz 1243ms (cache miss)
2255 http fetch GET 200 https://registry.npmjs.org/make-fetch-happen/-/make-fetch-happen-15.0.5.tgz 1257ms (cache miss)
2256 http fetch GET 200 https://registry.npmjs.org/env-paths/-/env-paths-2.2.1.tgz 1254ms (cache miss)
2257 http fetch GET 200 https://registry.npmjs.org/brace-expansion/-/brace-expansion-5.0.6.tgz 1396ms (cache miss)
2258 http fetch GET 200 https://registry.npmjs.org/minipass-pipeline/-/minipass-pipeline-1.2.4.tgz 1395ms (cache miss)
2259 http fetch GET 200 https://registry.npmjs.org/balanced-match/-/balanced-match-4.0.4.tgz 1404ms (cache miss)
2260 http fetch GET 200 https://registry.npmjs.org/p-map/-/p-map-7.0.4.tgz 1403ms (cache miss)
2261 http fetch GET 200 https://registry.npmjs.org/@npmcli/fs/-/fs-5.0.0.tgz 1406ms (cache miss)
2262 http fetch GET 200 https://registry.npmjs.org/minipass-collect/-/minipass-collect-2.0.1.tgz 1407ms (cache miss)
2263 http fetch GET 200 https://registry.npmjs.org/spdx-expression-parse/-/spdx-expression-parse-4.0.0.tgz 1435ms (cache miss)
2264 http fetch GET 200 https://registry.npmjs.org/minipass-flush/-/minipass-flush-1.0.7.tgz 1441ms (cache miss)
2265 http fetch GET 200 https://registry.npmjs.org/graceful-fs/-/graceful-fs-4.2.11.tgz 1458ms (cache miss)
2266 http fetch GET 200 https://registry.npmjs.org/npm-bundled/-/npm-bundled-5.0.0.tgz 1473ms (cache miss)
2267 http fetch GET 200 https://registry.npmjs.org/json-parse-even-better-errors/-/json-parse-even-better-errors-5.0.0.tgz 1495ms (cache miss)
2268 http fetch GET 200 https://registry.npmjs.org/side-channel-map/-/side-channel-map-1.0.1.tgz 1555ms (cache miss)
2269 http fetch GET 200 https://registry.npmjs.org/@sigstore/bundle/-/bundle-4.0.0.tgz 1557ms (cache miss)
2270 http fetch GET 200 https://registry.npmjs.org/@npmcli/node-gyp/-/node-gyp-5.0.0.tgz 1602ms (cache miss)
2271 http fetch GET 200 https://registry.npmjs.org/yallist/-/yallist-5.0.0.tgz 1661ms (cache miss)
2272 http fetch GET 200 https://registry.npmjs.org/sigstore/-/sigstore-4.1.0.tgz 1615ms (cache miss)
2273 http fetch GET 200 https://registry.npmjs.org/npm-pick-manifest/-/npm-pick-manifest-11.0.3.tgz 1620ms (cache miss)
2274 http fetch GET 200 https://registry.npmjs.org/npm-packlist/-/npm-packlist-10.0.4.tgz 1621ms (cache miss)
2275 http fetch GET 200 https://registry.npmjs.org/npm-normalize-package-bin/-/npm-normalize-package-bin-5.0.0.tgz 1630ms (cache miss)
2276 http fetch GET 200 https://registry.npmjs.org/@gar/promise-retry/-/promise-retry-1.0.3.tgz 1635ms (cache miss)
2277 http fetch GET 200 https://registry.npmjs.org/promise-retry/-/promise-retry-2.0.1.tgz 1651ms (cache miss)
2278 http fetch GET 200 https://registry.npmjs.org/fs-minipass/-/fs-minipass-3.0.3.tgz 1667ms (cache miss)
2279 http fetch GET 200 https://registry.npmjs.org/@npmcli/promise-spawn/-/promise-spawn-9.0.1.tgz 1706ms (cache miss)
2280 http fetch GET 200 https://registry.npmjs.org/yoctocolors/-/yoctocolors-2.1.2.tgz 1707ms (cache miss)
2281 http fetch GET 200 https://registry.npmjs.org/stdin-discarder/-/stdin-discarder-0.3.2.tgz 1707ms (cache miss)
2282 http fetch GET 200 https://registry.npmjs.org/ssri/-/ssri-13.0.1.tgz 1725ms (cache miss)
2283 http fetch GET 200 https://registry.npmjs.org/@npmcli/package-json/-/package-json-7.0.5.tgz 1732ms (cache miss)
2284 http fetch GET 200 https://registry.npmjs.org/npm-registry-fetch/-/npm-registry-fetch-19.1.1.tgz 1752ms (cache miss)
2285 http fetch GET 200 https://registry.npmjs.org/path-scurry/-/path-scurry-2.0.2.tgz 1780ms (cache miss)
2286 http fetch GET 200 https://registry.npmjs.org/parse5/-/parse5-8.0.1.tgz 1813ms (cache miss)
2287 http fetch GET 200 https://registry.npmjs.org/@npmcli/run-script/-/run-script-10.0.4.tgz 1826ms (cache miss)
2288 http fetch GET 200 https://registry.npmjs.org/@npmcli/git/-/git-7.0.2.tgz 1861ms (cache miss)
2289 http fetch GET 200 https://registry.npmjs.org/log-symbols/-/log-symbols-7.0.1.tgz 1861ms (cache miss)
2290 http fetch GET 200 https://registry.npmjs.org/wrappy/-/wrappy-1.0.2.tgz 1866ms (cache miss)
2291 http fetch GET 200 https://registry.npmjs.org/chalk/-/chalk-5.6.2.tgz 1870ms (cache miss)
2292 http fetch GET 200 https://registry.npmjs.org/cacache/-/cacache-20.0.4.tgz 1880ms (cache miss)
2293 http fetch GET 200 https://registry.npmjs.org/is-interactive/-/is-interactive-2.0.0.tgz 1877ms (cache miss)
2294 http fetch GET 200 https://registry.npmjs.org/ee-first/-/ee-first-1.1.1.tgz 1877ms (cache miss)
2295 http fetch GET 200 https://registry.npmjs.org/cli-spinners/-/cli-spinners-3.4.0.tgz 1879ms (cache miss)
2296 http fetch GET 200 https://registry.npmjs.org/validate-npm-package-name/-/validate-npm-package-name-7.0.2.tgz 1889ms (cache miss)
2297 http fetch GET 200 https://registry.npmjs.org/@npmcli/installed-package-contents/-/installed-package-contents-4.0.0.tgz 1895ms (cache miss)
2298 http fetch GET 200 https://registry.npmjs.org/is-unicode-supported/-/is-unicode-supported-2.1.0.tgz 1898ms (cache miss)
2299 http fetch GET 200 https://registry.npmjs.org/proc-log/-/proc-log-6.1.0.tgz 1926ms (cache miss)
2300 http fetch GET 200 https://registry.npmjs.org/hosted-git-info/-/hosted-git-info-9.0.3.tgz 1965ms (cache miss)
2301 http fetch GET 200 https://registry.npmjs.org/environment/-/environment-1.1.0.tgz 1970ms (cache miss)
2302 http fetch GET 200 https://registry.npmjs.org/restore-cursor/-/restore-cursor-5.1.0.tgz 1974ms (cache miss)
2303 http fetch GET 200 https://registry.npmjs.org/strip-ansi/-/strip-ansi-7.2.0.tgz 1976ms (cache miss)
2304 http fetch GET 200 https://registry.npmjs.org/ansi-escapes/-/ansi-escapes-7.3.0.tgz 1978ms (cache miss)
2305 http fetch GET 200 https://registry.npmjs.org/mime-db/-/mime-db-1.54.0.tgz 1999ms (cache miss)
2306 http fetch GET 200 https://registry.npmjs.org/log-update/-/log-update-6.1.0.tgz 2003ms (cache miss)
2307 http fetch GET 200 https://registry.npmjs.org/slice-ansi/-/slice-ansi-8.0.0.tgz 2007ms (cache miss)
2308 http fetch GET 200 https://registry.npmjs.org/cli-truncate/-/cli-truncate-5.2.0.tgz 2037ms (cache miss)
2309 http fetch GET 200 https://registry.npmjs.org/rfdc/-/rfdc-1.4.1.tgz 2038ms (cache miss)
2310 http fetch GET 200 https://registry.npmjs.org/string-width/-/string-width-8.2.1.tgz 2047ms (cache miss)
2311 http fetch GET 200 https://registry.npmjs.org/safer-buffer/-/safer-buffer-2.1.2.tgz 2050ms (cache miss)
2312 http fetch GET 200 https://registry.npmjs.org/colorette/-/colorette-2.0.20.tgz 2063ms (cache miss)
2313 http fetch GET 200 https://registry.npmjs.org/inherits/-/inherits-2.0.4.tgz 2065ms (cache miss)
2314 http fetch GET 200 https://registry.npmjs.org/eventemitter3/-/eventemitter3-5.0.4.tgz 2069ms (cache miss)
2315 http fetch GET 200 https://registry.npmjs.org/toidentifier/-/toidentifier-1.0.1.tgz 2071ms (cache miss)
2316 http fetch GET 200 https://registry.npmjs.org/setprototypeof/-/setprototypeof-1.2.0.tgz 2071ms (cache miss)
2317 http fetch GET 200 https://registry.npmjs.org/ms/-/ms-2.1.3.tgz 2079ms (cache miss)
2318 http fetch GET 200 https://registry.npmjs.org/bytes/-/bytes-3.1.2.tgz 2109ms (cache miss)
2319 http fetch GET 200 https://registry.npmjs.org/statuses/-/statuses-2.0.2.tgz 2112ms (cache miss)
2320 http fetch GET 200 https://registry.npmjs.org/type-is/-/type-is-2.1.0.tgz 2132ms (cache miss)
2321 http fetch GET 200 https://registry.npmjs.org/negotiator/-/negotiator-1.0.0.tgz 2134ms (cache miss)
2322 http fetch GET 200 https://registry.npmjs.org/serve-static/-/serve-static-2.2.1.tgz 2166ms (cache miss)
2323 http fetch GET 200 https://registry.npmjs.org/range-parser/-/range-parser-1.2.1.tgz 2167ms (cache miss)
2324 http fetch GET 200 https://registry.npmjs.org/parseurl/-/parseurl-1.3.3.tgz 2178ms (cache miss)
2325 http fetch GET 200 https://registry.npmjs.org/cli-cursor/-/cli-cursor-5.0.0.tgz 2184ms (cache miss)
2326 http fetch GET 200 https://registry.npmjs.org/exponential-backoff/-/exponential-backoff-3.1.3.tgz 2227ms (cache miss)
2327 http fetch GET 200 https://registry.npmjs.org/send/-/send-1.2.1.tgz 2184ms (cache miss)
2328 http fetch GET 200 https://registry.npmjs.org/router/-/router-2.2.0.tgz 2190ms (cache miss)
2329 http fetch GET 200 https://registry.npmjs.org/once/-/once-1.4.0.tgz 2190ms (cache miss)
2330 http fetch GET 200 https://registry.npmjs.org/mime-types/-/mime-types-3.0.2.tgz 2220ms (cache miss)
2331 http fetch GET 200 https://registry.npmjs.org/http-errors/-/http-errors-2.0.1.tgz 2222ms (cache miss)
2332 http fetch GET 200 https://registry.npmjs.org/on-finished/-/on-finished-2.4.1.tgz 2226ms (cache miss)
2333 http fetch GET 200 https://registry.npmjs.org/merge-descriptors/-/merge-descriptors-2.0.0.tgz 2234ms (cache miss)
2334 http fetch GET 200 https://registry.npmjs.org/escape-html/-/escape-html-1.0.3.tgz 2241ms (cache miss)
2335 http fetch GET 200 https://registry.npmjs.org/proxy-addr/-/proxy-addr-2.0.7.tgz 2247ms (cache miss)
2336 http fetch GET 200 https://registry.npmjs.org/fresh/-/fresh-2.0.0.tgz 2262ms (cache miss)
2337 http fetch GET 200 https://registry.npmjs.org/etag/-/etag-1.8.1.tgz 2265ms (cache miss)
2338 http fetch GET 200 https://registry.npmjs.org/@jridgewell/sourcemap-codec/-/sourcemap-codec-1.5.5.tgz 2289ms (cache miss)
2339 http fetch GET 200 https://registry.npmjs.org/cookie-signature/-/cookie-signature-1.2.2.tgz 2283ms (cache miss)
2340 http fetch GET 200 https://registry.npmjs.org/encodeurl/-/encodeurl-2.0.0.tgz 2307ms (cache miss)
2341 http fetch GET 200 https://registry.npmjs.org/cookie/-/cookie-0.7.2.tgz 2307ms (cache miss)
2342 http fetch GET 200 https://registry.npmjs.org/content-disposition/-/content-disposition-1.1.0.tgz 2309ms (cache miss)
2343 http fetch GET 200 https://registry.npmjs.org/@algolia/requester-node-http/-/requester-node-http-5.48.1.tgz 2356ms (cache miss)
2344 http fetch GET 200 https://registry.npmjs.org/which/-/which-2.0.2.tgz 2360ms (cache miss)
2345 http fetch GET 200 https://registry.npmjs.org/@algolia/requester-browser-xhr/-/requester-browser-xhr-5.48.1.tgz 2388ms (cache miss)
2346 http fetch GET 200 https://registry.npmjs.org/finalhandler/-/finalhandler-2.1.1.tgz 2413ms (cache miss)
2347 http fetch GET 200 https://registry.npmjs.org/minimatch/-/minimatch-10.2.5.tgz 2464ms (cache miss)
2348 http fetch GET 200 https://registry.npmjs.org/qs/-/qs-6.15.2.tgz 2435ms (cache miss)
2349 http fetch GET 200 https://registry.npmjs.org/ip-address/-/ip-address-10.2.0.tgz 2445ms (cache miss)
2350 http fetch GET 200 https://registry.npmjs.org/@sigstore/sign/-/sign-4.1.1.tgz 2535ms (cache miss)
2351 http fetch GET 200 https://registry.npmjs.org/path-key/-/path-key-3.1.1.tgz 2471ms (cache miss)
2352 http fetch GET 200 https://registry.npmjs.org/vary/-/vary-1.1.2.tgz 2472ms (cache miss)
2353 http fetch GET 200 https://registry.npmjs.org/entities/-/entities-6.0.1.tgz 2625ms (cache miss)
2354 http fetch GET 200 https://registry.npmjs.org/object-assign/-/object-assign-4.1.1.tgz 2561ms (cache miss)
2355 http fetch GET 200 https://registry.npmjs.org/depd/-/depd-2.0.0.tgz 2574ms (cache miss)
2356 http fetch GET 200 https://registry.npmjs.org/debug/-/debug-4.4.3.tgz 2583ms (cache miss)
2357 http fetch GET 200 https://registry.npmjs.org/glob/-/glob-13.0.6.tgz 2648ms (cache miss)
2358 http fetch GET 200 https://registry.npmjs.org/shebang-command/-/shebang-command-2.0.0.tgz 2627ms (cache miss)
2359 http fetch GET 200 https://registry.npmjs.org/@algolia/monitoring/-/monitoring-1.48.1.tgz 2689ms (cache miss)
2360 http fetch GET 200 https://registry.npmjs.org/require-from-string/-/require-from-string-2.0.2.tgz 2723ms (cache miss)
2361 http fetch GET 200 https://registry.npmjs.org/json-schema-traverse/-/json-schema-traverse-1.0.0.tgz 2728ms (cache miss)
2362 http fetch GET 200 https://registry.npmjs.org/accepts/-/accepts-2.0.0.tgz 2745ms (cache miss)
2363 http fetch GET 200 https://registry.npmjs.org/@algolia/client-common/-/client-common-5.48.1.tgz 2757ms (cache miss)
2364 http fetch GET 200 https://registry.npmjs.org/pkce-challenge/-/pkce-challenge-5.0.1.tgz 2873ms (cache miss)
2365 http fetch GET 200 https://registry.npmjs.org/express-rate-limit/-/express-rate-limit-8.5.2.tgz 2946ms (cache miss)
2366 http fetch GET 200 https://registry.npmjs.org/@algolia/client-personalization/-/client-personalization-5.48.1.tgz 2960ms (cache miss)
2367 http fetch GET 200 https://registry.npmjs.org/@algolia/client-query-suggestions/-/client-query-suggestions-5.48.1.tgz 2961ms (cache miss)
2368 http fetch GET 200 https://registry.npmjs.org/cross-spawn/-/cross-spawn-7.0.6.tgz 2958ms (cache miss)
2369 http fetch GET 200 https://registry.npmjs.org/@algolia/ingestion/-/ingestion-1.48.1.tgz 2975ms (cache miss)
2370 http fetch GET 200 https://registry.npmjs.org/raw-body/-/raw-body-3.0.2.tgz 2999ms (cache miss)
2371 http fetch GET 200 https://registry.npmjs.org/cors/-/cors-2.8.6.tgz 3089ms (cache miss)
2372 http fetch GET 200 https://registry.npmjs.org/json-schema-typed/-/json-schema-typed-8.0.2.tgz 3116ms (cache miss)
2373 http fetch GET 200 https://registry.npmjs.org/content-type/-/content-type-1.0.5.tgz 3112ms (cache miss)
2374 http fetch GET 200 https://registry.npmjs.org/@algolia/client-search/-/client-search-5.48.1.tgz 3154ms (cache miss)
2375 http fetch GET 200 https://registry.npmjs.org/express/-/express-5.2.1.tgz 3147ms (cache miss)
2376 http fetch GET 200 https://registry.npmjs.org/@algolia/client-insights/-/client-insights-5.48.1.tgz 3171ms (cache miss)
2377 http fetch GET 200 https://registry.npmjs.org/wrap-ansi/-/wrap-ansi-6.2.0.tgz 3178ms (cache miss)
2378 http fetch GET 200 https://registry.npmjs.org/@inquirer/external-editor/-/external-editor-1.0.3.tgz 3184ms (cache miss)
2379 http fetch GET 200 https://registry.npmjs.org/mute-stream/-/mute-stream-2.0.0.tgz 3185ms (cache miss)
2380 http fetch GET 200 https://registry.npmjs.org/cli-width/-/cli-width-4.1.0.tgz 3192ms (cache miss)
2381 http fetch GET 200 https://registry.npmjs.org/@algolia/client-abtesting/-/client-abtesting-5.48.1.tgz 3239ms (cache miss)
2382 http fetch GET 200 https://registry.npmjs.org/minipass/-/minipass-7.1.3.tgz 3294ms (cache miss)
2383 http fetch GET 200 https://registry.npmjs.org/signal-exit/-/signal-exit-4.1.0.tgz 3235ms (cache miss)
2384 http fetch GET 200 https://registry.npmjs.org/eventsource/-/eventsource-3.0.7.tgz 3244ms (cache miss)
2385 http fetch GET 200 https://registry.npmjs.org/@algolia/abtesting/-/abtesting-1.14.1.tgz 3254ms (cache miss)
2386 http fetch GET 200 https://registry.npmjs.org/fast-uri/-/fast-uri-3.1.2.tgz 3283ms (cache miss)
2387 http fetch GET 200 https://registry.npmjs.org/node-gyp/-/node-gyp-12.3.0.tgz 3339ms (cache miss)
2388 http fetch GET 200 https://registry.npmjs.org/@inquirer/rawlist/-/rawlist-4.1.11.tgz 3287ms (cache miss)
2389 http fetch GET 200 https://registry.npmjs.org/@inquirer/ansi/-/ansi-1.0.2.tgz 3290ms (cache miss)
2390 http fetch GET 200 https://registry.npmjs.org/@algolia/client-analytics/-/client-analytics-5.48.1.tgz 3306ms (cache miss)
2391 http fetch GET 200 https://registry.npmjs.org/@inquirer/password/-/password-4.0.23.tgz 3297ms (cache miss)
2392 http fetch GET 200 https://registry.npmjs.org/@inquirer/number/-/number-3.0.23.tgz 3297ms (cache miss)
2393 http fetch GET 200 https://registry.npmjs.org/@inquirer/figures/-/figures-1.0.15.tgz 3302ms (cache miss)
2394 http fetch GET 200 https://registry.npmjs.org/@inquirer/search/-/search-3.2.2.tgz 3301ms (cache miss)
2395 http fetch GET 200 https://registry.npmjs.org/@inquirer/type/-/type-3.0.10.tgz 3311ms (cache miss)
2396 http fetch GET 200 https://registry.npmjs.org/fast-deep-equal/-/fast-deep-equal-3.1.3.tgz 3329ms (cache miss)
2397 http fetch GET 200 https://registry.npmjs.org/eventsource-parser/-/eventsource-parser-3.0.8.tgz 3341ms (cache miss)
2398 http fetch GET 200 https://registry.npmjs.org/body-parser/-/body-parser-2.2.2.tgz 3392ms (cache miss)
2399 http fetch GET 200 https://registry.npmjs.org/@algolia/recommend/-/recommend-5.48.1.tgz 3416ms (cache miss)
2400 http fetch GET 200 https://registry.npmjs.org/ora/-/ora-9.3.0.tgz 3453ms (cache miss)
2401 http fetch GET 200 https://registry.npmjs.org/@inquirer/editor/-/editor-4.2.23.tgz 3472ms (cache miss)
2402 http fetch GET 200 https://registry.npmjs.org/@inquirer/input/-/input-4.3.1.tgz 3474ms (cache miss)
2403 http fetch GET 200 https://registry.npmjs.org/@inquirer/expand/-/expand-4.0.23.tgz 3475ms (cache miss)
2404 http fetch GET 200 https://registry.npmjs.org/@inquirer/confirm/-/confirm-5.1.21.tgz 3488ms (cache miss)
2405 http fetch GET 200 https://registry.npmjs.org/lru-cache/-/lru-cache-11.4.0.tgz 3573ms (cache miss)
2406 http fetch GET 200 https://registry.npmjs.org/iconv-lite/-/iconv-lite-0.7.2.tgz 3550ms (cache miss)
2407 http fetch GET 200 https://registry.npmjs.org/yoctocolors-cjs/-/yoctocolors-cjs-2.1.3.tgz 3575ms (cache miss)
2408 http fetch GET 200 https://registry.npmjs.org/parse5-html-rewriting-stream/-/parse5-html-rewriting-stream-8.0.0.tgz 3580ms (cache miss)
2409 http fetch GET 200 https://registry.npmjs.org/@inquirer/checkbox/-/checkbox-4.3.2.tgz 3600ms (cache miss)
2410 http fetch GET 200 https://registry.npmjs.org/npm-package-arg/-/npm-package-arg-13.0.2.tgz 3596ms (cache miss)
2411 http fetch GET 200 https://registry.npmjs.org/@inquirer/select/-/select-4.4.2.tgz 3625ms (cache miss)
2412 http fetch GET 200 https://registry.npmjs.org/@algolia/requester-fetch/-/requester-fetch-5.48.1.tgz 3671ms (cache miss)
2413 http fetch GET 200 https://registry.npmjs.org/ini/-/ini-6.0.0.tgz 3637ms (cache miss)
2414 http fetch GET 200 https://registry.npmjs.org/@yarnpkg/lockfile/-/lockfile-1.1.0.tgz 3647ms (cache miss)
2415 http fetch GET 200 https://registry.npmjs.org/@inquirer/prompts/-/prompts-7.10.1.tgz 3652ms (cache miss)
2416 http fetch GET 200 https://registry.npmjs.org/picomatch/-/picomatch-4.0.4.tgz 3673ms (cache miss)
2417 http fetch GET 200 https://registry.npmjs.org/@listr2/prompt-adapter-inquirer/-/prompt-adapter-inquirer-3.0.5.tgz 3666ms (cache miss)
2418 http fetch GET 200 https://registry.npmjs.org/magic-string/-/magic-string-0.30.21.tgz 3687ms (cache miss)
2419 http fetch GET 200 https://registry.npmjs.org/ajv-formats/-/ajv-formats-3.0.1.tgz 3689ms (cache miss)
2420 http fetch GET 200 https://registry.npmjs.org/source-map/-/source-map-0.7.6.tgz 3717ms (cache miss)
2421 http fetch GET 200 https://registry.npmjs.org/listr2/-/listr2-9.0.5.tgz 3720ms (cache miss)
2422 http fetch GET 200 https://registry.npmjs.org/chardet/-/chardet-2.1.1.tgz 3784ms (cache miss)
2423 http fetch GET 200 https://registry.npmjs.org/pacote/-/pacote-21.3.1.tgz 3800ms (cache miss)
2424 http fetch GET 200 https://registry.npmjs.org/@hono/node-server/-/node-server-1.19.14.tgz 3894ms (cache miss)
2425 http fetch GET 200 https://registry.npmjs.org/jsonc-parser/-/jsonc-parser-3.3.1.tgz 3873ms (cache miss)
2426 http fetch GET 200 https://registry.npmjs.org/string-width/-/string-width-7.2.0.tgz 3927ms (cache miss)
2427 http fetch GET 200 https://registry.npmjs.org/undici/-/undici-6.25.0.tgz 4046ms (cache miss)
2428 http fetch GET 200 https://registry.npmjs.org/minipass/-/minipass-3.3.6.tgz 3945ms (cache miss)
2429 http fetch GET 200 https://registry.npmjs.org/yallist/-/yallist-4.0.0.tgz 3954ms (cache miss)
2430 http fetch GET 200 https://registry.npmjs.org/isexe/-/isexe-4.0.0.tgz 3991ms (cache miss)
2431 http fetch GET 200 https://registry.npmjs.org/yallist/-/yallist-4.0.0.tgz 3995ms (cache miss)
2432 http fetch GET 200 https://registry.npmjs.org/which/-/which-6.0.1.tgz 4011ms (cache miss)
2433 http fetch GET 200 https://registry.npmjs.org/which/-/which-6.0.1.tgz 4022ms (cache miss)
2434 http fetch GET 200 https://registry.npmjs.org/minipass/-/minipass-3.3.6.tgz 4028ms (cache miss)
2435 http fetch GET 200 https://registry.npmjs.org/which/-/which-6.0.1.tgz 4041ms (cache miss)
2436 http fetch GET 200 https://registry.npmjs.org/isexe/-/isexe-4.0.0.tgz 4045ms (cache miss)
2437 http fetch GET 200 https://registry.npmjs.org/semver/-/semver-7.7.4.tgz 4238ms (cache miss)
2438 http fetch GET 200 https://registry.npmjs.org/wrap-ansi/-/wrap-ansi-9.0.2.tgz 4327ms (cache miss)
2439 http fetch GET 200 https://registry.npmjs.org/wrap-ansi/-/wrap-ansi-9.0.2.tgz 4327ms (cache miss)
2440 http fetch GET 200 https://registry.npmjs.org/string-width/-/string-width-7.2.0.tgz 4354ms (cache miss)
2441 http fetch GET 200 https://registry.npmjs.org/ansi-regex/-/ansi-regex-5.0.1.tgz 4359ms (cache miss)
2442 http fetch GET 200 https://registry.npmjs.org/emoji-regex/-/emoji-regex-8.0.0.tgz 4362ms (cache miss)
2443 http fetch GET 200 https://registry.npmjs.org/slice-ansi/-/slice-ansi-7.1.2.tgz 4368ms (cache miss)
2444 http fetch GET 200 https://registry.npmjs.org/yargs/-/yargs-18.0.0.tgz 4398ms (cache miss)
2445 http fetch GET 200 https://registry.npmjs.org/strip-ansi/-/strip-ansi-6.0.1.tgz 4373ms (cache miss)
2446 http fetch GET 200 https://registry.npmjs.org/string-width/-/string-width-7.2.0.tgz 4415ms (cache miss)
2447 http fetch GET 200 https://registry.npmjs.org/algoliasearch/-/algoliasearch-5.48.1.tgz 4454ms (cache miss)
2448 http fetch GET 200 https://registry.npmjs.org/is-fullwidth-code-point/-/is-fullwidth-code-point-3.0.0.tgz 4443ms (cache miss)
2449 http fetch GET 200 https://registry.npmjs.org/ansi-styles/-/ansi-styles-4.3.0.tgz 4453ms (cache miss)
2450 http fetch GET 200 https://registry.npmjs.org/string-width/-/string-width-4.2.3.tgz 4455ms (cache miss)
2451 http fetch GET 200 https://registry.npmjs.org/string-width/-/string-width-7.2.0.tgz 4383ms (cache miss)
2452 http fetch GET 200 https://registry.npmjs.org/wrap-ansi/-/wrap-ansi-9.0.2.tgz 4389ms (cache miss)
2453 http fetch GET 200 https://registry.npmjs.org/isexe/-/isexe-4.0.0.tgz 4606ms (cache miss)
2454 http fetch GET 200 https://registry.npmjs.org/content-type/-/content-type-2.0.0.tgz 4645ms (cache miss)
2455 http fetch GET 200 https://registry.npmjs.org/jose/-/jose-6.2.3.tgz 4747ms (cache miss)
2456 http fetch GET 200 https://registry.npmjs.org/@inquirer/core/-/core-10.3.2.tgz 4753ms (cache miss)
2457 http fetch GET 200 https://registry.npmjs.org/entities/-/entities-8.0.0.tgz 4733ms (cache miss)
2458 http fetch GET 200 https://registry.npmjs.org/zod-to-json-schema/-/zod-to-json-schema-3.25.2.tgz 5010ms (cache miss)
2459 http fetch GET 200 https://registry.npmjs.org/tar/-/tar-7.5.15.tgz 5179ms (cache miss)
2460 http fetch GET 200 https://registry.npmjs.org/@angular-devkit/architect/-/architect-0.2102.11.tgz 5174ms (cache miss)
2461 http fetch GET 200 https://registry.npmjs.org/@angular-devkit/schematics/-/schematics-21.2.11.tgz 5368ms (cache miss)
2462 http fetch GET 200 https://registry.npmjs.org/@angular-devkit/core/-/core-21.2.11.tgz 5564ms (cache miss)
2463 http fetch GET 200 https://registry.npmjs.org/@angular/cli/-/cli-21.2.11.tgz 6662ms (cache miss)
2464 http fetch GET 200 https://registry.npmjs.org/@schematics/angular/-/angular-21.2.11.tgz 6669ms (cache miss)
2465 http fetch GET 200 https://registry.npmjs.org/ajv/-/ajv-8.18.0.tgz 6931ms (cache miss)
2466 http fetch GET 200 https://registry.npmjs.org/hono/-/hono-4.12.19.tgz 7679ms (cache miss)
2467 http fetch GET 200 https://registry.npmjs.org/@modelcontextprotocol/sdk/-/sdk-1.26.0.tgz 8389ms (cache miss)
2468 http fetch GET 200 https://registry.npmjs.org/zod/-/zod-4.3.6.tgz 9260ms (cache miss)
2469 http fetch GET 200 https://registry.npmjs.org/fdir/-/fdir-6.5.0.tgz 10490ms attempt #2 (cache miss)
2470 http fetch GET 200 https://registry.npmjs.org/rxjs/-/rxjs-7.8.2.tgz 13661ms (cache miss)
2471 verbose cwd C:\FugarovProjects\fitness-club\fitnessClub-site
2472 verbose os Windows_NT 10.0.26200
2473 verbose node v22.19.0
2474 verbose npm  v11.8.0
2475 verbose exit 0
2476 info ok
