0 verbose cli C:\Program Files\nodejs\node.exe C:\Users\Admin\AppData\Roaming\npm\node_modules\npm\bin\npm-cli.js
1 info using npm@11.8.0
2 info using node@v22.19.0
3 silly config load:file:C:\Users\Admin\AppData\Roaming\npm\node_modules\npm\npmrc
4 silly config load:file:C:\FugarovProjects\fitness-club\fitnessClub-site\.npmrc
5 silly config load:file:C:\Users\Admin\.npmrc
6 silly config load:file:C:\Users\Admin\AppData\Roaming\npm\etc\npmrc
7 verbose title npm install
8 verbose argv "install"
9 verbose logfile logs-max:10 dir:C:\FugarovProjects\fitness-club\fitnessClub-site\.npm-cache\_logs\2026-05-19T10_23_40_043Z-
10 verbose logfile C:\FugarovProjects\fitness-club\fitnessClub-site\.npm-cache\_logs\2026-05-19T10_23_40_043Z-debug-0.log
11 silly logfile done cleaning log files
12 silly packumentCache heap:4345298944 maxSize:1086324736 maxEntrySize:543162368
13 silly idealTree buildDeps
14 silly fetch manifest @angular/common@^21.2.0
15 silly packumentCache full:https://registry.npmjs.org/@angular%2fcommon cache-miss
16 http fetch GET 200 https://registry.npmjs.org/@angular%2fcommon 10247ms (cache revalidated)
17 silly packumentCache full:https://registry.npmjs.org/@angular%2fcommon set size:3103587 disposed:false
18 silly fetch manifest @angular/core@^21.2.0
19 silly packumentCache full:https://registry.npmjs.org/@angular%2fcore cache-miss
20 http fetch GET 200 https://registry.npmjs.org/@angular%2fcore 2483ms (cache revalidated)
21 silly packumentCache full:https://registry.npmjs.org/@angular%2fcore set size:2987727 disposed:false
22 silly fetch manifest @angular/compiler@^21.2.0
23 silly packumentCache full:https://registry.npmjs.org/@angular%2fcompiler cache-miss
24 http fetch GET 200 https://registry.npmjs.org/@angular%2fcompiler 2154ms (cache revalidated)
25 silly packumentCache full:https://registry.npmjs.org/@angular%2fcompiler set size:2702544 disposed:false
26 silly fetch manifest rxjs@~7.8.0
27 silly packumentCache full:https://registry.npmjs.org/rxjs cache-miss
28 http fetch GET 200 https://registry.npmjs.org/rxjs 3095ms (cache revalidated)
29 silly packumentCache full:https://registry.npmjs.org/rxjs set size:980097 disposed:false
30 silly fetch manifest zone.js@~0.15.0 || ~0.16.0
31 silly packumentCache full:https://registry.npmjs.org/zone.js cache-miss
32 http fetch GET 200 https://registry.npmjs.org/zone.js 1675ms (cache revalidated)
33 silly packumentCache full:https://registry.npmjs.org/zone.js set size:378576 disposed:false
34 silly fetch manifest @angular/forms@^21.2.0
35 silly packumentCache full:https://registry.npmjs.org/@angular%2fforms cache-miss
36 http fetch GET 200 https://registry.npmjs.org/@angular%2fforms 1888ms (cache revalidated)
37 silly packumentCache full:https://registry.npmjs.org/@angular%2fforms set size:2751764 disposed:false
38 silly fetch manifest @angular/platform-browser@^21.2.0
39 silly packumentCache full:https://registry.npmjs.org/@angular%2fplatform-browser cache-miss
40 http fetch GET 200 https://registry.npmjs.org/@angular%2fplatform-browser 1621ms (cache revalidated)
41 silly packumentCache full:https://registry.npmjs.org/@angular%2fplatform-browser set size:3097726 disposed:false
42 silly fetch manifest @angular/animations@21.2.13
43 silly packumentCache full:https://registry.npmjs.org/@angular%2fanimations cache-miss
44 http fetch GET 200 https://registry.npmjs.org/@angular%2fanimations 1904ms (cache revalidated)
45 silly packumentCache full:https://registry.npmjs.org/@angular%2fanimations set size:2808327 disposed:false
46 silly fetch manifest @angular/router@^21.2.0
47 silly packumentCache full:https://registry.npmjs.org/@angular%2frouter cache-miss
48 http fetch GET 200 https://registry.npmjs.org/@angular%2frouter 1820ms (cache revalidated)
49 silly packumentCache full:https://registry.npmjs.org/@angular%2frouter set size:2990479 disposed:false
50 silly fetch manifest tslib@^2.3.0
51 silly packumentCache full:https://registry.npmjs.org/tslib cache-miss
52 http fetch GET 200 https://registry.npmjs.org/tslib 1706ms (cache revalidated)
53 silly packumentCache full:https://registry.npmjs.org/tslib set size:108760 disposed:false
54 silly fetch manifest @angular/build@^21.2.11
55 silly packumentCache full:https://registry.npmjs.org/@angular%2fbuild cache-miss
56 http fetch GET 200 https://registry.npmjs.org/@angular%2fbuild 1370ms (cache revalidated)
57 silly packumentCache full:https://registry.npmjs.org/@angular%2fbuild set size:866872 disposed:false
58 silly fetch manifest @angular/compiler-cli@^21.2.0
59 silly packumentCache full:https://registry.npmjs.org/@angular%2fcompiler-cli cache-miss
60 http fetch GET 200 https://registry.npmjs.org/@angular%2fcompiler-cli 1783ms (cache revalidated)
61 silly packumentCache full:https://registry.npmjs.org/@angular%2fcompiler-cli set size:3271295 disposed:false
62 silly fetch manifest typescript@~5.9.2
63 silly packumentCache full:https://registry.npmjs.org/typescript cache-miss
64 http fetch GET 200 https://registry.npmjs.org/typescript 1928ms (cache revalidated)
65 silly packumentCache full:https://registry.npmjs.org/typescript set size:15409943 disposed:false
66 silly fetch manifest @angular/localize@^21.0.0
67 silly packumentCache full:https://registry.npmjs.org/@angular%2flocalize cache-miss
68 http fetch GET 200 https://registry.npmjs.org/@angular%2flocalize 2041ms (cache revalidated)
69 silly packumentCache full:https://registry.npmjs.org/@angular%2flocalize set size:2386171 disposed:false
70 silly fetch manifest @angular/platform-server@^21.0.0
71 silly packumentCache full:https://registry.npmjs.org/@angular%2fplatform-server cache-miss
72 http fetch GET 200 https://registry.npmjs.org/@angular%2fplatform-server 1037ms (cache revalidated)
73 silly packumentCache full:https://registry.npmjs.org/@angular%2fplatform-server set size:3156353 disposed:false
74 silly fetch manifest @angular/service-worker@^21.0.0
75 silly packumentCache full:https://registry.npmjs.org/@angular%2fservice-worker cache-miss
76 http fetch GET 200 https://registry.npmjs.org/@angular%2fservice-worker 1062ms (cache revalidated)
77 silly packumentCache full:https://registry.npmjs.org/@angular%2fservice-worker set size:2910081 disposed:false
78 silly fetch manifest @angular/ssr@^21.2.11
79 silly packumentCache full:https://registry.npmjs.org/@angular%2fssr cache-miss
80 http fetch GET 200 https://registry.npmjs.org/@angular%2fssr 1825ms (cache revalidated)
81 silly packumentCache full:https://registry.npmjs.org/@angular%2fssr set size:699215 disposed:false
82 silly fetch manifest karma@^6.4.0
83 silly packumentCache full:https://registry.npmjs.org/karma cache-miss
84 http fetch GET 200 https://registry.npmjs.org/karma 998ms (cache revalidated)
85 silly packumentCache full:https://registry.npmjs.org/karma set size:3361521 disposed:false
86 silly fetch manifest less@^4.2.0
87 silly packumentCache full:https://registry.npmjs.org/less cache-miss
88 http fetch GET 200 https://registry.npmjs.org/less 923ms (cache revalidated)
89 silly packumentCache full:https://registry.npmjs.org/less set size:461684 disposed:false
90 silly fetch manifest ng-packagr@^21.0.0
91 silly packumentCache full:https://registry.npmjs.org/ng-packagr cache-miss
92 http fetch GET 200 https://registry.npmjs.org/ng-packagr 861ms (cache revalidated)
93 silly packumentCache full:https://registry.npmjs.org/ng-packagr set size:1102260 disposed:false
94 silly fetch manifest tailwindcss@^2.0.0 || ^3.0.0 || ^4.0.0
95 silly packumentCache full:https://registry.npmjs.org/tailwindcss cache-miss
96 http fetch GET 200 https://registry.npmjs.org/tailwindcss 920ms (cache revalidated)
97 silly packumentCache full:https://registry.npmjs.org/tailwindcss set size:10521111 disposed:false
98 silly fetch manifest postcss@^8.4.0
99 silly packumentCache full:https://registry.npmjs.org/postcss cache-miss
100 http fetch GET 200 https://registry.npmjs.org/postcss 3113ms (cache updated)
101 silly packumentCache full:https://registry.npmjs.org/postcss set size:undefined disposed:false
102 silly fetch manifest vitest@^4.0.8
103 silly packumentCache full:https://registry.npmjs.org/vitest cache-miss
104 http fetch GET 200 https://registry.npmjs.org/vitest 119ms (cache revalidated)
105 silly packumentCache full:https://registry.npmjs.org/vitest set size:2162170 disposed:false
106 silly fetch manifest @edge-runtime/vm@*
107 silly packumentCache full:https://registry.npmjs.org/@edge-runtime%2fvm cache-miss
108 http fetch GET 200 https://registry.npmjs.org/@edge-runtime%2fvm 162ms (cache revalidated)
109 silly packumentCache full:https://registry.npmjs.org/@edge-runtime%2fvm set size:269934 disposed:false
110 silly fetch manifest @opentelemetry/api@^1.9.0
111 silly packumentCache full:https://registry.npmjs.org/@opentelemetry%2fapi cache-miss
112 http fetch GET 200 https://registry.npmjs.org/@opentelemetry%2fapi 148ms (cache revalidated)
113 silly packumentCache full:https://registry.npmjs.org/@opentelemetry%2fapi set size:272967 disposed:false
114 silly fetch manifest @types/node@^20.0.0 || ^22.0.0 || >=24.0.0
115 silly packumentCache full:https://registry.npmjs.org/@types%2fnode cache-miss
116 http fetch GET 200 https://registry.npmjs.org/@types%2fnode 216ms (cache revalidated)
117 silly packumentCache full:https://registry.npmjs.org/@types%2fnode set size:11012080 disposed:false
118 silly fetch manifest @vitest/browser-playwright@4.1.6
119 silly packumentCache full:https://registry.npmjs.org/@vitest%2fbrowser-playwright cache-miss
120 http fetch GET 200 https://registry.npmjs.org/@vitest%2fbrowser-playwright 223ms (cache revalidated)
121 silly packumentCache full:https://registry.npmjs.org/@vitest%2fbrowser-playwright set size:116504 disposed:false
122 silly fetch manifest playwright@*
123 silly packumentCache full:https://registry.npmjs.org/playwright cache-miss
124 http fetch GET 200 https://registry.npmjs.org/playwright 203ms (cache revalidated)
125 silly packumentCache full:https://registry.npmjs.org/playwright set size:16270024 disposed:false
126 silly fetch manifest @vitest/browser-preview@4.1.6
127 silly packumentCache full:https://registry.npmjs.org/@vitest%2fbrowser-preview cache-miss
128 http fetch GET 200 https://registry.npmjs.org/@vitest%2fbrowser-preview 141ms (cache revalidated)
129 silly packumentCache full:https://registry.npmjs.org/@vitest%2fbrowser-preview set size:111716 disposed:false
130 silly fetch manifest @vitest/browser-webdriverio@4.1.6
131 silly packumentCache full:https://registry.npmjs.org/@vitest%2fbrowser-webdriverio cache-miss
132 http fetch GET 200 https://registry.npmjs.org/@vitest%2fbrowser-webdriverio 143ms (cache revalidated)
133 silly packumentCache full:https://registry.npmjs.org/@vitest%2fbrowser-webdriverio set size:116195 disposed:false
134 silly fetch manifest webdriverio@*
135 silly packumentCache full:https://registry.npmjs.org/webdriverio cache-miss
136 http fetch GET 200 https://registry.npmjs.org/webdriverio 135ms (cache revalidated)
137 silly packumentCache full:https://registry.npmjs.org/webdriverio set size:3126624 disposed:false
138 silly fetch manifest puppeteer-core@>=22.x || <=24.x
139 silly packumentCache full:https://registry.npmjs.org/puppeteer-core cache-miss
140 http fetch GET 200 https://registry.npmjs.org/puppeteer-core 126ms (cache revalidated)
141 silly packumentCache full:https://registry.npmjs.org/puppeteer-core set size:1531872 disposed:false
142 silly fetch manifest @vitest/coverage-istanbul@4.1.6
143 silly packumentCache full:https://registry.npmjs.org/@vitest%2fcoverage-istanbul cache-miss
144 http fetch GET 200 https://registry.npmjs.org/@vitest%2fcoverage-istanbul 137ms (cache revalidated)
145 silly packumentCache full:https://registry.npmjs.org/@vitest%2fcoverage-istanbul set size:658375 disposed:false
146 silly fetch manifest @vitest/coverage-v8@4.1.6
147 silly packumentCache full:https://registry.npmjs.org/@vitest%2fcoverage-v8 cache-miss
148 http fetch GET 200 https://registry.npmjs.org/@vitest%2fcoverage-v8 162ms (cache revalidated)
149 silly packumentCache full:https://registry.npmjs.org/@vitest%2fcoverage-v8 set size:494265 disposed:false
150 silly fetch manifest @vitest/browser@4.1.6
151 silly packumentCache full:https://registry.npmjs.org/@vitest%2fbrowser cache-miss
152 http fetch GET 200 https://registry.npmjs.org/@vitest%2fbrowser 137ms (cache revalidated)
153 silly packumentCache full:https://registry.npmjs.org/@vitest%2fbrowser set size:746935 disposed:false
154 silly fetch manifest @vitest/ui@4.1.6
155 silly packumentCache full:https://registry.npmjs.org/@vitest%2fui cache-miss
156 http fetch GET 200 https://registry.npmjs.org/@vitest%2fui 1230ms (cache revalidated)
157 silly packumentCache full:https://registry.npmjs.org/@vitest%2fui set size:1236961 disposed:false
158 silly fetch manifest happy-dom@*
159 silly packumentCache full:https://registry.npmjs.org/happy-dom cache-miss
160 http fetch GET 200 https://registry.npmjs.org/happy-dom 147ms (cache revalidated)
161 silly packumentCache full:https://registry.npmjs.org/happy-dom set size:2455298 disposed:false
162 silly fetch manifest jsdom@^28.0.0
163 silly packumentCache full:https://registry.npmjs.org/jsdom cache-miss
164 http fetch GET 200 https://registry.npmjs.org/jsdom 134ms (cache revalidated)
165 silly packumentCache full:https://registry.npmjs.org/jsdom set size:1064917 disposed:false
166 silly fetch manifest canvas@^3.0.0
167 silly packumentCache full:https://registry.npmjs.org/canvas cache-miss
168 http fetch GET 200 https://registry.npmjs.org/canvas 131ms (cache revalidated)
169 silly packumentCache full:https://registry.npmjs.org/canvas set size:372046 disposed:false
170 silly fetch manifest @angular/cli@^21.2.11
171 silly packumentCache full:https://registry.npmjs.org/@angular%2fcli cache-miss
172 http fetch GET 200 https://registry.npmjs.org/@angular%2fcli 150ms (cache revalidated)
173 silly packumentCache full:https://registry.npmjs.org/@angular%2fcli set size:3132048 disposed:false
174 silly fetch manifest prettier@^3.8.1
175 silly packumentCache full:https://registry.npmjs.org/prettier cache-miss
176 http fetch GET 200 https://registry.npmjs.org/prettier 153ms (cache revalidated)
177 silly packumentCache full:https://registry.npmjs.org/prettier set size:665088 disposed:false
178 silly placeDep ROOT @angular/build@21.2.11 OK for: fitnessclub-site@0.0.0 want: ^21.2.11
179 silly placeDep ROOT tslib@2.8.1 OK for: @angular/build@21.2.11 want: ^2.3.0
180 silly placeDep ROOT typescript@5.9.3 OK for: @angular/build@21.2.11 want: >=5.9 <6.0
181 silly placeDep ROOT @angular/compiler@21.2.13 OK for: @angular/build@21.2.11 want: ^21.0.0
182 silly placeDep ROOT @angular/compiler-cli@21.2.13 OK for: @angular/build@21.2.11 want: ^21.0.0
183 silly placeDep ROOT @angular/cli@21.2.11 OK for: fitnessclub-site@0.0.0 want: ^21.2.11
184 silly placeDep ROOT @angular/common@21.2.13 OK for: fitnessclub-site@0.0.0 want: ^21.2.0
185 silly placeDep ROOT rxjs@7.8.2 OK for: @angular/common@21.2.13 want: ^6.5.3 || ^7.4.0
186 silly placeDep ROOT @angular/core@21.2.13 OK for: @angular/common@21.2.13 want: 21.2.13
187 silly placeDep ROOT @angular/forms@21.2.13 OK for: fitnessclub-site@0.0.0 want: ^21.2.0
188 silly placeDep ROOT @angular/platform-browser@21.2.13 OK for: @angular/forms@21.2.13 want: 21.2.13
189 silly placeDep ROOT @angular/router@21.2.13 OK for: fitnessclub-site@0.0.0 want: ^21.2.0
190 silly placeDep ROOT jsdom@28.1.0 OK for: fitnessclub-site@0.0.0 want: ^28.0.0
191 silly placeDep ROOT prettier@3.8.3 OK for: fitnessclub-site@0.0.0 want: ^3.8.1
192 silly placeDep ROOT vitest@4.1.6 OK for: fitnessclub-site@0.0.0 want: ^4.0.8
193 silly fetch manifest sass@1.97.3
194 silly packumentCache full:https://registry.npmjs.org/sass cache-miss
195 silly fetch manifest vite@7.3.2
196 silly packumentCache full:https://registry.npmjs.org/vite cache-miss
197 silly fetch manifest listr2@9.0.5
198 silly packumentCache full:https://registry.npmjs.org/listr2 cache-miss
199 silly fetch manifest mrmime@2.0.1
200 silly packumentCache full:https://registry.npmjs.org/mrmime cache-miss
201 silly fetch manifest semver@7.7.4
202 silly packumentCache full:https://registry.npmjs.org/semver cache-miss
203 silly fetch manifest undici@7.24.4
204 silly packumentCache full:https://registry.npmjs.org/undici cache-miss
205 silly fetch manifest esbuild@0.27.3
206 silly packumentCache full:https://registry.npmjs.org/esbuild cache-miss
207 silly fetch manifest piscina@5.1.4
208 silly packumentCache full:https://registry.npmjs.org/piscina cache-miss
209 silly fetch manifest beasties@0.4.1
210 silly packumentCache full:https://registry.npmjs.org/beasties cache-miss
211 silly fetch manifest rolldown@1.0.0-rc.4
212 silly packumentCache full:https://registry.npmjs.org/rolldown cache-miss
213 silly fetch manifest picomatch@4.0.4
214 silly packumentCache full:https://registry.npmjs.org/picomatch cache-miss
215 http fetch GET 200 https://registry.npmjs.org/semver 152ms (cache revalidated)
216 silly packumentCache full:https://registry.npmjs.org/semver set size:233058 disposed:false
217 silly fetch manifest watchpack@2.5.1
218 silly packumentCache full:https://registry.npmjs.org/watchpack cache-miss
219 http fetch GET 200 https://registry.npmjs.org/watchpack 175ms (cache revalidated)
220 silly packumentCache full:https://registry.npmjs.org/watchpack set size:144588 disposed:false
221 silly fetch manifest tinyglobby@0.2.15
222 silly packumentCache full:https://registry.npmjs.org/tinyglobby cache-miss
223 http fetch GET 200 https://registry.npmjs.org/vite 761ms (cache revalidated)
224 silly packumentCache full:https://registry.npmjs.org/vite set size:38838042 disposed:false
225 silly fetch manifest @babel/core@7.29.0
226 silly packumentCache full:https://registry.npmjs.org/@babel%2fcore cache-miss
227 http fetch GET 200 https://registry.npmjs.org/mrmime 1061ms (cache revalidated)
228 silly packumentCache full:https://registry.npmjs.org/mrmime set size:17044 disposed:false
229 silly fetch manifest browserslist@^4.26.0
230 silly packumentCache full:https://registry.npmjs.org/browserslist cache-miss
231 http fetch GET 200 https://registry.npmjs.org/tinyglobby 727ms (cache revalidated)
232 silly packumentCache full:https://registry.npmjs.org/tinyglobby set size:52660 disposed:false
233 silly fetch manifest jsonc-parser@3.3.1
234 silly packumentCache full:https://registry.npmjs.org/jsonc-parser cache-miss
235 http fetch GET 200 https://registry.npmjs.org/piscina 1064ms (cache revalidated)
236 silly packumentCache full:https://registry.npmjs.org/piscina set size:198727 disposed:false
237 silly fetch manifest magic-string@0.30.21
238 silly packumentCache full:https://registry.npmjs.org/magic-string cache-miss
239 http fetch GET 200 https://registry.npmjs.org/sass 1071ms (cache revalidated)
240 silly packumentCache full:https://registry.npmjs.org/sass set size:726244 disposed:false
241 silly fetch manifest @inquirer/confirm@5.1.21
242 silly packumentCache full:https://registry.npmjs.org/@inquirer%2fconfirm cache-miss
243 http fetch GET 200 https://registry.npmjs.org/rolldown 1080ms (cache revalidated)
244 silly packumentCache full:https://registry.npmjs.org/rolldown set size:3707856 disposed:false
245 silly fetch manifest https-proxy-agent@7.0.6
246 silly packumentCache full:https://registry.npmjs.org/https-proxy-agent cache-miss
247 http fetch GET 200 https://registry.npmjs.org/picomatch 1154ms (cache revalidated)
248 silly packumentCache full:https://registry.npmjs.org/picomatch set size:126376 disposed:false
249 silly fetch manifest source-map-support@0.5.21
250 silly packumentCache full:https://registry.npmjs.org/source-map-support cache-miss
251 http fetch GET 200 https://registry.npmjs.org/esbuild 1190ms (cache revalidated)
252 silly packumentCache full:https://registry.npmjs.org/esbuild set size:1254708 disposed:false
253 silly fetch manifest @ampproject/remapping@2.3.0
254 silly packumentCache full:https://registry.npmjs.org/@ampproject%2fremapping cache-miss
255 http fetch GET 200 https://registry.npmjs.org/undici 1241ms (cache revalidated)
256 silly packumentCache full:https://registry.npmjs.org/undici set size:1412963 disposed:false
257 silly fetch manifest istanbul-lib-instrument@6.0.3
258 silly packumentCache full:https://registry.npmjs.org/istanbul-lib-instrument cache-miss
259 http fetch GET 200 https://registry.npmjs.org/source-map-support 121ms (cache revalidated)
260 silly packumentCache full:https://registry.npmjs.org/source-map-support set size:125488 disposed:false
261 silly fetch manifest @vitejs/plugin-basic-ssl@2.1.4
262 silly packumentCache full:https://registry.npmjs.org/@vitejs%2fplugin-basic-ssl cache-miss
263 http fetch GET 200 https://registry.npmjs.org/browserslist 229ms (cache revalidated)
264 silly packumentCache full:https://registry.npmjs.org/browserslist set size:504681 disposed:false
265 silly fetch manifest @angular-devkit/architect@0.2102.11
266 silly packumentCache full:https://registry.npmjs.org/@angular-devkit%2farchitect cache-miss
267 http fetch GET 200 https://registry.npmjs.org/magic-string 232ms (cache revalidated)
268 silly packumentCache full:https://registry.npmjs.org/magic-string set size:331817 disposed:false
269 silly fetch manifest parse5-html-rewriting-stream@8.0.0
270 silly packumentCache full:https://registry.npmjs.org/parse5-html-rewriting-stream cache-miss
271 http fetch GET 200 https://registry.npmjs.org/@babel%2fcore 268ms (cache revalidated)
272 silly packumentCache full:https://registry.npmjs.org/@babel%2fcore set size:768033 disposed:false
273 silly fetch manifest @babel/helper-annotate-as-pure@7.27.3
274 silly packumentCache full:https://registry.npmjs.org/@babel%2fhelper-annotate-as-pure cache-miss
275 http fetch GET 200 https://registry.npmjs.org/https-proxy-agent 233ms (cache revalidated)
276 silly packumentCache full:https://registry.npmjs.org/https-proxy-agent set size:81258 disposed:false
277 silly fetch manifest @babel/helper-split-export-declaration@7.24.7
278 silly packumentCache full:https://registry.npmjs.org/@babel%2fhelper-split-export-declaration cache-miss
279 http fetch GET 200 https://registry.npmjs.org/@inquirer%2fconfirm 270ms (cache revalidated)
280 silly packumentCache full:https://registry.npmjs.org/@inquirer%2fconfirm set size:315999 disposed:false
281 silly fetch manifest lmdb@3.5.1
282 silly packumentCache full:https://registry.npmjs.org/lmdb cache-miss
283 http fetch GET 200 https://registry.npmjs.org/@ampproject%2fremapping 165ms (cache revalidated)
284 silly packumentCache full:https://registry.npmjs.org/@ampproject%2fremapping set size:88598 disposed:false
285 silly fetch manifest yargs@^18.0.0
286 silly packumentCache full:https://registry.npmjs.org/yargs cache-miss
287 http fetch GET 200 https://registry.npmjs.org/istanbul-lib-instrument 187ms (cache revalidated)
288 silly packumentCache full:https://registry.npmjs.org/istanbul-lib-instrument set size:219175 disposed:false
289 silly fetch manifest semver@^7.0.0
290 silly packumentCache full:https://registry.npmjs.org/semver cache-hit
291 silly fetch manifest chokidar@^5.0.0
292 silly packumentCache full:https://registry.npmjs.org/chokidar cache-miss
293 http fetch GET 200 https://registry.npmjs.org/@babel%2fhelper-annotate-as-pure 153ms (cache revalidated)
294 silly packumentCache full:https://registry.npmjs.org/@babel%2fhelper-annotate-as-pure set size:175447 disposed:false
295 silly fetch manifest reflect-metadata@^0.2.0
296 silly packumentCache full:https://registry.npmjs.org/reflect-metadata cache-miss
297 http fetch GET 200 https://registry.npmjs.org/@babel%2fhelper-split-export-declaration 152ms (cache revalidated)
298 silly packumentCache full:https://registry.npmjs.org/@babel%2fhelper-split-export-declaration set size:132747 disposed:false
299 silly fetch manifest convert-source-map@^1.5.1
300 silly packumentCache full:https://registry.npmjs.org/convert-source-map cache-miss
301 http fetch GET 200 https://registry.npmjs.org/yargs 140ms (cache revalidated)
302 silly packumentCache full:https://registry.npmjs.org/yargs set size:743056 disposed:false
303 silly fetch manifest @jridgewell/sourcemap-codec@^1.4.14
304 silly packumentCache full:https://registry.npmjs.org/@jridgewell%2fsourcemap-codec cache-miss
305 http fetch GET 200 https://registry.npmjs.org/chokidar 125ms (cache revalidated)
306 silly packumentCache full:https://registry.npmjs.org/chokidar set size:255902 disposed:false
307 silly fetch manifest ini@6.0.0
308 silly packumentCache full:https://registry.npmjs.org/ini cache-miss
309 http fetch GET 200 https://registry.npmjs.org/reflect-metadata 135ms (cache revalidated)
310 silly packumentCache full:https://registry.npmjs.org/reflect-metadata set size:61305 disposed:false
311 silly fetch manifest zod@4.3.6
312 silly packumentCache full:https://registry.npmjs.org/zod cache-miss
313 http fetch GET 200 https://registry.npmjs.org/convert-source-map 125ms (cache revalidated)
314 silly packumentCache full:https://registry.npmjs.org/convert-source-map set size:66997 disposed:false
315 silly fetch manifest yargs@18.0.0
316 silly packumentCache full:https://registry.npmjs.org/yargs cache-hit
317 silly fetch manifest listr2@9.0.5
318 silly packumentCache full:https://registry.npmjs.org/listr2 cache-miss
319 http fetch GET 200 https://registry.npmjs.org/ini 134ms (cache revalidated)
320 silly packumentCache full:https://registry.npmjs.org/ini set size:59180 disposed:false
321 silly fetch manifest pacote@21.3.1
322 silly packumentCache full:https://registry.npmjs.org/pacote cache-miss
323 http fetch GET 200 https://registry.npmjs.org/@vitejs%2fplugin-basic-ssl 444ms (cache revalidated)
324 silly packumentCache full:https://registry.npmjs.org/@vitejs%2fplugin-basic-ssl set size:45104 disposed:false
325 silly fetch manifest jsonc-parser@3.3.1
326 silly packumentCache full:https://registry.npmjs.org/jsonc-parser cache-miss
327 http fetch GET 200 https://registry.npmjs.org/lmdb 398ms (cache revalidated)
328 silly packumentCache full:https://registry.npmjs.org/lmdb set size:972150 disposed:false
329 silly fetch manifest algoliasearch@5.48.1
330 silly packumentCache full:https://registry.npmjs.org/algoliasearch cache-miss
331 http fetch GET 200 https://registry.npmjs.org/zod 149ms (cache revalidated)
332 silly packumentCache full:https://registry.npmjs.org/zod set size:3552562 disposed:false
333 silly fetch manifest npm-package-arg@13.0.2
334 silly packumentCache full:https://registry.npmjs.org/npm-package-arg cache-miss
335 http fetch GET 200 https://registry.npmjs.org/jsonc-parser 187ms (cache revalidated)
336 silly packumentCache full:https://registry.npmjs.org/jsonc-parser set size:99919 disposed:false
337 silly fetch manifest @inquirer/prompts@7.10.1
338 silly packumentCache full:https://registry.npmjs.org/@inquirer%2fprompts cache-miss
339 http fetch GET 200 https://registry.npmjs.org/npm-package-arg 145ms (cache revalidated)
340 silly packumentCache full:https://registry.npmjs.org/npm-package-arg set size:133940 disposed:false
341 silly fetch manifest @yarnpkg/lockfile@1.1.0
342 silly packumentCache full:https://registry.npmjs.org/@yarnpkg%2flockfile cache-miss
343 http fetch GET 200 https://registry.npmjs.org/@angular-devkit%2farchitect 676ms (cache revalidated)
344 silly packumentCache full:https://registry.npmjs.org/@angular-devkit%2farchitect set size:2150835 disposed:false
345 silly fetch manifest @schematics/angular@21.2.11
346 silly packumentCache full:https://registry.npmjs.org/@schematics%2fangular cache-miss
347 http fetch GET 200 https://registry.npmjs.org/listr2 2021ms (cache revalidated)
348 silly packumentCache full:https://registry.npmjs.org/listr2 set size:1056609 disposed:false
349 silly fetch manifest @angular-devkit/core@21.2.11
350 silly packumentCache full:https://registry.npmjs.org/@angular-devkit%2fcore cache-miss
351 http fetch GET 200 https://registry.npmjs.org/jsonc-parser 1008ms (cache revalidated)
352 silly packumentCache full:https://registry.npmjs.org/jsonc-parser set size:99919 disposed:false
353 silly packumentCache full:https://registry.npmjs.org/jsonc-parser dispose
354 silly fetch manifest @modelcontextprotocol/sdk@1.26.0
355 silly packumentCache full:https://registry.npmjs.org/@modelcontextprotocol%2fsdk cache-miss
356 http fetch GET 200 https://registry.npmjs.org/@inquirer%2fprompts 163ms (cache revalidated)
357 silly packumentCache full:https://registry.npmjs.org/@inquirer%2fprompts set size:323131 disposed:false
358 silly fetch manifest @angular-devkit/schematics@21.2.11
359 silly packumentCache full:https://registry.npmjs.org/@angular-devkit%2fschematics cache-miss
360 http fetch GET 200 https://registry.npmjs.org/pacote 394ms (cache revalidated)
361 silly packumentCache full:https://registry.npmjs.org/pacote set size:760545 disposed:false
362 silly fetch manifest parse5-html-rewriting-stream@8.0.0
363 silly packumentCache full:https://registry.npmjs.org/parse5-html-rewriting-stream cache-miss
364 http fetch GET 200 https://registry.npmjs.org/@yarnpkg%2flockfile 206ms (cache revalidated)
365 silly packumentCache full:https://registry.npmjs.org/@yarnpkg%2flockfile set size:8937 disposed:false
366 silly fetch manifest @listr2/prompt-adapter-inquirer@3.0.5
367 silly packumentCache full:https://registry.npmjs.org/@listr2%2fprompt-adapter-inquirer cache-miss
368 http fetch GET 200 https://registry.npmjs.org/listr2 553ms (cache revalidated)
369 silly packumentCache full:https://registry.npmjs.org/listr2 set size:1056609 disposed:false
370 silly fetch manifest @standard-schema/spec@^1.0.0
371 silly packumentCache full:https://registry.npmjs.org/@standard-schema%2fspec cache-miss
372 http fetch GET 200 https://registry.npmjs.org/@schematics%2fangular 212ms (cache revalidated)
373 silly packumentCache full:https://registry.npmjs.org/@schematics%2fangular set size:2360292 disposed:false
374 silly fetch manifest saxes@^6.0.0
375 silly packumentCache full:https://registry.npmjs.org/saxes cache-miss
376 http fetch GET 200 https://registry.npmjs.org/parse5-html-rewriting-stream 927ms (cache revalidated)
377 silly packumentCache full:https://registry.npmjs.org/parse5-html-rewriting-stream set size:23913 disposed:false
378 silly fetch manifest parse5@^8.0.0
379 silly packumentCache full:https://registry.npmjs.org/parse5 cache-miss
380 http fetch GET 200 https://registry.npmjs.org/algoliasearch 490ms (cache revalidated)
381 silly packumentCache full:https://registry.npmjs.org/algoliasearch set size:1787613 disposed:false
382 silly fetch manifest undici@^7.21.0
383 silly packumentCache full:https://registry.npmjs.org/undici cache-miss
384 http fetch GET 200 https://registry.npmjs.org/@angular-devkit%2fschematics 179ms (cache revalidated)
385 silly packumentCache full:https://registry.npmjs.org/@angular-devkit%2fschematics set size:2303419 disposed:false
386 silly fetch manifest cssstyle@^6.0.1
387 silly packumentCache full:https://registry.npmjs.org/cssstyle cache-miss
388 http fetch GET 200 https://registry.npmjs.org/parse5-html-rewriting-stream 185ms (cache revalidated)
389 silly packumentCache full:https://registry.npmjs.org/parse5-html-rewriting-stream set size:23913 disposed:false
390 silly packumentCache full:https://registry.npmjs.org/parse5-html-rewriting-stream dispose
391 silly fetch manifest data-urls@^7.0.0
392 silly packumentCache full:https://registry.npmjs.org/data-urls cache-miss
393 http cache https://registry.npmjs.org/undici 59ms (cache hit)
394 silly packumentCache full:https://registry.npmjs.org/undici set size:1412963 disposed:false
395 silly fetch manifest decimal.js@^10.6.0
396 silly packumentCache full:https://registry.npmjs.org/decimal.js cache-miss
397 http fetch GET 200 https://registry.npmjs.org/@listr2%2fprompt-adapter-inquirer 198ms (cache revalidated)
398 silly packumentCache full:https://registry.npmjs.org/@listr2%2fprompt-adapter-inquirer set size:128897 disposed:false
399 silly fetch manifest whatwg-url@^16.0.0
400 silly packumentCache full:https://registry.npmjs.org/whatwg-url cache-miss
401 http fetch GET 200 https://registry.npmjs.org/beasties 2383ms (cache revalidated)
402 silly packumentCache full:https://registry.npmjs.org/beasties set size:48890 disposed:false
403 silly fetch manifest symbol-tree@^3.2.4
404 silly packumentCache full:https://registry.npmjs.org/symbol-tree cache-miss
405 http fetch GET 200 https://registry.npmjs.org/@jridgewell%2fsourcemap-codec 873ms (cache revalidated)
406 silly packumentCache full:https://registry.npmjs.org/@jridgewell%2fsourcemap-codec set size:51856 disposed:false
407 silly fetch manifest tough-cookie@^6.0.0
408 silly packumentCache full:https://registry.npmjs.org/tough-cookie cache-miss
409 http fetch GET 200 https://registry.npmjs.org/parse5 175ms (cache revalidated)
410 silly packumentCache full:https://registry.npmjs.org/parse5 set size:123116 disposed:false
411 silly fetch manifest @acemir/cssom@^0.9.31
412 silly packumentCache full:https://registry.npmjs.org/@acemir%2fcssom cache-miss
413 http fetch GET 200 https://registry.npmjs.org/@standard-schema%2fspec 234ms (cache revalidated)
414 silly packumentCache full:https://registry.npmjs.org/@standard-schema%2fspec set size:27284 disposed:false
415 silly fetch manifest @exodus/bytes@^1.11.0
416 silly packumentCache full:https://registry.npmjs.org/@exodus%2fbytes cache-miss
417 http fetch GET 200 https://registry.npmjs.org/saxes 198ms (cache revalidated)
418 silly packumentCache full:https://registry.npmjs.org/saxes set size:228593 disposed:false
419 silly fetch manifest whatwg-mimetype@^5.0.0
420 silly packumentCache full:https://registry.npmjs.org/whatwg-mimetype cache-miss
421 http fetch GET 200 https://registry.npmjs.org/data-urls 137ms (cache revalidated)
422 silly packumentCache full:https://registry.npmjs.org/data-urls set size:37311 disposed:false
423 silly fetch manifest http-proxy-agent@^7.0.2
424 silly packumentCache full:https://registry.npmjs.org/http-proxy-agent cache-miss
425 http fetch GET 200 https://registry.npmjs.org/decimal.js 122ms (cache revalidated)
426 silly packumentCache full:https://registry.npmjs.org/decimal.js set size:107790 disposed:false
427 silly fetch manifest https-proxy-agent@^7.0.6
428 silly packumentCache full:https://registry.npmjs.org/https-proxy-agent cache-hit
429 silly fetch manifest w3c-xmlserializer@^5.0.0
430 silly packumentCache full:https://registry.npmjs.org/w3c-xmlserializer cache-miss
431 http fetch GET 200 https://registry.npmjs.org/cssstyle 185ms (cache revalidated)
432 silly packumentCache full:https://registry.npmjs.org/cssstyle set size:165320 disposed:false
433 silly fetch manifest webidl-conversions@^8.0.1
434 silly packumentCache full:https://registry.npmjs.org/webidl-conversions cache-miss
435 http fetch GET 200 https://registry.npmjs.org/symbol-tree 135ms (cache revalidated)
436 silly packumentCache full:https://registry.npmjs.org/symbol-tree set size:60614 disposed:false
437 silly fetch manifest xml-name-validator@^5.0.0
438 silly packumentCache full:https://registry.npmjs.org/xml-name-validator cache-miss
439 http fetch GET 200 https://registry.npmjs.org/tough-cookie 136ms (cache revalidated)
440 silly packumentCache full:https://registry.npmjs.org/tough-cookie set size:149007 disposed:false
441 silly fetch manifest @bramus/specificity@^2.4.2
442 silly packumentCache full:https://registry.npmjs.org/@bramus%2fspecificity cache-miss
443 http fetch GET 200 https://registry.npmjs.org/http-proxy-agent 125ms (cache revalidated)
444 silly packumentCache full:https://registry.npmjs.org/http-proxy-agent set size:54849 disposed:false
445 silly fetch manifest html-encoding-sniffer@^6.0.0
446 silly packumentCache full:https://registry.npmjs.org/html-encoding-sniffer cache-miss
447 http fetch GET 200 https://registry.npmjs.org/w3c-xmlserializer 148ms (cache revalidated)
448 silly packumentCache full:https://registry.npmjs.org/w3c-xmlserializer set size:36375 disposed:false
449 silly fetch manifest @asamuzakjp/dom-selector@^6.8.1
450 silly packumentCache full:https://registry.npmjs.org/@asamuzakjp%2fdom-selector cache-miss
451 http fetch GET 200 https://registry.npmjs.org/webidl-conversions 153ms (cache revalidated)
452 silly packumentCache full:https://registry.npmjs.org/webidl-conversions set size:46073 disposed:false
453 silly fetch manifest is-potential-custom-element-name@^1.0.1
454 silly packumentCache full:https://registry.npmjs.org/is-potential-custom-element-name cache-miss
455 http fetch GET 200 https://registry.npmjs.org/html-encoding-sniffer 115ms (cache revalidated)
456 silly packumentCache full:https://registry.npmjs.org/html-encoding-sniffer set size:23370 disposed:false
457 silly fetch manifest obug@^2.1.1
458 silly packumentCache full:https://registry.npmjs.org/obug cache-miss
459 http fetch GET 200 https://registry.npmjs.org/@modelcontextprotocol%2fsdk 671ms (cache revalidated)
460 silly packumentCache full:https://registry.npmjs.org/@modelcontextprotocol%2fsdk set size:295652 disposed:false
461 silly fetch manifest vite@^6.0.0 || ^7.0.0 || ^8.0.0
462 silly packumentCache full:https://registry.npmjs.org/vite cache-miss
463 http fetch GET 200 https://registry.npmjs.org/is-potential-custom-element-name 145ms (cache revalidated)
464 silly packumentCache full:https://registry.npmjs.org/is-potential-custom-element-name set size:6810 disposed:false
465 silly fetch manifest pathe@^2.0.3
466 silly packumentCache full:https://registry.npmjs.org/pathe cache-miss
467 http fetch GET 200 https://registry.npmjs.org/@asamuzakjp%2fdom-selector 169ms (cache revalidated)
468 silly packumentCache full:https://registry.npmjs.org/@asamuzakjp%2fdom-selector set size:627052 disposed:false
469 silly fetch manifest std-env@^4.0.0-rc.1
470 silly packumentCache full:https://registry.npmjs.org/std-env cache-miss
471 http cache https://registry.npmjs.org/vite 149ms (cache hit)
472 silly packumentCache full:https://registry.npmjs.org/vite set size:38838042 disposed:false
473 silly fetch manifest tinyexec@^1.0.2
474 silly packumentCache full:https://registry.npmjs.org/tinyexec cache-miss
475 http fetch GET 200 https://registry.npmjs.org/whatwg-mimetype 774ms (cache revalidated)
476 silly packumentCache full:https://registry.npmjs.org/whatwg-mimetype set size:28179 disposed:false
477 silly fetch manifest picomatch@^4.0.3
478 silly packumentCache full:https://registry.npmjs.org/picomatch cache-hit
479 silly fetch manifest tinybench@^2.9.0
480 silly packumentCache full:https://registry.npmjs.org/tinybench cache-miss
481 http fetch GET 200 https://registry.npmjs.org/obug 509ms (cache revalidated)
482 silly packumentCache full:https://registry.npmjs.org/obug set size:37457 disposed:false
483 silly fetch manifest tinyglobby@^0.2.15
484 silly packumentCache full:https://registry.npmjs.org/tinyglobby cache-hit
485 silly fetch manifest @vitest/spy@4.1.6
486 silly packumentCache full:https://registry.npmjs.org/@vitest%2fspy cache-miss
487 http fetch GET 200 https://registry.npmjs.org/xml-name-validator 685ms (cache revalidated)
488 silly packumentCache full:https://registry.npmjs.org/xml-name-validator set size:11085 disposed:false
489 silly fetch manifest expect-type@^1.3.0
490 silly packumentCache full:https://registry.npmjs.org/expect-type cache-miss
491 http fetch GET 200 https://registry.npmjs.org/@acemir%2fcssom 794ms (cache revalidated)
492 silly packumentCache full:https://registry.npmjs.org/@acemir%2fcssom set size:54817 disposed:false
493 silly fetch manifest tinyrainbow@^3.1.0
494 silly packumentCache full:https://registry.npmjs.org/tinyrainbow cache-miss
495 http fetch GET 200 https://registry.npmjs.org/whatwg-url 861ms (cache revalidated)
496 silly packumentCache full:https://registry.npmjs.org/whatwg-url set size:170765 disposed:false
497 silly fetch manifest magic-string@^0.30.21
498 silly packumentCache full:https://registry.npmjs.org/magic-string cache-hit
499 silly fetch manifest @vitest/utils@4.1.6
500 silly packumentCache full:https://registry.npmjs.org/@vitest%2futils cache-miss
501 http fetch GET 200 https://registry.npmjs.org/@angular-devkit%2fcore 1194ms (cache revalidated)
502 silly packumentCache full:https://registry.npmjs.org/@angular-devkit%2fcore set size:2351615 disposed:false
503 silly fetch manifest @vitest/expect@4.1.6
504 silly packumentCache full:https://registry.npmjs.org/@vitest%2fexpect cache-miss
505 http fetch GET 200 https://registry.npmjs.org/@bramus%2fspecificity 712ms (cache revalidated)
506 silly packumentCache full:https://registry.npmjs.org/@bramus%2fspecificity set size:99385 disposed:false
507 silly fetch manifest @vitest/mocker@4.1.6
508 silly packumentCache full:https://registry.npmjs.org/@vitest%2fmocker cache-miss
509 http fetch GET 200 https://registry.npmjs.org/@exodus%2fbytes 859ms (cache revalidated)
510 silly packumentCache full:https://registry.npmjs.org/@exodus%2fbytes set size:198066 disposed:false
511 silly fetch manifest @vitest/runner@4.1.6
512 silly packumentCache full:https://registry.npmjs.org/@vitest%2frunner cache-miss
513 http fetch GET 200 https://registry.npmjs.org/pathe 583ms (cache revalidated)
514 silly packumentCache full:https://registry.npmjs.org/pathe set size:68788 disposed:false
515 silly fetch manifest es-module-lexer@^2.0.0
516 silly packumentCache full:https://registry.npmjs.org/es-module-lexer cache-miss
517 http fetch GET 200 https://registry.npmjs.org/tinybench 172ms (cache revalidated)
518 silly packumentCache full:https://registry.npmjs.org/tinybench set size:145657 disposed:false
519 silly fetch manifest @vitest/snapshot@4.1.6
520 silly packumentCache full:https://registry.npmjs.org/@vitest%2fsnapshot cache-miss
521 http fetch GET 200 https://registry.npmjs.org/std-env 583ms (cache revalidated)
522 silly packumentCache full:https://registry.npmjs.org/std-env set size:88574 disposed:false
523 silly fetch manifest why-is-node-running@^2.3.0
524 silly packumentCache full:https://registry.npmjs.org/why-is-node-running cache-miss
525 http fetch GET 200 https://registry.npmjs.org/@vitest%2fmocker 156ms (cache revalidated)
526 silly packumentCache full:https://registry.npmjs.org/@vitest%2fmocker set size:296858 disposed:false
527 silly fetch manifest @vitest/pretty-format@4.1.6
528 silly packumentCache full:https://registry.npmjs.org/@vitest%2fpretty-format cache-miss
529 http fetch GET 200 https://registry.npmjs.org/@vitest%2fexpect 180ms (cache revalidated)
530 silly packumentCache full:https://registry.npmjs.org/@vitest%2fexpect set size:459342 disposed:false
531 http fetch GET 200 https://registry.npmjs.org/@vitest%2fspy 228ms (cache revalidated)
532 silly packumentCache full:https://registry.npmjs.org/@vitest%2fspy set size:425446 disposed:false
533 http fetch GET 200 https://registry.npmjs.org/es-module-lexer 118ms (cache revalidated)
534 silly packumentCache full:https://registry.npmjs.org/es-module-lexer set size:205389 disposed:false
535 http fetch GET 200 https://registry.npmjs.org/why-is-node-running 264ms (cache revalidated)
536 silly packumentCache full:https://registry.npmjs.org/why-is-node-running set size:50482 disposed:false
537 http fetch GET 200 https://registry.npmjs.org/@vitest%2frunner 389ms (cache revalidated)
538 silly packumentCache full:https://registry.npmjs.org/@vitest%2frunner set size:446903 disposed:false
539 http fetch GET 200 https://registry.npmjs.org/@vitest%2fpretty-format 285ms (cache revalidated)
540 silly packumentCache full:https://registry.npmjs.org/@vitest%2fpretty-format set size:257777 disposed:false
541 http fetch GET 200 https://registry.npmjs.org/@vitest%2fsnapshot 320ms (cache revalidated)
542 silly packumentCache full:https://registry.npmjs.org/@vitest%2fsnapshot set size:431596 disposed:false
543 http fetch GET 200 https://registry.npmjs.org/tinyexec 544ms (cache revalidated)
544 silly packumentCache full:https://registry.npmjs.org/tinyexec set size:51809 disposed:false
545 http fetch GET 200 https://registry.npmjs.org/@vitest%2futils 561ms (cache revalidated)
546 silly packumentCache full:https://registry.npmjs.org/@vitest%2futils set size:547889 disposed:false
547 http fetch GET 200 https://registry.npmjs.org/tinyrainbow 577ms (cache revalidated)
548 silly packumentCache full:https://registry.npmjs.org/tinyrainbow set size:23953 disposed:false
549 http fetch GET 200 https://registry.npmjs.org/expect-type 818ms (cache revalidated)
550 silly packumentCache full:https://registry.npmjs.org/expect-type set size:185336 disposed:false
551 silly fetch manifest @types/node@^20.19.0 || >=22.12.0
552 silly packumentCache full:https://registry.npmjs.org/@types%2fnode cache-miss
553 http cache https://registry.npmjs.org/@types%2fnode 66ms (cache hit)
554 silly packumentCache full:https://registry.npmjs.org/@types%2fnode set size:11012080 disposed:false
555 silly fetch manifest jiti@>=1.21.0
556 silly packumentCache full:https://registry.npmjs.org/jiti cache-miss
557 http fetch GET 200 https://registry.npmjs.org/jiti 130ms (cache revalidated)
558 silly packumentCache full:https://registry.npmjs.org/jiti set size:387989 disposed:false
559 silly fetch manifest lightningcss@^1.21.0
560 silly packumentCache full:https://registry.npmjs.org/lightningcss cache-miss
561 http fetch GET 200 https://registry.npmjs.org/lightningcss 143ms (cache revalidated)
562 silly packumentCache full:https://registry.npmjs.org/lightningcss set size:186753 disposed:false
563 silly fetch manifest sass-embedded@^1.70.0
564 silly packumentCache full:https://registry.npmjs.org/sass-embedded cache-miss
565 http fetch GET 200 https://registry.npmjs.org/sass-embedded 140ms (cache revalidated)
566 silly packumentCache full:https://registry.npmjs.org/sass-embedded set size:415594 disposed:false
567 silly fetch manifest stylus@>=0.54.8
568 silly packumentCache full:https://registry.npmjs.org/stylus cache-miss
569 http fetch GET 200 https://registry.npmjs.org/stylus 543ms (cache revalidated)
570 silly packumentCache full:https://registry.npmjs.org/stylus set size:286766 disposed:false
571 silly fetch manifest sugarss@^5.0.0
572 silly packumentCache full:https://registry.npmjs.org/sugarss cache-miss
573 http fetch GET 200 https://registry.npmjs.org/sugarss 253ms (cache revalidated)
574 silly packumentCache full:https://registry.npmjs.org/sugarss set size:44975 disposed:false
575 silly fetch manifest terser@^5.16.0
576 silly packumentCache full:https://registry.npmjs.org/terser cache-miss
577 http fetch GET 200 https://registry.npmjs.org/terser 129ms (cache revalidated)
578 silly packumentCache full:https://registry.npmjs.org/terser set size:800268 disposed:false
579 silly fetch manifest tsx@^4.8.1
580 silly packumentCache full:https://registry.npmjs.org/tsx cache-miss
581 http fetch GET 200 https://registry.npmjs.org/tsx 2241ms (cache updated)
582 silly packumentCache full:https://registry.npmjs.org/tsx set size:undefined disposed:false
583 silly fetch manifest yaml@^2.4.2
584 silly packumentCache full:https://registry.npmjs.org/yaml cache-miss
585 http fetch GET 200 https://registry.npmjs.org/yaml 188ms (cache revalidated)
586 silly packumentCache full:https://registry.npmjs.org/yaml set size:385754 disposed:false
587 silly fetch manifest @types/node@>=18
588 silly packumentCache full:https://registry.npmjs.org/@types%2fnode cache-miss
589 http cache https://registry.npmjs.org/@types%2fnode 64ms (cache hit)
590 silly packumentCache full:https://registry.npmjs.org/@types%2fnode set size:11012080 disposed:false
591 silly placeDep ROOT @ampproject/remapping@2.3.0 OK for: @angular/build@21.2.11 want: 2.3.0
592 silly placeDep ROOT @angular-devkit/architect@0.2102.11 OK for: @angular/build@21.2.11 want: 0.2102.11
593 silly placeDep ROOT @babel/core@7.29.0 OK for: @angular/build@21.2.11 want: 7.29.0
594 silly placeDep ROOT @babel/helper-annotate-as-pure@7.27.3 OK for: @angular/build@21.2.11 want: 7.27.3
595 silly placeDep ROOT @babel/helper-split-export-declaration@7.24.7 OK for: @angular/build@21.2.11 want: 7.24.7
596 silly placeDep ROOT @inquirer/confirm@5.1.21 OK for: @angular/build@21.2.11 want: 5.1.21
597 silly placeDep ROOT @vitejs/plugin-basic-ssl@2.1.4 OK for: @angular/build@21.2.11 want: 2.1.4
598 silly placeDep ROOT vite@7.3.2 OK for: @vitejs/plugin-basic-ssl@2.1.4 want: ^6.0.0 || ^7.0.0
599 silly placeDep ROOT beasties@0.4.1 OK for: @angular/build@21.2.11 want: 0.4.1
600 silly placeDep ROOT browserslist@4.28.2 OK for: @angular/build@21.2.11 want: ^4.26.0
601 silly placeDep ROOT esbuild@0.27.3 OK for: @angular/build@21.2.11 want: 0.27.3
602 silly placeDep ROOT https-proxy-agent@7.0.6 OK for: @angular/build@21.2.11 want: 7.0.6
603 silly placeDep ROOT istanbul-lib-instrument@6.0.3 OK for: @angular/build@21.2.11 want: 6.0.3
604 silly placeDep ROOT jsonc-parser@3.3.1 OK for: @angular/build@21.2.11 want: 3.3.1
605 silly placeDep ROOT listr2@9.0.5 OK for: @angular/build@21.2.11 want: 9.0.5
606 silly placeDep ROOT lmdb@3.5.1 OK for: @angular/build@21.2.11 want: 3.5.1
607 silly placeDep ROOT magic-string@0.30.21 OK for: @angular/build@21.2.11 want: 0.30.21
608 silly placeDep ROOT mrmime@2.0.1 OK for: @angular/build@21.2.11 want: 2.0.1
609 silly placeDep ROOT parse5-html-rewriting-stream@8.0.0 OK for: @angular/build@21.2.11 want: 8.0.0
610 silly placeDep ROOT picomatch@4.0.4 OK for: @angular/build@21.2.11 want: 4.0.4
611 silly placeDep ROOT piscina@5.1.4 OK for: @angular/build@21.2.11 want: 5.1.4
612 silly placeDep ROOT rolldown@1.0.0-rc.4 OK for: @angular/build@21.2.11 want: 1.0.0-rc.4
613 silly placeDep ROOT sass@1.97.3 OK for: @angular/build@21.2.11 want: 1.97.3
614 silly placeDep ROOT semver@7.7.4 OK for: @angular/build@21.2.11 want: 7.7.4
615 silly placeDep ROOT source-map-support@0.5.21 OK for: @angular/build@21.2.11 want: 0.5.21
616 silly placeDep ROOT tinyglobby@0.2.15 OK for: @angular/build@21.2.11 want: 0.2.15
617 silly placeDep ROOT undici@7.24.4 OK for: @angular/build@21.2.11 want: 7.24.4
618 silly placeDep ROOT watchpack@2.5.1 OK for: @angular/build@21.2.11 want: 2.5.1
619 silly fetch manifest @jridgewell/gen-mapping@^0.3.5
620 silly packumentCache full:https://registry.npmjs.org/@jridgewell%2fgen-mapping cache-miss
621 silly fetch manifest @jridgewell/trace-mapping@^0.3.24
622 silly packumentCache full:https://registry.npmjs.org/@jridgewell%2ftrace-mapping cache-miss
623 silly fetch manifest debug@^4.1.0
624 silly packumentCache full:https://registry.npmjs.org/debug cache-miss
625 silly fetch manifest json5@^2.2.3
626 silly packumentCache full:https://registry.npmjs.org/json5 cache-miss
627 silly fetch manifest semver@^6.3.1
628 silly packumentCache full:https://registry.npmjs.org/semver cache-hit
629 silly fetch manifest gensync@^1.0.0-beta.2
630 silly packumentCache full:https://registry.npmjs.org/gensync cache-miss
631 silly fetch manifest @babel/types@^7.29.0
632 silly packumentCache full:https://registry.npmjs.org/@babel%2ftypes cache-miss
633 silly fetch manifest @babel/parser@^7.29.0
634 silly packumentCache full:https://registry.npmjs.org/@babel%2fparser cache-miss
635 silly fetch manifest @babel/helpers@^7.28.6
636 silly packumentCache full:https://registry.npmjs.org/@babel%2fhelpers cache-miss
637 silly fetch manifest @babel/template@^7.28.6
638 silly packumentCache full:https://registry.npmjs.org/@babel%2ftemplate cache-miss
639 silly fetch manifest @babel/traverse@^7.29.0
640 silly packumentCache full:https://registry.npmjs.org/@babel%2ftraverse cache-miss
641 silly fetch manifest @babel/generator@^7.29.0
642 silly packumentCache full:https://registry.npmjs.org/@babel%2fgenerator cache-miss
643 http fetch GET 200 https://registry.npmjs.org/debug 201ms (cache revalidated)
644 silly packumentCache full:https://registry.npmjs.org/debug set size:195840 disposed:false
645 silly fetch manifest @babel/code-frame@^7.29.0
646 silly packumentCache full:https://registry.npmjs.org/@babel%2fcode-frame cache-miss
647 http fetch GET 200 https://registry.npmjs.org/@jridgewell%2fgen-mapping 210ms (cache revalidated)
648 silly packumentCache full:https://registry.npmjs.org/@jridgewell%2fgen-mapping set size:75941 disposed:false
649 silly fetch manifest convert-source-map@^2.0.0
650 silly packumentCache full:https://registry.npmjs.org/convert-source-map cache-hit
651 silly fetch manifest @jridgewell/remapping@^2.3.5
652 silly packumentCache full:https://registry.npmjs.org/@jridgewell%2fremapping cache-miss
653 http fetch GET 200 https://registry.npmjs.org/@babel%2fparser 226ms (cache revalidated)
654 silly packumentCache full:https://registry.npmjs.org/@babel%2fparser set size:725652 disposed:false
655 silly fetch manifest @babel/helper-module-transforms@^7.28.6
656 silly packumentCache full:https://registry.npmjs.org/@babel%2fhelper-module-transforms cache-miss
657 http fetch GET 200 https://registry.npmjs.org/json5 245ms (cache revalidated)
658 silly packumentCache full:https://registry.npmjs.org/json5 set size:86136 disposed:false
659 silly fetch manifest @babel/helper-compilation-targets@^7.28.6
660 silly packumentCache full:https://registry.npmjs.org/@babel%2fhelper-compilation-targets cache-miss
661 http fetch GET 200 https://registry.npmjs.org/@jridgewell%2ftrace-mapping 247ms (cache revalidated)
662 silly packumentCache full:https://registry.npmjs.org/@jridgewell%2ftrace-mapping set size:170909 disposed:false
663 silly fetch manifest @babel/types@^7.27.3
664 silly packumentCache full:https://registry.npmjs.org/@babel%2ftypes cache-miss
665 http fetch GET 200 https://registry.npmjs.org/@babel%2fhelpers 251ms (cache revalidated)
666 silly packumentCache full:https://registry.npmjs.org/@babel%2fhelpers set size:392204 disposed:false
667 silly fetch manifest @babel/types@^7.24.7
668 silly packumentCache full:https://registry.npmjs.org/@babel%2ftypes cache-miss
669 http fetch GET 200 https://registry.npmjs.org/gensync 268ms (cache revalidated)
670 silly packumentCache full:https://registry.npmjs.org/gensync set size:15068 disposed:false
671 silly fetch manifest @inquirer/core@^10.3.2
672 silly packumentCache full:https://registry.npmjs.org/@inquirer%2fcore cache-miss
673 http fetch GET 200 https://registry.npmjs.org/@babel%2fgenerator 274ms (cache revalidated)
674 silly packumentCache full:https://registry.npmjs.org/@babel%2fgenerator set size:511498 disposed:false
675 silly fetch manifest @inquirer/type@^3.0.10
676 silly packumentCache full:https://registry.npmjs.org/@inquirer%2ftype cache-miss
677 http fetch GET 200 https://registry.npmjs.org/@babel%2fcode-frame 192ms (cache revalidated)
678 silly packumentCache full:https://registry.npmjs.org/@babel%2fcode-frame set size:200237 disposed:false
679 silly fetch manifest fdir@^6.5.0
680 silly packumentCache full:https://registry.npmjs.org/fdir cache-miss
681 http fetch GET 200 https://registry.npmjs.org/@jridgewell%2fremapping 199ms (cache revalidated)
682 silly packumentCache full:https://registry.npmjs.org/@jridgewell%2fremapping set size:23809 disposed:false
683 silly fetch manifest rollup@^4.43.0
684 silly packumentCache full:https://registry.npmjs.org/rollup cache-miss
685 http fetch GET 200 https://registry.npmjs.org/@babel%2fhelper-compilation-targets 193ms (cache revalidated)
686 silly packumentCache full:https://registry.npmjs.org/@babel%2fhelper-compilation-targets set size:222906 disposed:false
687 silly fetch manifest esbuild@^0.27.0
688 silly packumentCache full:https://registry.npmjs.org/esbuild cache-miss
689 http fetch GET 200 https://registry.npmjs.org/@babel%2fhelper-module-transforms 212ms (cache revalidated)
690 silly packumentCache full:https://registry.npmjs.org/@babel%2fhelper-module-transforms set size:337711 disposed:false
691 silly fetch manifest postcss@^8.5.6
692 silly packumentCache full:https://registry.npmjs.org/postcss cache-miss
693 http cache https://registry.npmjs.org/esbuild 29ms (cache hit)
694 silly packumentCache full:https://registry.npmjs.org/esbuild set size:1254708 disposed:false
695 silly fetch manifest fsevents@~2.3.3
696 silly packumentCache full:https://registry.npmjs.org/fsevents cache-miss
697 http cache https://registry.npmjs.org/postcss 43ms (cache hit)
698 silly packumentCache full:https://registry.npmjs.org/postcss set size:723316 disposed:false
699 silly fetch manifest postcss@^8.4.49
700 silly packumentCache full:https://registry.npmjs.org/postcss cache-hit
701 silly fetch manifest css-what@^7.0.0
702 silly packumentCache full:https://registry.npmjs.org/css-what cache-miss
703 http fetch GET 200 https://registry.npmjs.org/@inquirer%2ftype 229ms (cache revalidated)
704 silly packumentCache full:https://registry.npmjs.org/@inquirer%2ftype set size:115206 disposed:false
705 silly fetch manifest css-select@^6.0.0
706 silly packumentCache full:https://registry.npmjs.org/css-select cache-miss
707 http fetch GET 200 https://registry.npmjs.org/@inquirer%2fcore 258ms (cache revalidated)
708 silly packumentCache full:https://registry.npmjs.org/@inquirer%2fcore set size:347868 disposed:false
709 silly fetch manifest domhandler@^5.0.3
710 silly packumentCache full:https://registry.npmjs.org/domhandler cache-miss
711 http fetch GET 200 https://registry.npmjs.org/fdir 154ms (cache revalidated)
712 silly packumentCache full:https://registry.npmjs.org/fdir set size:136182 disposed:false
713 silly fetch manifest picocolors@^1.1.1
714 silly packumentCache full:https://registry.npmjs.org/picocolors cache-miss
715 http fetch GET 200 https://registry.npmjs.org/rollup 190ms (cache revalidated)
716 silly packumentCache full:https://registry.npmjs.org/rollup set size:6193699 disposed:false
717 silly fetch manifest htmlparser2@^10.0.0
718 silly packumentCache full:https://registry.npmjs.org/htmlparser2 cache-miss
719 http fetch GET 200 https://registry.npmjs.org/css-what 317ms (cache revalidated)
720 silly packumentCache full:https://registry.npmjs.org/css-what set size:81721 disposed:false
721 silly fetch manifest dom-serializer@^2.0.0
722 silly packumentCache full:https://registry.npmjs.org/dom-serializer cache-miss
723 http fetch GET 200 https://registry.npmjs.org/picocolors 275ms (cache revalidated)
724 silly packumentCache full:https://registry.npmjs.org/picocolors set size:16648 disposed:false
725 silly fetch manifest postcss-safe-parser@^7.0.1
726 silly packumentCache full:https://registry.npmjs.org/postcss-safe-parser cache-miss
727 http fetch GET 200 https://registry.npmjs.org/css-select 316ms (cache revalidated)
728 silly packumentCache full:https://registry.npmjs.org/css-select set size:111202 disposed:false
729 silly fetch manifest postcss-media-query-parser@^0.2.3
730 silly packumentCache full:https://registry.npmjs.org/postcss-media-query-parser cache-miss
731 http fetch GET 200 https://registry.npmjs.org/domhandler 312ms (cache revalidated)
732 silly packumentCache full:https://registry.npmjs.org/domhandler set size:78187 disposed:false
733 silly fetch manifest baseline-browser-mapping@^2.10.12
734 silly packumentCache full:https://registry.npmjs.org/baseline-browser-mapping cache-miss
735 http fetch GET 200 https://registry.npmjs.org/@babel%2ftraverse 846ms (cache revalidated)
736 silly packumentCache full:https://registry.npmjs.org/@babel%2ftraverse set size:553169 disposed:false
737 silly fetch manifest caniuse-lite@^1.0.30001782
738 silly packumentCache full:https://registry.npmjs.org/caniuse-lite cache-miss
739 http fetch GET 200 https://registry.npmjs.org/@babel%2ftypes 860ms (cache revalidated)
740 silly packumentCache full:https://registry.npmjs.org/@babel%2ftypes set size:491978 disposed:false
741 silly fetch manifest electron-to-chromium@^1.5.328
742 silly packumentCache full:https://registry.npmjs.org/electron-to-chromium cache-miss
743 http fetch GET 200 https://registry.npmjs.org/@babel%2ftemplate 865ms (cache revalidated)
744 silly packumentCache full:https://registry.npmjs.org/@babel%2ftemplate set size:231020 disposed:false
745 silly fetch manifest node-releases@^2.0.36
746 silly packumentCache full:https://registry.npmjs.org/node-releases cache-miss
747 http fetch GET 200 https://registry.npmjs.org/@babel%2ftypes 699ms (cache revalidated)
748 silly packumentCache full:https://registry.npmjs.org/@babel%2ftypes set size:491978 disposed:false
749 silly packumentCache full:https://registry.npmjs.org/@babel%2ftypes dispose
750 silly fetch manifest update-browserslist-db@^1.2.3
751 silly packumentCache full:https://registry.npmjs.org/update-browserslist-db cache-miss
752 http fetch GET 200 https://registry.npmjs.org/@babel%2ftypes 727ms (cache revalidated)
753 silly packumentCache full:https://registry.npmjs.org/@babel%2ftypes set size:491978 disposed:true
754 silly packumentCache full:https://registry.npmjs.org/@babel%2ftypes dispose
755 silly fetch manifest @esbuild/aix-ppc64@0.27.3
756 silly packumentCache full:https://registry.npmjs.org/@esbuild%2faix-ppc64 cache-miss
757 http fetch GET 200 https://registry.npmjs.org/htmlparser2 194ms (cache revalidated)
758 silly packumentCache full:https://registry.npmjs.org/htmlparser2 set size:176911 disposed:false
759 silly fetch manifest @esbuild/linux-arm@0.27.3
760 silly packumentCache full:https://registry.npmjs.org/@esbuild%2flinux-arm cache-miss
761 http fetch GET 200 https://registry.npmjs.org/dom-serializer 181ms (cache revalidated)
762 silly packumentCache full:https://registry.npmjs.org/dom-serializer set size:61296 disposed:false
763 silly fetch manifest @esbuild/linux-x64@0.27.3
764 silly packumentCache full:https://registry.npmjs.org/@esbuild%2flinux-x64 cache-miss
765 http fetch GET 200 https://registry.npmjs.org/postcss-media-query-parser 183ms (cache revalidated)
766 silly packumentCache full:https://registry.npmjs.org/postcss-media-query-parser set size:18322 disposed:false
767 silly fetch manifest @esbuild/sunos-x64@0.27.3
768 silly packumentCache full:https://registry.npmjs.org/@esbuild%2fsunos-x64 cache-miss
769 http fetch GET 200 https://registry.npmjs.org/electron-to-chromium 207ms (cache revalidated)
770 silly packumentCache full:https://registry.npmjs.org/electron-to-chromium set size:4800718 disposed:false
771 silly fetch manifest @esbuild/win32-x64@0.27.3
772 silly packumentCache full:https://registry.npmjs.org/@esbuild%2fwin32-x64 cache-miss
773 http fetch GET 200 https://registry.npmjs.org/baseline-browser-mapping 318ms (cache revalidated)
774 silly packumentCache full:https://registry.npmjs.org/baseline-browser-mapping set size:486893 disposed:false
775 silly fetch manifest @esbuild/darwin-x64@0.27.3
776 silly packumentCache full:https://registry.npmjs.org/@esbuild%2fdarwin-x64 cache-miss
777 http fetch GET 200 https://registry.npmjs.org/@esbuild%2flinux-arm 163ms (cache revalidated)
778 silly packumentCache full:https://registry.npmjs.org/@esbuild%2flinux-arm set size:195140 disposed:false
779 silly fetch manifest @esbuild/linux-ia32@0.27.3
780 silly packumentCache full:https://registry.npmjs.org/@esbuild%2flinux-ia32 cache-miss
781 http fetch GET 200 https://registry.npmjs.org/fsevents 695ms (cache revalidated)
782 silly packumentCache full:https://registry.npmjs.org/fsevents set size:182472 disposed:false
783 silly fetch manifest @esbuild/netbsd-x64@0.27.3
784 silly packumentCache full:https://registry.npmjs.org/@esbuild%2fnetbsd-x64 cache-miss
785 http fetch GET 200 https://registry.npmjs.org/@esbuild%2flinux-x64 192ms (cache revalidated)
786 silly packumentCache full:https://registry.npmjs.org/@esbuild%2flinux-x64 set size:195479 disposed:false
787 silly fetch manifest @esbuild/win32-ia32@0.27.3
788 silly packumentCache full:https://registry.npmjs.org/@esbuild%2fwin32-ia32 cache-miss
789 http fetch GET 200 https://registry.npmjs.org/@esbuild%2fsunos-x64 262ms (cache revalidated)
790 silly packumentCache full:https://registry.npmjs.org/@esbuild%2fsunos-x64 set size:195721 disposed:false
791 silly fetch manifest @esbuild/android-arm@0.27.3
792 silly packumentCache full:https://registry.npmjs.org/@esbuild%2fandroid-arm cache-miss
793 http fetch GET 200 https://registry.npmjs.org/@esbuild%2fnetbsd-x64 167ms (cache revalidated)
794 silly packumentCache full:https://registry.npmjs.org/@esbuild%2fnetbsd-x64 set size:193883 disposed:false
795 silly fetch manifest @esbuild/android-x64@0.27.3
796 silly packumentCache full:https://registry.npmjs.org/@esbuild%2fandroid-x64 cache-miss
797 http fetch GET 200 https://registry.npmjs.org/@esbuild%2flinux-ia32 183ms (cache revalidated)
798 silly packumentCache full:https://registry.npmjs.org/@esbuild%2flinux-ia32 set size:196150 disposed:false
799 silly fetch manifest @esbuild/freebsd-x64@0.27.3
800 silly packumentCache full:https://registry.npmjs.org/@esbuild%2ffreebsd-x64 cache-miss
801 http fetch GET 200 https://registry.npmjs.org/@esbuild%2fwin32-x64 241ms (cache revalidated)
802 silly packumentCache full:https://registry.npmjs.org/@esbuild%2fwin32-x64 set size:194073 disposed:false
803 silly fetch manifest @esbuild/linux-arm64@0.27.3
804 silly packumentCache full:https://registry.npmjs.org/@esbuild%2flinux-arm64 cache-miss
805 http fetch GET 200 https://registry.npmjs.org/@esbuild%2fwin32-ia32 200ms (cache revalidated)
806 silly packumentCache full:https://registry.npmjs.org/@esbuild%2fwin32-ia32 set size:196374 disposed:false
807 silly fetch manifest @esbuild/linux-ppc64@0.27.3
808 silly packumentCache full:https://registry.npmjs.org/@esbuild%2flinux-ppc64 cache-miss
809 http fetch GET 200 https://registry.npmjs.org/@esbuild%2fandroid-arm 160ms (cache revalidated)
810 silly packumentCache full:https://registry.npmjs.org/@esbuild%2fandroid-arm set size:221749 disposed:false
811 silly fetch manifest @esbuild/linux-s390x@0.27.3
812 silly packumentCache full:https://registry.npmjs.org/@esbuild%2flinux-s390x cache-miss
813 http fetch GET 200 https://registry.npmjs.org/postcss-safe-parser 719ms (cache revalidated)
814 silly packumentCache full:https://registry.npmjs.org/postcss-safe-parser set size:49104 disposed:false
815 silly fetch manifest @esbuild/openbsd-x64@0.27.3
816 silly packumentCache full:https://registry.npmjs.org/@esbuild%2fopenbsd-x64 cache-miss
817 http fetch GET 200 https://registry.npmjs.org/node-releases 701ms (cache revalidated)
818 silly packumentCache full:https://registry.npmjs.org/node-releases set size:276946 disposed:false
819 silly fetch manifest @esbuild/win32-arm64@0.27.3
820 silly packumentCache full:https://registry.npmjs.org/@esbuild%2fwin32-arm64 cache-miss
821 http fetch GET 200 https://registry.npmjs.org/caniuse-lite 726ms (cache revalidated)
822 silly packumentCache full:https://registry.npmjs.org/caniuse-lite set size:2293068 disposed:false
823 silly fetch manifest @esbuild/darwin-arm64@0.27.3
824 silly packumentCache full:https://registry.npmjs.org/@esbuild%2fdarwin-arm64 cache-miss
825 http fetch GET 200 https://registry.npmjs.org/update-browserslist-db 668ms (cache revalidated)
826 silly packumentCache full:https://registry.npmjs.org/update-browserslist-db set size:62000 disposed:false
827 silly fetch manifest @esbuild/netbsd-arm64@0.27.3
828 silly packumentCache full:https://registry.npmjs.org/@esbuild%2fnetbsd-arm64 cache-miss
829 http fetch GET 200 https://registry.npmjs.org/@esbuild%2faix-ppc64 682ms (cache revalidated)
830 silly packumentCache full:https://registry.npmjs.org/@esbuild%2faix-ppc64 set size:64314 disposed:false
831 silly fetch manifest @esbuild/android-arm64@0.27.3
832 silly packumentCache full:https://registry.npmjs.org/@esbuild%2fandroid-arm64 cache-miss
833 http fetch GET 200 https://registry.npmjs.org/@esbuild%2flinux-s390x 216ms (cache revalidated)
834 silly packumentCache full:https://registry.npmjs.org/@esbuild%2flinux-s390x set size:198784 disposed:false
835 silly fetch manifest @esbuild/freebsd-arm64@0.27.3
836 silly packumentCache full:https://registry.npmjs.org/@esbuild%2ffreebsd-arm64 cache-miss
837 http fetch GET 200 https://registry.npmjs.org/@esbuild%2flinux-ppc64 272ms (cache revalidated)
838 silly packumentCache full:https://registry.npmjs.org/@esbuild%2flinux-ppc64 set size:199310 disposed:false
839 silly fetch manifest @esbuild/linux-loong64@0.27.3
840 silly packumentCache full:https://registry.npmjs.org/@esbuild%2flinux-loong64 cache-miss
841 http fetch GET 200 https://registry.npmjs.org/@esbuild%2fwin32-arm64 178ms (cache revalidated)
842 silly packumentCache full:https://registry.npmjs.org/@esbuild%2fwin32-arm64 set size:197504 disposed:false
843 silly fetch manifest @esbuild/linux-riscv64@0.27.3
844 silly packumentCache full:https://registry.npmjs.org/@esbuild%2flinux-riscv64 cache-miss
845 http fetch GET 200 https://registry.npmjs.org/@esbuild%2fopenbsd-x64 198ms (cache revalidated)
846 silly packumentCache full:https://registry.npmjs.org/@esbuild%2fopenbsd-x64 set size:197080 disposed:false
847 silly fetch manifest @esbuild/openbsd-arm64@0.27.3
848 silly packumentCache full:https://registry.npmjs.org/@esbuild%2fopenbsd-arm64 cache-miss
849 http fetch GET 200 https://registry.npmjs.org/@esbuild%2fdarwin-x64 601ms (cache revalidated)
850 silly packumentCache full:https://registry.npmjs.org/@esbuild%2fdarwin-x64 set size:196195 disposed:false
851 silly fetch manifest @esbuild/linux-mips64el@0.27.3
852 silly packumentCache full:https://registry.npmjs.org/@esbuild%2flinux-mips64el cache-miss
853 http fetch GET 200 https://registry.npmjs.org/@esbuild%2fnetbsd-arm64 164ms (cache revalidated)
854 silly packumentCache full:https://registry.npmjs.org/@esbuild%2fnetbsd-arm64 set size:40794 disposed:false
855 silly fetch manifest @esbuild/openharmony-arm64@0.27.3
856 silly packumentCache full:https://registry.npmjs.org/@esbuild%2fopenharmony-arm64 cache-miss
857 http fetch GET 200 https://registry.npmjs.org/@esbuild%2ffreebsd-arm64 151ms (cache revalidated)
858 silly packumentCache full:https://registry.npmjs.org/@esbuild%2ffreebsd-arm64 set size:198853 disposed:false
859 silly fetch manifest debug@4
860 silly packumentCache full:https://registry.npmjs.org/debug cache-hit
861 silly fetch manifest agent-base@^7.1.2
862 silly packumentCache full:https://registry.npmjs.org/agent-base cache-miss
863 http fetch GET 200 https://registry.npmjs.org/@esbuild%2fandroid-arm64 180ms (cache revalidated)
864 silly packumentCache full:https://registry.npmjs.org/@esbuild%2fandroid-arm64 set size:200684 disposed:false
865 silly fetch manifest @babel/parser@^7.23.9
866 silly packumentCache full:https://registry.npmjs.org/@babel%2fparser cache-hit
867 silly fetch manifest @istanbuljs/schema@^0.1.3
868 silly packumentCache full:https://registry.npmjs.org/@istanbuljs%2fschema cache-miss
869 http fetch GET 200 https://registry.npmjs.org/@esbuild%2flinux-loong64 211ms (cache revalidated)
870 silly packumentCache full:https://registry.npmjs.org/@esbuild%2flinux-loong64 set size:252211 disposed:false
871 silly fetch manifest istanbul-lib-coverage@^3.2.0
872 silly packumentCache full:https://registry.npmjs.org/istanbul-lib-coverage cache-miss
873 http fetch GET 200 https://registry.npmjs.org/@esbuild%2flinux-mips64el 140ms (cache revalidated)
874 silly packumentCache full:https://registry.npmjs.org/@esbuild%2flinux-mips64el set size:201062 disposed:false
875 silly fetch manifest semver@^7.5.4
876 silly packumentCache full:https://registry.npmjs.org/semver cache-hit
877 silly fetch manifest rfdc@^1.4.1
878 silly packumentCache full:https://registry.npmjs.org/rfdc cache-miss
879 http fetch GET 200 https://registry.npmjs.org/@esbuild%2flinux-riscv64 181ms (cache revalidated)
880 silly packumentCache full:https://registry.npmjs.org/@esbuild%2flinux-riscv64 set size:198981 disposed:false
881 silly fetch manifest colorette@^2.0.20
882 silly packumentCache full:https://registry.npmjs.org/colorette cache-miss
883 http fetch GET 200 https://registry.npmjs.org/@esbuild%2fopenbsd-arm64 186ms (cache revalidated)
884 silly packumentCache full:https://registry.npmjs.org/@esbuild%2fopenbsd-arm64 set size:46111 disposed:false
885 silly fetch manifest wrap-ansi@^9.0.0
886 silly packumentCache full:https://registry.npmjs.org/wrap-ansi cache-miss
887 http fetch GET 200 https://registry.npmjs.org/agent-base 137ms (cache revalidated)
888 silly packumentCache full:https://registry.npmjs.org/agent-base set size:72085 disposed:false
889 silly fetch manifest log-update@^6.1.0
890 silly packumentCache full:https://registry.npmjs.org/log-update cache-miss
891 http fetch GET 200 https://registry.npmjs.org/@esbuild%2fopenharmony-arm64 212ms (cache revalidated)
892 silly packumentCache full:https://registry.npmjs.org/@esbuild%2fopenharmony-arm64 set size:29494 disposed:false
893 silly fetch manifest cli-truncate@^5.0.0
894 silly packumentCache full:https://registry.npmjs.org/cli-truncate cache-miss
895 http fetch GET 200 https://registry.npmjs.org/@istanbuljs%2fschema 250ms (cache revalidated)
896 silly packumentCache full:https://registry.npmjs.org/@istanbuljs%2fschema set size:16895 disposed:false
897 silly fetch manifest eventemitter3@^5.0.1
898 silly packumentCache full:https://registry.npmjs.org/eventemitter3 cache-miss
899 http fetch GET 200 https://registry.npmjs.org/log-update 137ms (cache revalidated)
900 silly packumentCache full:https://registry.npmjs.org/log-update set size:60732 disposed:false
901 silly fetch manifest msgpackr@^1.11.2
902 silly packumentCache full:https://registry.npmjs.org/msgpackr cache-miss
903 http fetch GET 200 https://registry.npmjs.org/istanbul-lib-coverage 240ms (cache revalidated)
904 silly packumentCache full:https://registry.npmjs.org/istanbul-lib-coverage set size:75651 disposed:false
905 silly fetch manifest node-addon-api@^6.1.0
906 silly packumentCache full:https://registry.npmjs.org/node-addon-api cache-miss
907 http fetch GET 200 https://registry.npmjs.org/cli-truncate 140ms (cache revalidated)
908 silly packumentCache full:https://registry.npmjs.org/cli-truncate set size:35177 disposed:false
909 silly fetch manifest ordered-binary@^1.5.3
910 silly packumentCache full:https://registry.npmjs.org/ordered-binary cache-miss
911 http fetch GET 200 https://registry.npmjs.org/@esbuild%2fandroid-x64 811ms (cache revalidated)
912 silly packumentCache full:https://registry.npmjs.org/@esbuild%2fandroid-x64 set size:195551 disposed:false
913 silly fetch manifest weak-lru-cache@^1.2.2
914 silly packumentCache full:https://registry.npmjs.org/weak-lru-cache cache-miss
915 http fetch GET 200 https://registry.npmjs.org/@esbuild%2ffreebsd-x64 814ms (cache revalidated)
916 silly packumentCache full:https://registry.npmjs.org/@esbuild%2ffreebsd-x64 set size:197070 disposed:false
917 silly fetch manifest @harperfast/extended-iterable@^1.0.3
918 silly packumentCache full:https://registry.npmjs.org/@harperfast%2fextended-iterable cache-miss
919 http fetch GET 200 https://registry.npmjs.org/wrap-ansi 234ms (cache revalidated)
920 silly packumentCache full:https://registry.npmjs.org/wrap-ansi set size:55299 disposed:false
921 silly fetch manifest node-gyp-build-optional-packages@5.2.2
922 silly packumentCache full:https://registry.npmjs.org/node-gyp-build-optional-packages cache-miss
923 http fetch GET 200 https://registry.npmjs.org/@esbuild%2fdarwin-arm64 596ms (cache revalidated)
924 silly packumentCache full:https://registry.npmjs.org/@esbuild%2fdarwin-arm64 set size:197958 disposed:false
925 silly fetch manifest @lmdb/lmdb-linux-arm@3.5.1
926 silly packumentCache full:https://registry.npmjs.org/@lmdb%2flmdb-linux-arm cache-miss
927 http fetch GET 200 https://registry.npmjs.org/msgpackr 159ms (cache revalidated)
928 silly packumentCache full:https://registry.npmjs.org/msgpackr set size:415443 disposed:false
929 silly fetch manifest @lmdb/lmdb-linux-x64@3.5.1
930 silly packumentCache full:https://registry.npmjs.org/@lmdb%2flmdb-linux-x64 cache-miss
931 http fetch GET 200 https://registry.npmjs.org/rfdc 384ms (cache revalidated)
932 silly packumentCache full:https://registry.npmjs.org/rfdc set size:45382 disposed:false
933 silly fetch manifest @lmdb/lmdb-win32-x64@3.5.1
934 silly packumentCache full:https://registry.npmjs.org/@lmdb%2flmdb-win32-x64 cache-miss
935 http fetch GET 200 https://registry.npmjs.org/node-addon-api 173ms (cache revalidated)
936 silly packumentCache full:https://registry.npmjs.org/node-addon-api set size:347062 disposed:false
937 silly fetch manifest @lmdb/lmdb-darwin-x64@3.5.1
938 silly packumentCache full:https://registry.npmjs.org/@lmdb%2flmdb-darwin-x64 cache-miss
939 http fetch GET 200 https://registry.npmjs.org/weak-lru-cache 162ms (cache revalidated)
940 silly packumentCache full:https://registry.npmjs.org/weak-lru-cache set size:69411 disposed:false
941 silly fetch manifest @lmdb/lmdb-linux-arm64@3.5.1
942 silly packumentCache full:https://registry.npmjs.org/@lmdb%2flmdb-linux-arm64 cache-miss
943 http fetch GET 200 https://registry.npmjs.org/ordered-binary 175ms (cache revalidated)
944 silly packumentCache full:https://registry.npmjs.org/ordered-binary set size:68084 disposed:false
945 silly fetch manifest @lmdb/lmdb-win32-arm64@3.5.1
946 silly packumentCache full:https://registry.npmjs.org/@lmdb%2flmdb-win32-arm64 cache-miss
947 http fetch GET 200 https://registry.npmjs.org/@esbuild%2flinux-arm64 963ms (cache revalidated)
948 silly packumentCache full:https://registry.npmjs.org/@esbuild%2flinux-arm64 set size:197274 disposed:false
949 silly fetch manifest @lmdb/lmdb-darwin-arm64@3.5.1
950 silly packumentCache full:https://registry.npmjs.org/@lmdb%2flmdb-darwin-arm64 cache-miss
951 http fetch GET 200 https://registry.npmjs.org/node-gyp-build-optional-packages 199ms (cache revalidated)
952 silly packumentCache full:https://registry.npmjs.org/node-gyp-build-optional-packages set size:49852 disposed:false
953 silly fetch manifest @jridgewell/sourcemap-codec@^1.5.5
954 silly packumentCache full:https://registry.npmjs.org/@jridgewell%2fsourcemap-codec cache-hit
955 silly fetch manifest entities@^6.0.0
956 silly packumentCache full:https://registry.npmjs.org/entities cache-miss
957 http fetch GET 200 https://registry.npmjs.org/@harperfast%2fextended-iterable 216ms (cache revalidated)
958 silly packumentCache full:https://registry.npmjs.org/@harperfast%2fextended-iterable set size:10900 disposed:false
959 silly fetch manifest parse5-sax-parser@^8.0.0
960 silly packumentCache full:https://registry.npmjs.org/parse5-sax-parser cache-miss
961 http fetch GET 200 https://registry.npmjs.org/@lmdb%2flmdb-linux-x64 191ms (cache revalidated)
962 silly packumentCache full:https://registry.npmjs.org/@lmdb%2flmdb-linux-x64 set size:195611 disposed:false
963 silly fetch manifest @napi-rs/nice@^1.0.4
964 silly packumentCache full:https://registry.npmjs.org/@napi-rs%2fnice cache-miss
965 http fetch GET 200 https://registry.npmjs.org/@lmdb%2flmdb-linux-arm64 170ms (cache revalidated)
966 silly packumentCache full:https://registry.npmjs.org/@lmdb%2flmdb-linux-arm64 set size:195766 disposed:false
967 silly fetch manifest @oxc-project/types@=0.113.0
968 silly packumentCache full:https://registry.npmjs.org/@oxc-project%2ftypes cache-miss
969 http fetch GET 200 https://registry.npmjs.org/@lmdb%2flmdb-darwin-arm64 160ms (cache revalidated)
970 silly packumentCache full:https://registry.npmjs.org/@lmdb%2flmdb-darwin-arm64 set size:195012 disposed:false
971 silly fetch manifest @rolldown/pluginutils@1.0.0-rc.4
972 silly packumentCache full:https://registry.npmjs.org/@rolldown%2fpluginutils cache-miss
973 http fetch GET 200 https://registry.npmjs.org/@lmdb%2flmdb-win32-arm64 206ms (cache revalidated)
974 silly packumentCache full:https://registry.npmjs.org/@lmdb%2flmdb-win32-arm64 set size:14598 disposed:false
975 silly fetch manifest @rolldown/binding-darwin-x64@1.0.0-rc.4
976 silly packumentCache full:https://registry.npmjs.org/@rolldown%2fbinding-darwin-x64 cache-miss
977 http fetch GET 200 https://registry.npmjs.org/entities 162ms (cache revalidated)
978 silly packumentCache full:https://registry.npmjs.org/entities set size:101550 disposed:false
979 silly fetch manifest @rolldown/binding-freebsd-x64@1.0.0-rc.4
980 silly packumentCache full:https://registry.npmjs.org/@rolldown%2fbinding-freebsd-x64 cache-miss
981 http fetch GET 200 https://registry.npmjs.org/parse5-sax-parser 169ms (cache revalidated)
982 silly packumentCache full:https://registry.npmjs.org/parse5-sax-parser set size:18860 disposed:false
983 silly fetch manifest @rolldown/binding-wasm32-wasi@1.0.0-rc.4
984 silly packumentCache full:https://registry.npmjs.org/@rolldown%2fbinding-wasm32-wasi cache-miss
985 http fetch GET 200 https://registry.npmjs.org/colorette 702ms (cache revalidated)
986 silly packumentCache full:https://registry.npmjs.org/colorette set size:92733 disposed:false
987 silly fetch manifest @rolldown/binding-darwin-arm64@1.0.0-rc.4
988 silly packumentCache full:https://registry.npmjs.org/@rolldown%2fbinding-darwin-arm64 cache-miss
989 http fetch GET 200 https://registry.npmjs.org/@oxc-project%2ftypes 166ms (cache revalidated)
990 silly packumentCache full:https://registry.npmjs.org/@oxc-project%2ftypes set size:226468 disposed:false
991 silly fetch manifest @rolldown/binding-android-arm64@1.0.0-rc.4
992 silly packumentCache full:https://registry.npmjs.org/@rolldown%2fbinding-android-arm64 cache-miss
993 http fetch GET 200 https://registry.npmjs.org/@rolldown%2fpluginutils 159ms (cache revalidated)
994 silly packumentCache full:https://registry.npmjs.org/@rolldown%2fpluginutils set size:300388 disposed:false
995 silly fetch manifest @rolldown/binding-linux-x64-gnu@1.0.0-rc.4
996 silly packumentCache full:https://registry.npmjs.org/@rolldown%2fbinding-linux-x64-gnu cache-miss
997 http fetch GET 200 https://registry.npmjs.org/@rolldown%2fbinding-freebsd-x64 151ms (cache revalidated)
998 silly packumentCache full:https://registry.npmjs.org/@rolldown%2fbinding-freebsd-x64 set size:1039375 disposed:false
999 silly fetch manifest @rolldown/binding-linux-x64-musl@1.0.0-rc.4
1000 silly packumentCache full:https://registry.npmjs.org/@rolldown%2fbinding-linux-x64-musl cache-miss
1001 http fetch GET 200 https://registry.npmjs.org/@rolldown%2fbinding-darwin-x64 202ms (cache revalidated)
1002 silly packumentCache full:https://registry.npmjs.org/@rolldown%2fbinding-darwin-x64 set size:1359747 disposed:false
1003 silly fetch manifest @rolldown/binding-win32-x64-msvc@1.0.0-rc.4
1004 silly packumentCache full:https://registry.npmjs.org/@rolldown%2fbinding-win32-x64-msvc cache-miss
1005 http fetch GET 200 https://registry.npmjs.org/@rolldown%2fbinding-darwin-arm64 152ms (cache revalidated)
1006 silly packumentCache full:https://registry.npmjs.org/@rolldown%2fbinding-darwin-arm64 set size:1371335 disposed:false
1007 silly fetch manifest @rolldown/binding-linux-arm64-gnu@1.0.0-rc.4
1008 silly packumentCache full:https://registry.npmjs.org/@rolldown%2fbinding-linux-arm64-gnu cache-miss
1009 http fetch GET 200 https://registry.npmjs.org/@rolldown%2fbinding-android-arm64 160ms (cache revalidated)
1010 silly packumentCache full:https://registry.npmjs.org/@rolldown%2fbinding-android-arm64 set size:145763 disposed:false
1011 silly fetch manifest @rolldown/binding-linux-arm64-musl@1.0.0-rc.4
1012 silly packumentCache full:https://registry.npmjs.org/@rolldown%2fbinding-linux-arm64-musl cache-miss
1013 http fetch GET 200 https://registry.npmjs.org/@rolldown%2fbinding-wasm32-wasi 286ms (cache revalidated)
1014 silly packumentCache full:https://registry.npmjs.org/@rolldown%2fbinding-wasm32-wasi set size:1347270 disposed:false
1015 silly fetch manifest @rolldown/binding-win32-arm64-msvc@1.0.0-rc.4
1016 silly packumentCache full:https://registry.npmjs.org/@rolldown%2fbinding-win32-arm64-msvc cache-miss
1017 http fetch GET 200 https://registry.npmjs.org/@rolldown%2fbinding-linux-x64-musl 170ms (cache revalidated)
1018 silly packumentCache full:https://registry.npmjs.org/@rolldown%2fbinding-linux-x64-musl set size:1389461 disposed:false
1019 silly fetch manifest @rolldown/binding-openharmony-arm64@1.0.0-rc.4
1020 silly packumentCache full:https://registry.npmjs.org/@rolldown%2fbinding-openharmony-arm64 cache-miss
1021 http fetch GET 200 https://registry.npmjs.org/eventemitter3 826ms (cache revalidated)
1022 silly packumentCache full:https://registry.npmjs.org/eventemitter3 set size:92292 disposed:false
1023 silly fetch manifest @rolldown/binding-linux-arm-gnueabihf@1.0.0-rc.4
1024 silly packumentCache full:https://registry.npmjs.org/@rolldown%2fbinding-linux-arm-gnueabihf cache-miss
1025 http fetch GET 200 https://registry.npmjs.org/@rolldown%2fbinding-linux-arm64-musl 170ms (cache revalidated)
1026 silly packumentCache full:https://registry.npmjs.org/@rolldown%2fbinding-linux-arm64-musl set size:1401043 disposed:false
1027 silly fetch manifest chokidar@^4.0.0
1028 silly packumentCache full:https://registry.npmjs.org/chokidar cache-hit
1029 silly fetch manifest immutable@^5.0.2
1030 silly packumentCache full:https://registry.npmjs.org/immutable cache-miss
1031 http fetch GET 200 https://registry.npmjs.org/@lmdb%2flmdb-linux-arm 837ms (cache revalidated)
1032 silly packumentCache full:https://registry.npmjs.org/@lmdb%2flmdb-linux-arm set size:194046 disposed:false
1033 silly fetch manifest source-map-js@>=0.6.2 <2.0.0
1034 silly packumentCache full:https://registry.npmjs.org/source-map-js cache-miss
1035 http fetch GET 200 https://registry.npmjs.org/@lmdb%2flmdb-darwin-x64 707ms (cache revalidated)
1036 silly packumentCache full:https://registry.npmjs.org/@lmdb%2flmdb-darwin-x64 set size:193408 disposed:false
1037 silly fetch manifest @parcel/watcher@^2.4.1
1038 silly packumentCache full:https://registry.npmjs.org/@parcel%2fwatcher cache-miss
1039 http fetch GET 200 https://registry.npmjs.org/@rolldown%2fbinding-linux-arm-gnueabihf 132ms (cache revalidated)
1040 silly packumentCache full:https://registry.npmjs.org/@rolldown%2fbinding-linux-arm-gnueabihf set size:1405946 disposed:false
1041 silly fetch manifest buffer-from@^1.0.0
1042 silly packumentCache full:https://registry.npmjs.org/buffer-from cache-miss
1043 http fetch GET 200 https://registry.npmjs.org/@rolldown%2fbinding-win32-arm64-msvc 221ms (cache revalidated)
1044 silly packumentCache full:https://registry.npmjs.org/@rolldown%2fbinding-win32-arm64-msvc set size:1391553 disposed:false
1045 silly fetch manifest source-map@^0.6.0
1046 silly packumentCache full:https://registry.npmjs.org/source-map cache-miss
1047 http fetch GET 200 https://registry.npmjs.org/@rolldown%2fbinding-openharmony-arm64 220ms (cache revalidated)
1048 silly packumentCache full:https://registry.npmjs.org/@rolldown%2fbinding-openharmony-arm64 set size:107384 disposed:false
1049 silly fetch manifest graceful-fs@^4.1.2
1050 silly packumentCache full:https://registry.npmjs.org/graceful-fs cache-miss
1051 http fetch GET 200 https://registry.npmjs.org/@lmdb%2flmdb-win32-x64 851ms (cache revalidated)
1052 silly packumentCache full:https://registry.npmjs.org/@lmdb%2flmdb-win32-x64 set size:192588 disposed:false
1053 silly fetch manifest glob-to-regexp@^0.4.1
1054 silly packumentCache full:https://registry.npmjs.org/glob-to-regexp cache-miss
1055 http fetch GET 200 https://registry.npmjs.org/@napi-rs%2fnice 685ms (cache revalidated)
1056 silly packumentCache full:https://registry.npmjs.org/@napi-rs%2fnice set size:26707 disposed:false
1057 http fetch GET 200 https://registry.npmjs.org/immutable 155ms (cache revalidated)
1058 silly packumentCache full:https://registry.npmjs.org/immutable set size:245402 disposed:false
1059 http fetch GET 200 https://registry.npmjs.org/@parcel%2fwatcher 178ms (cache revalidated)
1060 silly packumentCache full:https://registry.npmjs.org/@parcel%2fwatcher set size:121392 disposed:false
1061 http fetch GET 200 https://registry.npmjs.org/buffer-from 201ms (cache revalidated)
1062 silly packumentCache full:https://registry.npmjs.org/buffer-from set size:15463 disposed:false
1063 http fetch GET 200 https://registry.npmjs.org/glob-to-regexp 142ms (cache revalidated)
1064 silly packumentCache full:https://registry.npmjs.org/glob-to-regexp set size:15844 disposed:false
1065 http fetch GET 200 https://registry.npmjs.org/@rolldown%2fbinding-linux-x64-gnu 647ms (cache revalidated)
1066 silly packumentCache full:https://registry.npmjs.org/@rolldown%2fbinding-linux-x64-gnu set size:1384839 disposed:false
1067 http fetch GET 200 https://registry.npmjs.org/graceful-fs 230ms (cache revalidated)
1068 silly packumentCache full:https://registry.npmjs.org/graceful-fs set size:124285 disposed:false
1069 http fetch GET 200 https://registry.npmjs.org/@rolldown%2fbinding-win32-x64-msvc 640ms (cache revalidated)
1070 silly packumentCache full:https://registry.npmjs.org/@rolldown%2fbinding-win32-x64-msvc set size:1377586 disposed:false
1071 http fetch GET 200 https://registry.npmjs.org/@rolldown%2fbinding-linux-arm64-gnu 693ms (cache revalidated)
1072 silly packumentCache full:https://registry.npmjs.org/@rolldown%2fbinding-linux-arm64-gnu set size:1396467 disposed:false
1073 http fetch GET 200 https://registry.npmjs.org/source-map 482ms (cache revalidated)
1074 silly packumentCache full:https://registry.npmjs.org/source-map set size:226212 disposed:false
1075 http fetch GET 200 https://registry.npmjs.org/source-map-js 600ms (cache revalidated)
1076 silly packumentCache full:https://registry.npmjs.org/source-map-js set size:62640 disposed:false
1077 silly placeDep ROOT @jridgewell/gen-mapping@0.3.13 OK for: @ampproject/remapping@2.3.0 want: ^0.3.5
1078 silly placeDep ROOT @jridgewell/trace-mapping@0.3.31 OK for: @ampproject/remapping@2.3.0 want: ^0.3.24
1079 silly fetch manifest @jridgewell/sourcemap-codec@^1.5.0
1080 silly packumentCache full:https://registry.npmjs.org/@jridgewell%2fsourcemap-codec cache-hit
1081 silly fetch manifest @jridgewell/resolve-uri@^3.1.0
1082 silly packumentCache full:https://registry.npmjs.org/@jridgewell%2fresolve-uri cache-miss
1083 http fetch GET 200 https://registry.npmjs.org/@jridgewell%2fresolve-uri 155ms (cache revalidated)
1084 silly packumentCache full:https://registry.npmjs.org/@jridgewell%2fresolve-uri set size:57361 disposed:false
1085 silly placeDep ROOT @angular-devkit/core@21.2.11 OK for: @angular-devkit/architect@0.2102.11 want: 21.2.11
1086 silly fetch manifest ajv@8.18.0
1087 silly packumentCache full:https://registry.npmjs.org/ajv cache-miss
1088 silly fetch manifest source-map@0.7.6
1089 silly packumentCache full:https://registry.npmjs.org/source-map cache-hit
1090 silly fetch manifest ajv-formats@3.0.1
1091 silly packumentCache full:https://registry.npmjs.org/ajv-formats cache-miss
1092 http fetch GET 200 https://registry.npmjs.org/ajv-formats 146ms (cache revalidated)
1093 silly packumentCache full:https://registry.npmjs.org/ajv-formats set size:141264 disposed:false
1094 http fetch GET 200 https://registry.npmjs.org/ajv 213ms (cache revalidated)
1095 silly packumentCache full:https://registry.npmjs.org/ajv set size:1142658 disposed:false
1096 silly placeDep ROOT ajv@8.18.0 OK for: @angular-devkit/core@21.2.11 want: 8.18.0
1097 silly placeDep ROOT ajv-formats@3.0.1 OK for: @angular-devkit/core@21.2.11 want: 3.0.1
1098 silly placeDep ROOT source-map@0.7.6 OK for: @angular-devkit/core@21.2.11 want: 0.7.6
1099 silly fetch manifest fast-uri@^3.0.1
1100 silly packumentCache full:https://registry.npmjs.org/fast-uri cache-miss
1101 silly fetch manifest fast-deep-equal@^3.1.3
1102 silly packumentCache full:https://registry.npmjs.org/fast-deep-equal cache-miss
1103 silly fetch manifest require-from-string@^2.0.2
1104 silly packumentCache full:https://registry.npmjs.org/require-from-string cache-miss
1105 silly fetch manifest json-schema-traverse@^1.0.0
1106 silly packumentCache full:https://registry.npmjs.org/json-schema-traverse cache-miss
1107 http fetch GET 200 https://registry.npmjs.org/fast-deep-equal 156ms (cache revalidated)
1108 silly packumentCache full:https://registry.npmjs.org/fast-deep-equal set size:48634 disposed:false
1109 http fetch GET 200 https://registry.npmjs.org/json-schema-traverse 166ms (cache revalidated)
1110 silly packumentCache full:https://registry.npmjs.org/json-schema-traverse set size:23537 disposed:false
1111 http fetch GET 200 https://registry.npmjs.org/require-from-string 705ms (cache revalidated)
1112 silly packumentCache full:https://registry.npmjs.org/require-from-string set size:15128 disposed:false
1113 http fetch GET 200 https://registry.npmjs.org/fast-uri 850ms (cache revalidated)
1114 silly packumentCache full:https://registry.npmjs.org/fast-uri set size:68147 disposed:false
1115 silly fetch manifest @cfworker/json-schema@^4.1.1
1116 silly packumentCache full:https://registry.npmjs.org/@cfworker%2fjson-schema cache-miss
1117 http fetch GET 200 https://registry.npmjs.org/@cfworker%2fjson-schema 240ms (cache revalidated)
1118 silly packumentCache full:https://registry.npmjs.org/@cfworker%2fjson-schema set size:144207 disposed:false
1119 silly placeDep ROOT @angular-devkit/schematics@21.2.11 OK for: @angular/cli@21.2.11 want: 21.2.11
1120 silly placeDep ROOT @inquirer/prompts@7.10.1 OK for: @angular/cli@21.2.11 want: 7.10.1
1121 silly placeDep ROOT @listr2/prompt-adapter-inquirer@3.0.5 OK for: @angular/cli@21.2.11 want: 3.0.5
1122 silly placeDep ROOT @modelcontextprotocol/sdk@1.26.0 OK for: @angular/cli@21.2.11 want: 1.26.0
1123 silly placeDep ROOT @schematics/angular@21.2.11 OK for: @angular/cli@21.2.11 want: 21.2.11
1124 silly placeDep ROOT @yarnpkg/lockfile@1.1.0 OK for: @angular/cli@21.2.11 want: 1.1.0
1125 silly placeDep ROOT algoliasearch@5.48.1 OK for: @angular/cli@21.2.11 want: 5.48.1
1126 silly placeDep ROOT ini@6.0.0 OK for: @angular/cli@21.2.11 want: 6.0.0
1127 silly placeDep ROOT npm-package-arg@13.0.2 OK for: @angular/cli@21.2.11 want: 13.0.2
1128 silly placeDep ROOT pacote@21.3.1 OK for: @angular/cli@21.2.11 want: 21.3.1
1129 silly placeDep ROOT yargs@18.0.0 OK for: @angular/cli@21.2.11 want: 18.0.0
1130 silly placeDep ROOT zod@4.3.6 OK for: @angular/cli@21.2.11 want: 4.3.6
1131 silly fetch manifest ora@9.3.0
1132 silly packumentCache full:https://registry.npmjs.org/ora cache-miss
1133 silly fetch manifest @inquirer/input@^4.3.1
1134 silly packumentCache full:https://registry.npmjs.org/@inquirer%2finput cache-miss
1135 silly fetch manifest @inquirer/editor@^4.2.23
1136 silly packumentCache full:https://registry.npmjs.org/@inquirer%2feditor cache-miss
1137 silly fetch manifest @inquirer/expand@^4.0.23
1138 silly packumentCache full:https://registry.npmjs.org/@inquirer%2fexpand cache-miss
1139 silly fetch manifest @inquirer/number@^3.0.23
1140 silly packumentCache full:https://registry.npmjs.org/@inquirer%2fnumber cache-miss
1141 silly fetch manifest @inquirer/search@^3.2.2
1142 silly packumentCache full:https://registry.npmjs.org/@inquirer%2fsearch cache-miss
1143 silly fetch manifest @inquirer/select@^4.4.2
1144 silly packumentCache full:https://registry.npmjs.org/@inquirer%2fselect cache-miss
1145 silly fetch manifest @inquirer/rawlist@^4.1.11
1146 silly packumentCache full:https://registry.npmjs.org/@inquirer%2frawlist cache-miss
1147 silly fetch manifest @inquirer/checkbox@^4.3.2
1148 silly packumentCache full:https://registry.npmjs.org/@inquirer%2fcheckbox cache-miss
1149 silly fetch manifest @inquirer/password@^4.0.23
1150 silly packumentCache full:https://registry.npmjs.org/@inquirer%2fpassword cache-miss
1151 silly fetch manifest @inquirer/type@^3.0.8
1152 silly packumentCache full:https://registry.npmjs.org/@inquirer%2ftype cache-hit
1153 silly fetch manifest zod@^3.25 || ^4.0
1154 silly packumentCache full:https://registry.npmjs.org/zod cache-miss
1155 http cache https://registry.npmjs.org/zod 64ms (cache hit)
1156 silly packumentCache full:https://registry.npmjs.org/zod set size:3552562 disposed:false
1157 silly fetch manifest cors@^2.8.5
1158 silly packumentCache full:https://registry.npmjs.org/cors cache-miss
1159 http fetch GET 200 https://registry.npmjs.org/@inquirer%2fexpand 184ms (cache revalidated)
1160 silly packumentCache full:https://registry.npmjs.org/@inquirer%2fexpand set size:317238 disposed:false
1161 silly fetch manifest hono@^4.11.4
1162 silly packumentCache full:https://registry.npmjs.org/hono cache-miss
1163 http fetch GET 200 https://registry.npmjs.org/@inquirer%2fnumber 205ms (cache revalidated)
1164 silly packumentCache full:https://registry.npmjs.org/@inquirer%2fnumber set size:137698 disposed:false
1165 silly fetch manifest jose@^6.1.3
1166 silly packumentCache full:https://registry.npmjs.org/jose cache-miss
1167 http fetch GET 200 https://registry.npmjs.org/@inquirer%2frawlist 215ms (cache revalidated)
1168 silly packumentCache full:https://registry.npmjs.org/@inquirer%2frawlist set size:283761 disposed:false
1169 silly fetch manifest express@^5.2.1
1170 silly packumentCache full:https://registry.npmjs.org/express cache-miss
1171 http fetch GET 200 https://registry.npmjs.org/@inquirer%2finput 224ms (cache revalidated)
1172 silly packumentCache full:https://registry.npmjs.org/@inquirer%2finput set size:312113 disposed:false
1173 silly fetch manifest raw-body@^3.0.0
1174 silly packumentCache full:https://registry.npmjs.org/raw-body cache-miss
1175 http fetch GET 200 https://registry.npmjs.org/@inquirer%2fcheckbox 232ms (cache revalidated)
1176 silly packumentCache full:https://registry.npmjs.org/@inquirer%2fcheckbox set size:341262 disposed:false
1177 silly fetch manifest cross-spawn@^7.0.5
1178 silly packumentCache full:https://registry.npmjs.org/cross-spawn cache-miss
1179 http fetch GET 200 https://registry.npmjs.org/cors 155ms (cache revalidated)
1180 silly packumentCache full:https://registry.npmjs.org/cors set size:77956 disposed:false
1181 silly fetch manifest eventsource@^3.0.2
1182 silly packumentCache full:https://registry.npmjs.org/eventsource cache-miss
1183 http fetch GET 200 https://registry.npmjs.org/@inquirer%2fsearch 257ms (cache revalidated)
1184 silly packumentCache full:https://registry.npmjs.org/@inquirer%2fsearch set size:138028 disposed:false
1185 silly fetch manifest content-type@^1.0.5
1186 silly packumentCache full:https://registry.npmjs.org/content-type cache-miss
1187 http fetch GET 200 https://registry.npmjs.org/hono 134ms (cache revalidated)
1188 silly packumentCache full:https://registry.npmjs.org/hono set size:5717664 disposed:false
1189 silly fetch manifest pkce-challenge@^5.0.0
1190 silly packumentCache full:https://registry.npmjs.org/pkce-challenge cache-miss
1191 http fetch GET 200 https://registry.npmjs.org/cross-spawn 160ms (cache revalidated)
1192 silly packumentCache full:https://registry.npmjs.org/cross-spawn set size:109066 disposed:false
1193 silly fetch manifest @hono/node-server@^1.19.9
1194 silly packumentCache full:https://registry.npmjs.org/@hono%2fnode-server cache-miss
1195 http fetch GET 200 https://registry.npmjs.org/express 183ms (cache revalidated)
1196 silly packumentCache full:https://registry.npmjs.org/express set size:804926 disposed:false
1197 silly fetch manifest json-schema-typed@^8.0.2
1198 silly packumentCache full:https://registry.npmjs.org/json-schema-typed cache-miss
1199 http fetch GET 200 https://registry.npmjs.org/eventsource 174ms (cache revalidated)
1200 silly packumentCache full:https://registry.npmjs.org/eventsource set size:128214 disposed:false
1201 silly fetch manifest eventsource-parser@^3.0.0
1202 silly packumentCache full:https://registry.npmjs.org/eventsource-parser cache-miss
1203 http fetch GET 200 https://registry.npmjs.org/content-type 176ms (cache revalidated)
1204 silly packumentCache full:https://registry.npmjs.org/content-type set size:18994 disposed:false
1205 silly fetch manifest express-rate-limit@^8.2.1
1206 silly packumentCache full:https://registry.npmjs.org/express-rate-limit cache-miss
1207 http fetch GET 200 https://registry.npmjs.org/pkce-challenge 188ms (cache revalidated)
1208 silly packumentCache full:https://registry.npmjs.org/pkce-challenge set size:37734 disposed:false
1209 silly fetch manifest zod-to-json-schema@^3.25.1
1210 silly packumentCache full:https://registry.npmjs.org/zod-to-json-schema cache-miss
1211 http fetch GET 200 https://registry.npmjs.org/@inquirer%2fselect 608ms (cache revalidated)
1212 silly packumentCache full:https://registry.npmjs.org/@inquirer%2fselect set size:330046 disposed:false
1213 silly fetch manifest @algolia/abtesting@1.14.1
1214 silly packumentCache full:https://registry.npmjs.org/@algolia%2fabtesting cache-miss
1215 http fetch GET 200 https://registry.npmjs.org/express-rate-limit 189ms (cache revalidated)
1216 silly packumentCache full:https://registry.npmjs.org/express-rate-limit set size:443601 disposed:false
1217 silly fetch manifest @algolia/ingestion@1.48.1
1218 silly packumentCache full:https://registry.npmjs.org/@algolia%2fingestion cache-miss
1219 http fetch GET 200 https://registry.npmjs.org/@inquirer%2feditor 635ms (cache revalidated)
1220 silly packumentCache full:https://registry.npmjs.org/@inquirer%2feditor set size:315450 disposed:false
1221 silly fetch manifest @algolia/recommend@5.48.1
1222 silly packumentCache full:https://registry.npmjs.org/@algolia%2frecommend cache-miss
1223 http fetch GET 200 https://registry.npmjs.org/eventsource-parser 205ms (cache revalidated)
1224 silly packumentCache full:https://registry.npmjs.org/eventsource-parser set size:72949 disposed:false
1225 silly fetch manifest @algolia/monitoring@1.48.1
1226 silly packumentCache full:https://registry.npmjs.org/@algolia%2fmonitoring cache-miss
1227 http fetch GET 200 https://registry.npmjs.org/json-schema-typed 222ms (cache revalidated)
1228 silly packumentCache full:https://registry.npmjs.org/json-schema-typed set size:26165 disposed:false
1229 silly fetch manifest @algolia/client-common@5.48.1
1230 silly packumentCache full:https://registry.npmjs.org/@algolia%2fclient-common cache-miss
1231 http fetch GET 200 https://registry.npmjs.org/@hono%2fnode-server 242ms (cache revalidated)
1232 silly packumentCache full:https://registry.npmjs.org/@hono%2fnode-server set size:254642 disposed:false
1233 silly fetch manifest @algolia/client-search@5.48.1
1234 silly packumentCache full:https://registry.npmjs.org/@algolia%2fclient-search cache-miss
1235 http fetch GET 200 https://registry.npmjs.org/@inquirer%2fpassword 697ms (cache revalidated)
1236 silly packumentCache full:https://registry.npmjs.org/@inquirer%2fpassword set size:313946 disposed:false
1237 silly fetch manifest @algolia/client-insights@5.48.1
1238 silly packumentCache full:https://registry.npmjs.org/@algolia%2fclient-insights cache-miss
1239 http fetch GET 200 https://registry.npmjs.org/zod-to-json-schema 136ms (cache revalidated)
1240 silly packumentCache full:https://registry.npmjs.org/zod-to-json-schema set size:309584 disposed:false
1241 silly fetch manifest @algolia/requester-fetch@5.48.1
1242 silly packumentCache full:https://registry.npmjs.org/@algolia%2frequester-fetch cache-miss
1243 http fetch GET 200 https://registry.npmjs.org/ora 748ms (cache revalidated)
1244 silly packumentCache full:https://registry.npmjs.org/ora set size:144913 disposed:false
1245 silly fetch manifest @algolia/client-abtesting@5.48.1
1246 silly packumentCache full:https://registry.npmjs.org/@algolia%2fclient-abtesting cache-miss
1247 http fetch GET 200 https://registry.npmjs.org/@algolia%2frecommend 160ms (cache revalidated)
1248 silly packumentCache full:https://registry.npmjs.org/@algolia%2frecommend set size:743715 disposed:false
1249 silly fetch manifest @algolia/client-analytics@5.48.1
1250 silly packumentCache full:https://registry.npmjs.org/@algolia%2fclient-analytics cache-miss
1251 http fetch GET 200 https://registry.npmjs.org/@algolia%2fclient-search 167ms (cache revalidated)
1252 silly packumentCache full:https://registry.npmjs.org/@algolia%2fclient-search set size:963064 disposed:false
1253 silly fetch manifest @algolia/requester-node-http@5.48.1
1254 silly packumentCache full:https://registry.npmjs.org/@algolia%2frequester-node-http cache-miss
1255 http fetch GET 200 https://registry.npmjs.org/jose 626ms (cache revalidated)
1256 silly packumentCache full:https://registry.npmjs.org/jose set size:1413195 disposed:false
1257 silly fetch manifest @algolia/requester-browser-xhr@5.48.1
1258 silly packumentCache full:https://registry.npmjs.org/@algolia%2frequester-browser-xhr cache-miss
1259 http fetch GET 200 https://registry.npmjs.org/raw-body 617ms (cache revalidated)
1260 silly packumentCache full:https://registry.npmjs.org/raw-body set size:117822 disposed:false
1261 silly fetch manifest @algolia/client-personalization@5.48.1
1262 silly packumentCache full:https://registry.npmjs.org/@algolia%2fclient-personalization cache-miss
1263 http fetch GET 200 https://registry.npmjs.org/@algolia%2fclient-abtesting 149ms (cache revalidated)
1264 silly packumentCache full:https://registry.npmjs.org/@algolia%2fclient-abtesting set size:1671793 disposed:false
1265 silly fetch manifest @algolia/client-query-suggestions@5.48.1
1266 silly packumentCache full:https://registry.npmjs.org/@algolia%2fclient-query-suggestions cache-miss
1267 http fetch GET 200 https://registry.npmjs.org/@algolia%2frequester-fetch 198ms (cache revalidated)
1268 silly packumentCache full:https://registry.npmjs.org/@algolia%2frequester-fetch set size:1784379 disposed:false
1269 silly fetch manifest proc-log@^6.0.0
1270 silly packumentCache full:https://registry.npmjs.org/proc-log cache-miss
1271 http fetch GET 200 https://registry.npmjs.org/@algolia%2fclient-insights 238ms (cache revalidated)
1272 silly packumentCache full:https://registry.npmjs.org/@algolia%2fclient-insights set size:641489 disposed:false
1273 silly fetch manifest hosted-git-info@^9.0.0
1274 silly packumentCache full:https://registry.npmjs.org/hosted-git-info cache-miss
1275 http fetch GET 200 https://registry.npmjs.org/@algolia%2fclient-personalization 137ms (cache revalidated)
1276 silly packumentCache full:https://registry.npmjs.org/@algolia%2fclient-personalization set size:1932271 disposed:false
1277 silly fetch manifest validate-npm-package-name@^7.0.0
1278 silly packumentCache full:https://registry.npmjs.org/validate-npm-package-name cache-miss
1279 http fetch GET 200 https://registry.npmjs.org/@algolia%2frequester-browser-xhr 178ms (cache revalidated)
1280 silly packumentCache full:https://registry.npmjs.org/@algolia%2frequester-browser-xhr set size:886753 disposed:false
1281 silly fetch manifest tar@^7.4.3
1282 silly packumentCache full:https://registry.npmjs.org/tar cache-miss
1283 http fetch GET 200 https://registry.npmjs.org/@algolia%2frequester-node-http 207ms (cache revalidated)
1284 silly packumentCache full:https://registry.npmjs.org/@algolia%2frequester-node-http set size:877867 disposed:false
1285 silly fetch manifest ssri@^13.0.0
1286 silly packumentCache full:https://registry.npmjs.org/ssri cache-miss
1287 http fetch GET 200 https://registry.npmjs.org/@algolia%2fclient-analytics 234ms (cache revalidated)
1288 silly packumentCache full:https://registry.npmjs.org/@algolia%2fclient-analytics set size:969845 disposed:false
1289 silly fetch manifest cacache@^20.0.0
1290 silly packumentCache full:https://registry.npmjs.org/cacache cache-miss
1291 http fetch GET 200 https://registry.npmjs.org/hosted-git-info 152ms (cache revalidated)
1292 silly packumentCache full:https://registry.npmjs.org/hosted-git-info set size:190196 disposed:false
1293 silly fetch manifest minipass@^7.0.2
1294 silly packumentCache full:https://registry.npmjs.org/minipass cache-miss
1295 http fetch GET 200 https://registry.npmjs.org/@algolia%2fclient-query-suggestions 207ms (cache revalidated)
1296 silly packumentCache full:https://registry.npmjs.org/@algolia%2fclient-query-suggestions set size:1694100 disposed:false
1297 silly fetch manifest proc-log@^6.0.0
1298 silly packumentCache full:https://registry.npmjs.org/proc-log cache-miss
1299 http fetch GET 200 https://registry.npmjs.org/@algolia%2fabtesting 675ms (cache revalidated)
1300 silly packumentCache full:https://registry.npmjs.org/@algolia%2fabtesting set size:306493 disposed:false
1301 silly fetch manifest sigstore@^4.0.0
1302 silly packumentCache full:https://registry.npmjs.org/sigstore cache-miss
1303 http fetch GET 200 https://registry.npmjs.org/@algolia%2fmonitoring 673ms (cache revalidated)
1304 silly packumentCache full:https://registry.npmjs.org/@algolia%2fmonitoring set size:1140306 disposed:false
1305 silly fetch manifest @npmcli/git@^7.0.0
1306 silly packumentCache full:https://registry.npmjs.org/@npmcli%2fgit cache-miss
1307 http fetch GET 200 https://registry.npmjs.org/@algolia%2fingestion 828ms (cache revalidated)
1308 silly packumentCache full:https://registry.npmjs.org/@algolia%2fingestion set size:1469710 disposed:false
1309 silly fetch manifest fs-minipass@^3.0.0
1310 silly packumentCache full:https://registry.npmjs.org/fs-minipass cache-miss
1311 http fetch GET 200 https://registry.npmjs.org/@algolia%2fclient-common 864ms (cache revalidated)
1312 silly packumentCache full:https://registry.npmjs.org/@algolia%2fclient-common set size:849865 disposed:false
1313 silly fetch manifest npm-packlist@^10.0.1
1314 silly packumentCache full:https://registry.npmjs.org/npm-packlist cache-miss
1315 http fetch GET 200 https://registry.npmjs.org/tar 581ms (cache revalidated)
1316 silly packumentCache full:https://registry.npmjs.org/tar set size:544656 disposed:false
1317 silly fetch manifest promise-retry@^2.0.1
1318 silly packumentCache full:https://registry.npmjs.org/promise-retry cache-miss
1319 http fetch GET 200 https://registry.npmjs.org/proc-log 476ms (cache revalidated)
1320 silly packumentCache full:https://registry.npmjs.org/proc-log set size:35852 disposed:false
1321 silly fetch manifest npm-pick-manifest@^11.0.1
1322 silly packumentCache full:https://registry.npmjs.org/npm-pick-manifest cache-miss
1323 http fetch GET 200 https://registry.npmjs.org/proc-log 687ms (cache revalidated)
1324 silly packumentCache full:https://registry.npmjs.org/proc-log set size:35852 disposed:false
1325 silly packumentCache full:https://registry.npmjs.org/proc-log dispose
1326 silly fetch manifest @npmcli/run-script@^10.0.0
1327 silly packumentCache full:https://registry.npmjs.org/@npmcli%2frun-script cache-miss
1328 http fetch GET 200 https://registry.npmjs.org/validate-npm-package-name 630ms (cache revalidated)
1329 silly packumentCache full:https://registry.npmjs.org/validate-npm-package-name set size:51156 disposed:false
1330 silly fetch manifest npm-registry-fetch@^19.0.0
1331 silly packumentCache full:https://registry.npmjs.org/npm-registry-fetch cache-miss
1332 http fetch GET 200 https://registry.npmjs.org/sigstore 355ms (cache revalidated)
1333 silly packumentCache full:https://registry.npmjs.org/sigstore set size:116846 disposed:false
1334 silly fetch manifest @npmcli/package-json@^7.0.0
1335 silly packumentCache full:https://registry.npmjs.org/@npmcli%2fpackage-json cache-miss
1336 http fetch GET 200 https://registry.npmjs.org/cacache 603ms (cache revalidated)
1337 silly packumentCache full:https://registry.npmjs.org/cacache set size:385699 disposed:false
1338 silly fetch manifest @npmcli/promise-spawn@^9.0.0
1339 silly packumentCache full:https://registry.npmjs.org/@npmcli%2fpromise-spawn cache-miss
1340 http fetch GET 200 https://registry.npmjs.org/@npmcli%2fgit 353ms (cache revalidated)
1341 silly packumentCache full:https://registry.npmjs.org/@npmcli%2fgit set size:113420 disposed:false
1342 silly fetch manifest @npmcli/installed-package-contents@^4.0.0
1343 silly packumentCache full:https://registry.npmjs.org/@npmcli%2finstalled-package-contents cache-miss
1344 http fetch GET 200 https://registry.npmjs.org/fs-minipass 201ms (cache revalidated)
1345 silly packumentCache full:https://registry.npmjs.org/fs-minipass set size:44606 disposed:false
1346 silly fetch manifest cliui@^9.0.1
1347 silly packumentCache full:https://registry.npmjs.org/cliui cache-miss
1348 http fetch GET 200 https://registry.npmjs.org/npm-packlist 177ms (cache revalidated)
1349 silly packumentCache full:https://registry.npmjs.org/npm-packlist set size:194896 disposed:false
1350 silly fetch manifest escalade@^3.1.1
1351 silly packumentCache full:https://registry.npmjs.org/escalade cache-miss
1352 http fetch GET 200 https://registry.npmjs.org/promise-retry 131ms (cache revalidated)
1353 silly packumentCache full:https://registry.npmjs.org/promise-retry set size:34511 disposed:false
1354 silly fetch manifest get-caller-file@^2.0.5
1355 silly packumentCache full:https://registry.npmjs.org/get-caller-file cache-miss
1356 http fetch GET 200 https://registry.npmjs.org/@npmcli%2frun-script 159ms (cache revalidated)
1357 silly packumentCache full:https://registry.npmjs.org/@npmcli%2frun-script set size:199436 disposed:false
1358 silly fetch manifest string-width@^7.2.0
1359 silly packumentCache full:https://registry.npmjs.org/string-width cache-miss
1360 http fetch GET 200 https://registry.npmjs.org/npm-registry-fetch 157ms (cache revalidated)
1361 silly packumentCache full:https://registry.npmjs.org/npm-registry-fetch set size:279367 disposed:false
1362 silly fetch manifest y18n@^5.0.5
1363 silly packumentCache full:https://registry.npmjs.org/y18n cache-miss
1364 http fetch GET 200 https://registry.npmjs.org/cliui 125ms (cache revalidated)
1365 silly packumentCache full:https://registry.npmjs.org/cliui set size:69089 disposed:false
1366 silly fetch manifest yargs-parser@^22.0.0
1367 silly packumentCache full:https://registry.npmjs.org/yargs-parser cache-miss
1368 http fetch GET 200 https://registry.npmjs.org/@npmcli%2fpackage-json 175ms (cache revalidated)
1369 silly packumentCache full:https://registry.npmjs.org/@npmcli%2fpackage-json set size:82094 disposed:false
1370 http fetch GET 200 https://registry.npmjs.org/@npmcli%2fpromise-spawn 172ms (cache revalidated)
1371 silly packumentCache full:https://registry.npmjs.org/@npmcli%2fpromise-spawn set size:70616 disposed:false
1372 http fetch GET 200 https://registry.npmjs.org/escalade 151ms (cache revalidated)
1373 silly packumentCache full:https://registry.npmjs.org/escalade set size:33724 disposed:false
1374 http fetch GET 200 https://registry.npmjs.org/@npmcli%2finstalled-package-contents 170ms (cache revalidated)
1375 silly packumentCache full:https://registry.npmjs.org/@npmcli%2finstalled-package-contents set size:51596 disposed:false
1376 http fetch GET 200 https://registry.npmjs.org/string-width 175ms (cache revalidated)
1377 silly packumentCache full:https://registry.npmjs.org/string-width set size:70381 disposed:false
1378 http fetch GET 200 https://registry.npmjs.org/yargs-parser 154ms (cache revalidated)
1379 silly packumentCache full:https://registry.npmjs.org/yargs-parser set size:238630 disposed:false
1380 http fetch GET 200 https://registry.npmjs.org/y18n 215ms (cache revalidated)
1381 silly packumentCache full:https://registry.npmjs.org/y18n set size:76155 disposed:false
1382 http fetch GET 200 https://registry.npmjs.org/minipass 912ms (cache revalidated)
1383 silly packumentCache full:https://registry.npmjs.org/minipass set size:276925 disposed:false
1384 http fetch GET 200 https://registry.npmjs.org/npm-pick-manifest 555ms (cache revalidated)
1385 silly packumentCache full:https://registry.npmjs.org/npm-pick-manifest set size:105209 disposed:false
1386 http fetch GET 200 https://registry.npmjs.org/ssri 1282ms (cache revalidated)
1387 silly packumentCache full:https://registry.npmjs.org/ssri set size:139044 disposed:false
1388 http fetch GET 200 https://registry.npmjs.org/get-caller-file 575ms (cache revalidated)
1389 silly packumentCache full:https://registry.npmjs.org/get-caller-file set size:26456 disposed:false
1390 silly placeDep ROOT ora@9.3.0 OK for: @angular-devkit/schematics@21.2.11 want: 9.3.0
1391 silly fetch manifest chalk@^5.6.2
1392 silly packumentCache full:https://registry.npmjs.org/chalk cache-miss
1393 silly fetch manifest cli-cursor@^5.0.0
1394 silly packumentCache full:https://registry.npmjs.org/cli-cursor cache-miss
1395 silly fetch manifest log-symbols@^7.0.1
1396 silly packumentCache full:https://registry.npmjs.org/log-symbols cache-miss
1397 silly fetch manifest cli-spinners@^3.2.0
1398 silly packumentCache full:https://registry.npmjs.org/cli-spinners cache-miss
1399 silly fetch manifest string-width@^8.1.0
1400 silly packumentCache full:https://registry.npmjs.org/string-width cache-hit
1401 silly fetch manifest is-interactive@^2.0.0
1402 silly packumentCache full:https://registry.npmjs.org/is-interactive cache-miss
1403 silly fetch manifest stdin-discarder@^0.3.1
1404 silly packumentCache full:https://registry.npmjs.org/stdin-discarder cache-miss
1405 silly fetch manifest is-unicode-supported@^2.1.0
1406 silly packumentCache full:https://registry.npmjs.org/is-unicode-supported cache-miss
1407 http fetch GET 200 https://registry.npmjs.org/chalk 140ms (cache revalidated)
1408 silly packumentCache full:https://registry.npmjs.org/chalk set size:117861 disposed:false
1409 http fetch GET 200 https://registry.npmjs.org/cli-spinners 145ms (cache revalidated)
1410 silly packumentCache full:https://registry.npmjs.org/cli-spinners set size:67473 disposed:false
1411 http fetch GET 200 https://registry.npmjs.org/cli-cursor 149ms (cache revalidated)
1412 silly packumentCache full:https://registry.npmjs.org/cli-cursor set size:18913 disposed:false
1413 http fetch GET 200 https://registry.npmjs.org/is-interactive 154ms (cache revalidated)
1414 silly packumentCache full:https://registry.npmjs.org/is-interactive set size:10692 disposed:false
1415 http fetch GET 200 https://registry.npmjs.org/is-unicode-supported 176ms (cache revalidated)
1416 silly packumentCache full:https://registry.npmjs.org/is-unicode-supported set size:19461 disposed:false
1417 http fetch GET 200 https://registry.npmjs.org/stdin-discarder 187ms (cache revalidated)
1418 silly packumentCache full:https://registry.npmjs.org/stdin-discarder set size:15211 disposed:false
1419 http fetch GET 200 https://registry.npmjs.org/log-symbols 210ms (cache revalidated)
1420 silly packumentCache full:https://registry.npmjs.org/log-symbols set size:31977 disposed:false
1421 silly placeDep ROOT @jridgewell/sourcemap-codec@1.5.5 OK for: @angular/compiler-cli@21.2.13 want: ^1.4.14
1422 silly placeDep ROOT chokidar@5.0.0 OK for: @angular/compiler-cli@21.2.13 want: ^5.0.0
1423 silly placeDep ROOT convert-source-map@1.9.0 OK for: @angular/compiler-cli@21.2.13 want: ^1.5.1
1424 silly placeDep ROOT reflect-metadata@0.2.2 OK for: @angular/compiler-cli@21.2.13 want: ^0.2.0
1425 silly fetch manifest readdirp@^5.0.0
1426 silly packumentCache full:https://registry.npmjs.org/readdirp cache-miss
1427 http fetch GET 200 https://registry.npmjs.org/readdirp 680ms (cache revalidated)
1428 silly packumentCache full:https://registry.npmjs.org/readdirp set size:107589 disposed:false
1429 silly placeDep ROOT @standard-schema/spec@1.1.0 OK for: @angular/forms@21.2.13 want: ^1.0.0
1430 silly fetch manifest @babel/core@^7.0.0
1431 silly packumentCache full:https://registry.npmjs.org/@babel%2fcore cache-hit
1432 silly placeDep ROOT @babel/code-frame@7.29.0 OK for: @babel/core@7.29.0 want: ^7.29.0
1433 silly placeDep ROOT @babel/generator@7.29.1 OK for: @babel/core@7.29.0 want: ^7.29.0
1434 silly placeDep ROOT @babel/helper-compilation-targets@7.28.6 OK for: @babel/core@7.29.0 want: ^7.28.6
1435 silly placeDep ROOT @babel/helper-module-transforms@7.28.6 OK for: @babel/core@7.29.0 want: ^7.28.6
1436 silly placeDep ROOT @babel/helpers@7.29.2 OK for: @babel/core@7.29.0 want: ^7.28.6
1437 silly placeDep ROOT @babel/parser@7.29.3 OK for: @babel/core@7.29.0 want: ^7.29.0
1438 silly placeDep ROOT @babel/template@7.28.6 OK for: @babel/core@7.29.0 want: ^7.28.6
1439 silly placeDep ROOT @babel/traverse@7.29.0 OK for: @babel/core@7.29.0 want: ^7.29.0
1440 silly placeDep ROOT @babel/types@7.29.0 OK for: @babel/core@7.29.0 want: ^7.29.0
1441 silly placeDep ROOT @jridgewell/remapping@2.3.5 OK for: @babel/core@7.29.0 want: ^2.3.5
1442 silly placeDep node_modules/@babel/core convert-source-map@2.0.0 OK for: @babel/core@7.29.0 want: ^2.0.0
1443 silly placeDep ROOT debug@4.4.3 OK for: @babel/core@7.29.0 want: ^4.1.0
1444 silly placeDep ROOT gensync@1.0.0-beta.2 OK for: @babel/core@7.29.0 want: ^1.0.0-beta.2
1445 silly placeDep ROOT json5@2.2.3 OK for: @babel/core@7.29.0 want: ^2.2.3
1446 silly placeDep node_modules/@babel/core semver@6.3.1 OK for: @babel/core@7.29.0 want: ^6.3.1
1447 silly fetch manifest js-tokens@^4.0.0
1448 silly packumentCache full:https://registry.npmjs.org/js-tokens cache-miss
1449 silly fetch manifest @babel/helper-validator-identifier@^7.28.5
1450 silly packumentCache full:https://registry.npmjs.org/@babel%2fhelper-validator-identifier cache-miss
1451 silly fetch manifest jsesc@^3.0.2
1452 silly packumentCache full:https://registry.npmjs.org/jsesc cache-miss
1453 silly fetch manifest lru-cache@^5.1.1
1454 silly packumentCache full:https://registry.npmjs.org/lru-cache cache-miss
1455 silly fetch manifest @babel/compat-data@^7.28.6
1456 silly packumentCache full:https://registry.npmjs.org/@babel%2fcompat-data cache-miss
1457 silly fetch manifest @babel/helper-validator-option@^7.27.1
1458 silly packumentCache full:https://registry.npmjs.org/@babel%2fhelper-validator-option cache-miss
1459 silly fetch manifest @babel/traverse@^7.28.6
1460 silly packumentCache full:https://registry.npmjs.org/@babel%2ftraverse cache-hit
1461 silly fetch manifest @babel/helper-module-imports@^7.28.6
1462 silly packumentCache full:https://registry.npmjs.org/@babel%2fhelper-module-imports cache-miss
1463 silly fetch manifest @babel/helper-validator-identifier@^7.28.5
1464 silly packumentCache full:https://registry.npmjs.org/@babel%2fhelper-validator-identifier cache-miss
1465 silly fetch manifest @babel/types@^7.28.6
1466 silly packumentCache full:https://registry.npmjs.org/@babel%2ftypes cache-hit
1467 silly fetch manifest debug@^4.3.1
1468 silly packumentCache full:https://registry.npmjs.org/debug cache-hit
1469 silly fetch manifest @babel/helper-globals@^7.28.0
1470 silly packumentCache full:https://registry.npmjs.org/@babel%2fhelper-globals cache-miss
1471 silly fetch manifest @babel/helper-string-parser@^7.27.1
1472 silly packumentCache full:https://registry.npmjs.org/@babel%2fhelper-string-parser cache-miss
1473 silly fetch manifest @babel/helper-validator-identifier@^7.28.5
1474 silly packumentCache full:https://registry.npmjs.org/@babel%2fhelper-validator-identifier cache-miss
1475 http fetch GET 200 https://registry.npmjs.org/@babel%2fhelper-globals 204ms (cache revalidated)
1476 silly packumentCache full:https://registry.npmjs.org/@babel%2fhelper-globals set size:19175 disposed:false
1477 silly fetch manifest ms@^2.1.3
1478 silly packumentCache full:https://registry.npmjs.org/ms cache-miss
1479 http fetch GET 200 https://registry.npmjs.org/@babel%2fhelper-validator-option 258ms (cache revalidated)
1480 silly packumentCache full:https://registry.npmjs.org/@babel%2fhelper-validator-option set size:95686 disposed:false
1481 http fetch GET 200 https://registry.npmjs.org/@babel%2fhelper-string-parser 257ms (cache revalidated)
1482 silly packumentCache full:https://registry.npmjs.org/@babel%2fhelper-string-parser set size:85662 disposed:false
1483 http fetch GET 200 https://registry.npmjs.org/js-tokens 274ms (cache revalidated)
1484 silly packumentCache full:https://registry.npmjs.org/js-tokens set size:41947 disposed:false
1485 http fetch GET 200 https://registry.npmjs.org/ms 177ms (cache revalidated)
1486 silly packumentCache full:https://registry.npmjs.org/ms set size:92208 disposed:false
1487 http fetch GET 200 https://registry.npmjs.org/lru-cache 665ms (cache revalidated)
1488 silly packumentCache full:https://registry.npmjs.org/lru-cache set size:447777 disposed:false
1489 http fetch GET 200 https://registry.npmjs.org/@babel%2fcompat-data 682ms (cache revalidated)
1490 silly packumentCache full:https://registry.npmjs.org/@babel%2fcompat-data set size:311957 disposed:false
1491 http fetch GET 200 https://registry.npmjs.org/@babel%2fhelper-validator-identifier 703ms (cache revalidated)
1492 silly packumentCache full:https://registry.npmjs.org/@babel%2fhelper-validator-identifier set size:119950 disposed:false
1493 http fetch GET 200 https://registry.npmjs.org/@babel%2fhelper-validator-identifier 722ms (cache revalidated)
1494 silly packumentCache full:https://registry.npmjs.org/@babel%2fhelper-validator-identifier set size:119950 disposed:false
1495 silly packumentCache full:https://registry.npmjs.org/@babel%2fhelper-validator-identifier dispose
1496 http fetch GET 200 https://registry.npmjs.org/@babel%2fhelper-module-imports 741ms (cache revalidated)
1497 silly packumentCache full:https://registry.npmjs.org/@babel%2fhelper-module-imports set size:197300 disposed:false
1498 http fetch GET 200 https://registry.npmjs.org/@babel%2fhelper-validator-identifier 747ms (cache revalidated)
1499 silly packumentCache full:https://registry.npmjs.org/@babel%2fhelper-validator-identifier set size:119950 disposed:true
1500 silly packumentCache full:https://registry.npmjs.org/@babel%2fhelper-validator-identifier dispose
1501 http fetch GET 200 https://registry.npmjs.org/jsesc 765ms (cache revalidated)
1502 silly packumentCache full:https://registry.npmjs.org/jsesc set size:61512 disposed:false
1503 silly placeDep ROOT @babel/helper-validator-identifier@7.28.5 OK for: @babel/code-frame@7.29.0 want: ^7.28.5
1504 silly placeDep ROOT js-tokens@4.0.0 OK for: @babel/code-frame@7.29.0 want: ^4.0.0
1505 silly placeDep ROOT picocolors@1.1.1 OK for: @babel/code-frame@7.29.0 want: ^1.1.1
1506 silly placeDep ROOT jsesc@3.1.0 OK for: @babel/generator@7.29.1 want: ^3.0.2
1507 silly placeDep ROOT @babel/compat-data@7.29.3 OK for: @babel/helper-compilation-targets@7.28.6 want: ^7.28.6
1508 silly placeDep ROOT @babel/helper-validator-option@7.27.1 OK for: @babel/helper-compilation-targets@7.28.6 want: ^7.27.1
1509 silly placeDep ROOT lru-cache@5.1.1 OK for: @babel/helper-compilation-targets@7.28.6 want: ^5.1.1
1510 silly placeDep node_modules/@babel/helper-compilation-targets semver@6.3.1 OK for: @babel/helper-compilation-targets@7.28.6 want: ^6.3.1
1511 silly fetch manifest yallist@^3.0.2
1512 silly packumentCache full:https://registry.npmjs.org/yallist cache-miss
1513 http fetch GET 200 https://registry.npmjs.org/yallist 280ms (cache revalidated)
1514 silly packumentCache full:https://registry.npmjs.org/yallist set size:34610 disposed:false
1515 silly placeDep ROOT @babel/helper-module-imports@7.28.6 OK for: @babel/helper-module-transforms@7.28.6 want: ^7.28.6
1516 silly placeDep ROOT @babel/helper-globals@7.28.0 OK for: @babel/traverse@7.29.0 want: ^7.28.0
1517 silly placeDep ROOT @babel/helper-string-parser@7.27.1 OK for: @babel/types@7.29.0 want: ^7.27.1
1518 silly placeDep ROOT @inquirer/core@10.3.2 OK for: @inquirer/confirm@5.1.21 want: ^10.3.2
1519 silly placeDep ROOT @inquirer/type@3.0.10 OK for: @inquirer/confirm@5.1.21 want: ^3.0.10
1520 silly fetch manifest cli-width@^4.1.0
1521 silly packumentCache full:https://registry.npmjs.org/cli-width cache-miss
1522 silly fetch manifest wrap-ansi@^6.2.0
1523 silly packumentCache full:https://registry.npmjs.org/wrap-ansi cache-hit
1524 silly fetch manifest mute-stream@^2.0.0
1525 silly packumentCache full:https://registry.npmjs.org/mute-stream cache-miss
1526 silly fetch manifest signal-exit@^4.1.0
1527 silly packumentCache full:https://registry.npmjs.org/signal-exit cache-miss
1528 silly fetch manifest @inquirer/ansi@^1.0.2
1529 silly packumentCache full:https://registry.npmjs.org/@inquirer%2fansi cache-miss
1530 silly fetch manifest yoctocolors-cjs@^2.1.3
1531 silly packumentCache full:https://registry.npmjs.org/yoctocolors-cjs cache-miss
1532 silly fetch manifest @inquirer/figures@^1.0.15
1533 silly packumentCache full:https://registry.npmjs.org/@inquirer%2ffigures cache-miss
1534 http fetch GET 200 https://registry.npmjs.org/yoctocolors-cjs 291ms (cache revalidated)
1535 silly packumentCache full:https://registry.npmjs.org/yoctocolors-cjs set size:12865 disposed:false
1536 http fetch GET 200 https://registry.npmjs.org/cli-width 899ms (cache revalidated)
1537 silly packumentCache full:https://registry.npmjs.org/cli-width set size:24976 disposed:false
1538 http fetch GET 200 https://registry.npmjs.org/signal-exit 927ms (cache revalidated)
1539 silly packumentCache full:https://registry.npmjs.org/signal-exit set size:53489 disposed:false
1540 http fetch GET 200 https://registry.npmjs.org/@inquirer%2ffigures 952ms (cache revalidated)
1541 silly packumentCache full:https://registry.npmjs.org/@inquirer%2ffigures set size:52687 disposed:false
1542 http fetch GET 200 https://registry.npmjs.org/mute-stream 960ms (cache revalidated)
1543 silly packumentCache full:https://registry.npmjs.org/mute-stream set size:24469 disposed:false
1544 http fetch GET 200 https://registry.npmjs.org/@inquirer%2fansi 1019ms (cache revalidated)
1545 silly packumentCache full:https://registry.npmjs.org/@inquirer%2fansi set size:24508 disposed:false
1546 silly placeDep ROOT @inquirer/ansi@1.0.2 OK for: @inquirer/core@10.3.2 want: ^1.0.2
1547 silly placeDep ROOT @inquirer/figures@1.0.15 OK for: @inquirer/core@10.3.2 want: ^1.0.15
1548 silly placeDep ROOT cli-width@4.1.0 OK for: @inquirer/core@10.3.2 want: ^4.1.0
1549 silly placeDep ROOT mute-stream@2.0.0 OK for: @inquirer/core@10.3.2 want: ^2.0.0
1550 silly placeDep ROOT signal-exit@4.1.0 OK for: @inquirer/core@10.3.2 want: ^4.1.0
1551 silly placeDep ROOT wrap-ansi@6.2.0 OK for: @inquirer/core@10.3.2 want: ^6.2.0
1552 silly placeDep ROOT yoctocolors-cjs@2.1.3 OK for: @inquirer/core@10.3.2 want: ^2.1.3
1553 silly fetch manifest strip-ansi@^6.0.0
1554 silly packumentCache full:https://registry.npmjs.org/strip-ansi cache-miss
1555 silly fetch manifest ansi-styles@^4.0.0
1556 silly packumentCache full:https://registry.npmjs.org/ansi-styles cache-miss
1557 silly fetch manifest string-width@^4.1.0
1558 silly packumentCache full:https://registry.npmjs.org/string-width cache-hit
1559 http fetch GET 200 https://registry.npmjs.org/strip-ansi 922ms (cache revalidated)
1560 silly packumentCache full:https://registry.npmjs.org/strip-ansi set size:44998 disposed:false
1561 http fetch GET 200 https://registry.npmjs.org/ansi-styles 1008ms (cache revalidated)
1562 silly packumentCache full:https://registry.npmjs.org/ansi-styles set size:63233 disposed:false
1563 silly placeDep ROOT @inquirer/checkbox@4.3.2 OK for: @inquirer/prompts@7.10.1 want: ^4.3.2
1564 silly placeDep ROOT @inquirer/editor@4.2.23 OK for: @inquirer/prompts@7.10.1 want: ^4.2.23
1565 silly placeDep ROOT @inquirer/expand@4.0.23 OK for: @inquirer/prompts@7.10.1 want: ^4.0.23
1566 silly placeDep ROOT @inquirer/input@4.3.1 OK for: @inquirer/prompts@7.10.1 want: ^4.3.1
1567 silly placeDep ROOT @inquirer/number@3.0.23 OK for: @inquirer/prompts@7.10.1 want: ^3.0.23
1568 silly placeDep ROOT @inquirer/password@4.0.23 OK for: @inquirer/prompts@7.10.1 want: ^4.0.23
1569 silly placeDep ROOT @inquirer/rawlist@4.1.11 OK for: @inquirer/prompts@7.10.1 want: ^4.1.11
1570 silly placeDep ROOT @inquirer/search@3.2.2 OK for: @inquirer/prompts@7.10.1 want: ^3.2.2
1571 silly placeDep ROOT @inquirer/select@4.4.2 OK for: @inquirer/prompts@7.10.1 want: ^4.4.2
1572 silly fetch manifest @inquirer/external-editor@^1.0.3
1573 silly packumentCache full:https://registry.npmjs.org/@inquirer%2fexternal-editor cache-miss
1574 http fetch GET 200 https://registry.npmjs.org/@inquirer%2fexternal-editor 183ms (cache revalidated)
1575 silly packumentCache full:https://registry.npmjs.org/@inquirer%2fexternal-editor set size:33131 disposed:false
1576 silly placeDep ROOT @inquirer/external-editor@1.0.3 OK for: @inquirer/editor@4.2.23 want: ^1.0.3
1577 silly fetch manifest chardet@^2.1.1
1578 silly packumentCache full:https://registry.npmjs.org/chardet cache-miss
1579 silly fetch manifest iconv-lite@^0.7.0
1580 silly packumentCache full:https://registry.npmjs.org/iconv-lite cache-miss
1581 http fetch GET 200 https://registry.npmjs.org/iconv-lite 164ms (cache revalidated)
1582 silly packumentCache full:https://registry.npmjs.org/iconv-lite set size:120557 disposed:false
1583 http fetch GET 200 https://registry.npmjs.org/chardet 697ms (cache revalidated)
1584 silly packumentCache full:https://registry.npmjs.org/chardet set size:70553 disposed:false
1585 silly placeDep ROOT chardet@2.1.1 OK for: @inquirer/external-editor@1.0.3 want: ^2.1.1
1586 silly placeDep ROOT iconv-lite@0.7.2 OK for: @inquirer/external-editor@1.0.3 want: ^0.7.0
1587 silly fetch manifest safer-buffer@>= 2.1.2 < 3.0.0
1588 silly packumentCache full:https://registry.npmjs.org/safer-buffer cache-miss
1589 http fetch GET 200 https://registry.npmjs.org/safer-buffer 936ms (cache revalidated)
1590 silly packumentCache full:https://registry.npmjs.org/safer-buffer set size:18521 disposed:false
1591 silly placeDep ROOT @jridgewell/resolve-uri@3.1.2 OK for: @jridgewell/trace-mapping@0.3.31 want: ^3.1.0
1592 silly placeDep ROOT @hono/node-server@1.19.14 OK for: @modelcontextprotocol/sdk@1.26.0 want: ^1.19.9
1593 silly placeDep ROOT hono@4.12.19 OK for: @hono/node-server@1.19.14 want: ^4
1594 silly placeDep ROOT content-type@1.0.5 OK for: @modelcontextprotocol/sdk@1.26.0 want: ^1.0.5
1595 silly placeDep ROOT cors@2.8.6 OK for: @modelcontextprotocol/sdk@1.26.0 want: ^2.8.5
1596 silly placeDep ROOT cross-spawn@7.0.6 OK for: @modelcontextprotocol/sdk@1.26.0 want: ^7.0.5
1597 silly placeDep ROOT eventsource@3.0.7 OK for: @modelcontextprotocol/sdk@1.26.0 want: ^3.0.2
1598 silly placeDep ROOT eventsource-parser@3.0.8 OK for: @modelcontextprotocol/sdk@1.26.0 want: ^3.0.0
1599 silly placeDep ROOT express@5.2.1 OK for: @modelcontextprotocol/sdk@1.26.0 want: ^5.2.1
1600 silly placeDep ROOT express-rate-limit@8.5.2 OK for: @modelcontextprotocol/sdk@1.26.0 want: ^8.2.1
1601 silly placeDep ROOT jose@6.2.3 OK for: @modelcontextprotocol/sdk@1.26.0 want: ^6.1.3
1602 silly placeDep ROOT json-schema-typed@8.0.2 OK for: @modelcontextprotocol/sdk@1.26.0 want: ^8.0.2
1603 silly placeDep ROOT pkce-challenge@5.0.1 OK for: @modelcontextprotocol/sdk@1.26.0 want: ^5.0.0
1604 silly placeDep ROOT raw-body@3.0.2 OK for: @modelcontextprotocol/sdk@1.26.0 want: ^3.0.0
1605 silly placeDep ROOT zod-to-json-schema@3.25.2 OK for: @modelcontextprotocol/sdk@1.26.0 want: ^3.25.1
1606 silly fetch manifest object-assign@^4
1607 silly packumentCache full:https://registry.npmjs.org/object-assign cache-miss
1608 silly fetch manifest vary@^1
1609 silly packumentCache full:https://registry.npmjs.org/vary cache-miss
1610 silly fetch manifest which@^2.0.1
1611 silly packumentCache full:https://registry.npmjs.org/which cache-miss
1612 silly fetch manifest path-key@^3.1.0
1613 silly packumentCache full:https://registry.npmjs.org/path-key cache-miss
1614 silly fetch manifest shebang-command@^2.0.0
1615 silly packumentCache full:https://registry.npmjs.org/shebang-command cache-miss
1616 silly fetch manifest eventsource-parser@^3.0.1
1617 silly packumentCache full:https://registry.npmjs.org/eventsource-parser cache-hit
1618 silly fetch manifest qs@^6.14.0
1619 silly packumentCache full:https://registry.npmjs.org/qs cache-miss
1620 silly fetch manifest depd@^2.0.0
1621 silly packumentCache full:https://registry.npmjs.org/depd cache-miss
1622 silly fetch manifest etag@^1.8.1
1623 silly packumentCache full:https://registry.npmjs.org/etag cache-miss
1624 silly fetch manifest once@^1.4.0
1625 silly packumentCache full:https://registry.npmjs.org/once cache-miss
1626 silly fetch manifest send@^1.1.0
1627 silly packumentCache full:https://registry.npmjs.org/send cache-miss
1628 silly fetch manifest vary@^1.1.2
1629 silly packumentCache full:https://registry.npmjs.org/vary cache-miss
1630 http fetch GET 200 https://registry.npmjs.org/etag 172ms (cache revalidated)
1631 silly packumentCache full:https://registry.npmjs.org/etag set size:30032 disposed:false
1632 silly fetch manifest fresh@^2.0.0
1633 silly packumentCache full:https://registry.npmjs.org/fresh cache-miss
1634 http fetch GET 200 https://registry.npmjs.org/fresh 149ms (cache revalidated)
1635 silly packumentCache full:https://registry.npmjs.org/fresh set size:25427 disposed:false
1636 silly fetch manifest cookie@^0.7.1
1637 silly packumentCache full:https://registry.npmjs.org/cookie cache-miss
1638 http fetch GET 200 https://registry.npmjs.org/cookie 124ms (cache revalidated)
1639 silly packumentCache full:https://registry.npmjs.org/cookie set size:72891 disposed:false
1640 silly fetch manifest router@^2.2.0
1641 silly packumentCache full:https://registry.npmjs.org/router cache-miss
1642 http fetch GET 200 https://registry.npmjs.org/router 203ms (cache revalidated)
1643 silly packumentCache full:https://registry.npmjs.org/router set size:116499 disposed:false
1644 silly fetch manifest accepts@^2.0.0
1645 silly packumentCache full:https://registry.npmjs.org/accepts cache-miss
1646 http fetch GET 200 https://registry.npmjs.org/accepts 212ms (cache revalidated)
1647 silly packumentCache full:https://registry.npmjs.org/accepts set size:77054 disposed:false
1648 silly fetch manifest type-is@^2.0.1
1649 silly packumentCache full:https://registry.npmjs.org/type-is cache-miss
1650 http fetch GET 200 https://registry.npmjs.org/path-key 909ms (cache revalidated)
1651 silly packumentCache full:https://registry.npmjs.org/path-key set size:16975 disposed:false
1652 silly fetch manifest parseurl@^1.3.3
1653 silly packumentCache full:https://registry.npmjs.org/parseurl cache-miss
1654 http fetch GET 200 https://registry.npmjs.org/which 918ms (cache revalidated)
1655 silly packumentCache full:https://registry.npmjs.org/which set size:70143 disposed:false
1656 silly fetch manifest statuses@^2.0.1
1657 silly packumentCache full:https://registry.npmjs.org/statuses cache-miss
1658 http fetch GET 200 https://registry.npmjs.org/vary 923ms (cache revalidated)
1659 silly packumentCache full:https://registry.npmjs.org/vary set size:15994 disposed:false
1660 silly fetch manifest encodeurl@^2.0.0
1661 silly packumentCache full:https://registry.npmjs.org/encodeurl cache-miss
1662 http fetch GET 200 https://registry.npmjs.org/vary 933ms (cache revalidated)
1663 silly packumentCache full:https://registry.npmjs.org/vary set size:15994 disposed:false
1664 silly packumentCache full:https://registry.npmjs.org/vary dispose
1665 silly fetch manifest mime-types@^3.0.0
1666 silly packumentCache full:https://registry.npmjs.org/mime-types cache-miss
1667 http fetch GET 200 https://registry.npmjs.org/qs 946ms (cache revalidated)
1668 silly packumentCache full:https://registry.npmjs.org/qs set size:356906 disposed:false
1669 silly fetch manifest proxy-addr@^2.0.7
1670 silly packumentCache full:https://registry.npmjs.org/proxy-addr cache-miss
1671 http fetch GET 200 https://registry.npmjs.org/object-assign 961ms (cache revalidated)
1672 silly packumentCache full:https://registry.npmjs.org/object-assign set size:28988 disposed:false
1673 silly fetch manifest body-parser@^2.2.1
1674 silly packumentCache full:https://registry.npmjs.org/body-parser cache-miss
1675 http fetch GET 200 https://registry.npmjs.org/depd 962ms (cache revalidated)
1676 silly packumentCache full:https://registry.npmjs.org/depd set size:40182 disposed:false
1677 silly fetch manifest escape-html@^1.0.3
1678 silly packumentCache full:https://registry.npmjs.org/escape-html cache-miss
1679 http fetch GET 200 https://registry.npmjs.org/send 972ms (cache revalidated)
1680 silly packumentCache full:https://registry.npmjs.org/send set size:152810 disposed:false
1681 silly fetch manifest http-errors@^2.0.0
1682 silly packumentCache full:https://registry.npmjs.org/http-errors cache-miss
1683 http fetch GET 200 https://registry.npmjs.org/shebang-command 980ms (cache revalidated)
1684 silly packumentCache full:https://registry.npmjs.org/shebang-command set size:8525 disposed:false
1685 silly fetch manifest on-finished@^2.4.1
1686 silly packumentCache full:https://registry.npmjs.org/on-finished cache-miss
1687 http fetch GET 200 https://registry.npmjs.org/once 981ms (cache revalidated)
1688 silly packumentCache full:https://registry.npmjs.org/once set size:11752 disposed:false
1689 silly fetch manifest finalhandler@^2.1.0
1690 silly packumentCache full:https://registry.npmjs.org/finalhandler cache-miss
1691 http fetch GET 200 https://registry.npmjs.org/type-is 135ms (cache revalidated)
1692 silly packumentCache full:https://registry.npmjs.org/type-is set size:88614 disposed:false
1693 silly fetch manifest range-parser@^1.2.1
1694 silly packumentCache full:https://registry.npmjs.org/range-parser cache-miss
1695 http fetch GET 200 https://registry.npmjs.org/mime-types 169ms (cache revalidated)
1696 silly packumentCache full:https://registry.npmjs.org/mime-types set size:139110 disposed:false
1697 silly fetch manifest serve-static@^2.2.0
1698 silly packumentCache full:https://registry.npmjs.org/serve-static cache-miss
1699 http fetch GET 200 https://registry.npmjs.org/encodeurl 178ms (cache revalidated)
1700 silly packumentCache full:https://registry.npmjs.org/encodeurl set size:12296 disposed:false
1701 silly fetch manifest cookie-signature@^1.2.1
1702 silly packumentCache full:https://registry.npmjs.org/cookie-signature cache-miss
1703 http fetch GET 200 https://registry.npmjs.org/statuses 208ms (cache revalidated)
1704 silly packumentCache full:https://registry.npmjs.org/statuses set size:37117 disposed:false
1705 silly fetch manifest merge-descriptors@^2.0.0
1706 silly packumentCache full:https://registry.npmjs.org/merge-descriptors cache-miss
1707 http fetch GET 200 https://registry.npmjs.org/http-errors 156ms (cache revalidated)
1708 silly packumentCache full:https://registry.npmjs.org/http-errors set size:71987 disposed:false
1709 silly fetch manifest content-disposition@^1.0.0
1710 silly packumentCache full:https://registry.npmjs.org/content-disposition cache-miss
1711 http fetch GET 200 https://registry.npmjs.org/proxy-addr 182ms (cache revalidated)
1712 silly packumentCache full:https://registry.npmjs.org/proxy-addr set size:61619 disposed:false
1713 silly fetch manifest ip-address@^10.2.0
1714 silly packumentCache full:https://registry.npmjs.org/ip-address cache-miss
1715 http fetch GET 200 https://registry.npmjs.org/finalhandler 156ms (cache revalidated)
1716 silly packumentCache full:https://registry.npmjs.org/finalhandler set size:79291 disposed:false
1717 silly fetch manifest bytes@~3.1.2
1718 silly packumentCache full:https://registry.npmjs.org/bytes cache-miss
1719 http fetch GET 200 https://registry.npmjs.org/on-finished 171ms (cache revalidated)
1720 silly packumentCache full:https://registry.npmjs.org/on-finished set size:23212 disposed:false
1721 silly fetch manifest unpipe@~1.0.0
1722 silly packumentCache full:https://registry.npmjs.org/unpipe cache-miss
1723 http fetch GET 200 https://registry.npmjs.org/escape-html 193ms (cache revalidated)
1724 silly packumentCache full:https://registry.npmjs.org/escape-html set size:7345 disposed:false
1725 silly fetch manifest http-errors@~2.0.1
1726 silly packumentCache full:https://registry.npmjs.org/http-errors cache-hit
1727 http fetch GET 200 https://registry.npmjs.org/range-parser 155ms (cache revalidated)
1728 silly packumentCache full:https://registry.npmjs.org/range-parser set size:22228 disposed:false
1729 http fetch GET 200 https://registry.npmjs.org/content-disposition 357ms (cache revalidated)
1730 silly packumentCache full:https://registry.npmjs.org/content-disposition set size:40258 disposed:false
1731 http fetch GET 200 https://registry.npmjs.org/merge-descriptors 365ms (cache revalidated)
1732 silly packumentCache full:https://registry.npmjs.org/merge-descriptors set size:16527 disposed:false
1733 http fetch GET 200 https://registry.npmjs.org/unpipe 623ms (cache revalidated)
1734 silly packumentCache full:https://registry.npmjs.org/unpipe set size:3609 disposed:false
1735 http fetch GET 200 https://registry.npmjs.org/parseurl 924ms (cache revalidated)
1736 silly packumentCache full:https://registry.npmjs.org/parseurl set size:24148 disposed:false
1737 http fetch GET 200 https://registry.npmjs.org/body-parser 903ms (cache revalidated)
1738 silly packumentCache full:https://registry.npmjs.org/body-parser set size:199299 disposed:false
1739 http fetch GET 200 https://registry.npmjs.org/cookie-signature 994ms (cache revalidated)
1740 silly packumentCache full:https://registry.npmjs.org/cookie-signature set size:21777 disposed:false
1741 http fetch GET 200 https://registry.npmjs.org/serve-static 1052ms (cache revalidated)
1742 silly packumentCache full:https://registry.npmjs.org/serve-static set size:150391 disposed:false
1743 http fetch GET 200 https://registry.npmjs.org/bytes 1047ms (cache revalidated)
1744 silly packumentCache full:https://registry.npmjs.org/bytes set size:37018 disposed:false
1745 http fetch GET 200 https://registry.npmjs.org/ip-address 1065ms (cache revalidated)
1746 silly packumentCache full:https://registry.npmjs.org/ip-address set size:171530 disposed:false
1747 silly placeDep ROOT fast-deep-equal@3.1.3 OK for: ajv@8.18.0 want: ^3.1.3
1748 silly placeDep ROOT fast-uri@3.1.2 OK for: ajv@8.18.0 want: ^3.0.1
1749 silly placeDep ROOT json-schema-traverse@1.0.0 OK for: ajv@8.18.0 want: ^1.0.0
1750 silly placeDep ROOT require-from-string@2.0.2 OK for: ajv@8.18.0 want: ^2.0.2
1751 silly placeDep ROOT @algolia/abtesting@1.14.1 OK for: algoliasearch@5.48.1 want: 1.14.1
1752 silly placeDep ROOT @algolia/client-abtesting@5.48.1 OK for: algoliasearch@5.48.1 want: 5.48.1
1753 silly placeDep ROOT @algolia/client-analytics@5.48.1 OK for: algoliasearch@5.48.1 want: 5.48.1
1754 silly placeDep ROOT @algolia/client-common@5.48.1 OK for: algoliasearch@5.48.1 want: 5.48.1
1755 silly placeDep ROOT @algolia/client-insights@5.48.1 OK for: algoliasearch@5.48.1 want: 5.48.1
1756 silly placeDep ROOT @algolia/client-personalization@5.48.1 OK for: algoliasearch@5.48.1 want: 5.48.1
1757 silly placeDep ROOT @algolia/client-query-suggestions@5.48.1 OK for: algoliasearch@5.48.1 want: 5.48.1
1758 silly placeDep ROOT @algolia/client-search@5.48.1 OK for: algoliasearch@5.48.1 want: 5.48.1
1759 silly placeDep ROOT @algolia/ingestion@1.48.1 OK for: algoliasearch@5.48.1 want: 1.48.1
1760 silly placeDep ROOT @algolia/monitoring@1.48.1 OK for: algoliasearch@5.48.1 want: 1.48.1
1761 silly placeDep ROOT @algolia/recommend@5.48.1 OK for: algoliasearch@5.48.1 want: 5.48.1
1762 silly placeDep ROOT @algolia/requester-browser-xhr@5.48.1 OK for: algoliasearch@5.48.1 want: 5.48.1
1763 silly placeDep ROOT @algolia/requester-fetch@5.48.1 OK for: algoliasearch@5.48.1 want: 5.48.1
1764 silly placeDep ROOT @algolia/requester-node-http@5.48.1 OK for: algoliasearch@5.48.1 want: 5.48.1
1765 silly placeDep ROOT css-select@6.0.0 OK for: beasties@0.4.1 want: ^6.0.0
1766 silly placeDep ROOT css-what@7.0.0 OK for: beasties@0.4.1 want: ^7.0.0
1767 silly placeDep ROOT dom-serializer@2.0.0 OK for: beasties@0.4.1 want: ^2.0.0
1768 silly placeDep ROOT domhandler@5.0.3 OK for: beasties@0.4.1 want: ^5.0.3
1769 silly placeDep ROOT htmlparser2@10.1.0 OK for: beasties@0.4.1 want: ^10.0.0
1770 silly placeDep ROOT postcss@8.5.15 OK for: beasties@0.4.1 want: ^8.4.49
1771 silly placeDep ROOT postcss-media-query-parser@0.2.3 OK for: beasties@0.4.1 want: ^0.2.3
1772 silly placeDep ROOT postcss-safe-parser@7.0.1 OK for: beasties@0.4.1 want: ^7.0.1
1773 silly fetch manifest boolbase@^1.0.0
1774 silly packumentCache full:https://registry.npmjs.org/boolbase cache-miss
1775 silly fetch manifest domutils@^3.2.2
1776 silly packumentCache full:https://registry.npmjs.org/domutils cache-miss
1777 silly fetch manifest nth-check@^2.1.1
1778 silly packumentCache full:https://registry.npmjs.org/nth-check cache-miss
1779 silly fetch manifest entities@^4.2.0
1780 silly packumentCache full:https://registry.npmjs.org/entities cache-hit
1781 silly fetch manifest domhandler@^5.0.2
1782 silly packumentCache full:https://registry.npmjs.org/domhandler cache-hit
1783 silly fetch manifest domelementtype@^2.3.0
1784 silly packumentCache full:https://registry.npmjs.org/domelementtype cache-miss
1785 silly fetch manifest domelementtype@^2.3.0
1786 silly packumentCache full:https://registry.npmjs.org/domelementtype cache-miss
1787 silly fetch manifest domutils@^3.2.2
1788 silly packumentCache full:https://registry.npmjs.org/domutils cache-miss
1789 silly fetch manifest entities@^7.0.1
1790 silly packumentCache full:https://registry.npmjs.org/entities cache-hit
1791 silly fetch manifest domelementtype@^2.3.0
1792 silly packumentCache full:https://registry.npmjs.org/domelementtype cache-miss
1793 silly fetch manifest nanoid@^3.3.12
1794 silly packumentCache full:https://registry.npmjs.org/nanoid cache-miss
1795 silly fetch manifest source-map-js@^1.2.1
1796 silly packumentCache full:https://registry.npmjs.org/source-map-js cache-hit
1797 http fetch GET 200 https://registry.npmjs.org/domelementtype 155ms (cache revalidated)
1798 silly packumentCache full:https://registry.npmjs.org/domelementtype set size:33363 disposed:false
1799 http fetch GET 200 https://registry.npmjs.org/domelementtype 162ms (cache revalidated)
1800 silly packumentCache full:https://registry.npmjs.org/domelementtype set size:33363 disposed:false
1801 silly packumentCache full:https://registry.npmjs.org/domelementtype dispose
1802 http fetch GET 200 https://registry.npmjs.org/nanoid 168ms (cache revalidated)
1803 silly packumentCache full:https://registry.npmjs.org/nanoid set size:310559 disposed:false
1804 http fetch GET 200 https://registry.npmjs.org/nth-check 180ms (cache revalidated)
1805 silly packumentCache full:https://registry.npmjs.org/nth-check set size:27445 disposed:false
1806 http fetch GET 200 https://registry.npmjs.org/domutils 182ms (cache revalidated)
1807 silly packumentCache full:https://registry.npmjs.org/domutils set size:110068 disposed:false
1808 http fetch GET 200 https://registry.npmjs.org/boolbase 190ms (cache revalidated)
1809 silly packumentCache full:https://registry.npmjs.org/boolbase set size:4438 disposed:false
1810 http fetch GET 200 https://registry.npmjs.org/domelementtype 189ms (cache revalidated)
1811 silly packumentCache full:https://registry.npmjs.org/domelementtype set size:33363 disposed:true
1812 silly packumentCache full:https://registry.npmjs.org/domelementtype dispose
1813 http fetch GET 200 https://registry.npmjs.org/domutils 651ms (cache revalidated)
1814 silly packumentCache full:https://registry.npmjs.org/domutils set size:110068 disposed:false
1815 silly packumentCache full:https://registry.npmjs.org/domutils dispose
1816 silly fetch manifest browserslist@>= 4.21.0
1817 silly packumentCache full:https://registry.npmjs.org/browserslist cache-hit
1818 silly placeDep ROOT baseline-browser-mapping@2.10.31 OK for: browserslist@4.28.2 want: ^2.10.12
1819 silly placeDep ROOT caniuse-lite@1.0.30001793 OK for: browserslist@4.28.2 want: ^1.0.30001782
1820 silly placeDep ROOT electron-to-chromium@1.5.359 OK for: browserslist@4.28.2 want: ^1.5.328
1821 silly placeDep ROOT node-releases@2.0.44 OK for: browserslist@4.28.2 want: ^2.0.36
1822 silly placeDep ROOT update-browserslist-db@1.2.3 OK for: browserslist@4.28.2 want: ^1.2.3
1823 silly fetch manifest escalade@^3.2.0
1824 silly packumentCache full:https://registry.npmjs.org/escalade cache-hit
1825 silly placeDep ROOT readdirp@5.0.0 OK for: chokidar@5.0.0 want: ^5.0.0
1826 silly placeDep ROOT object-assign@4.1.1 OK for: cors@2.8.6 want: ^4
1827 silly placeDep ROOT vary@1.1.2 OK for: cors@2.8.6 want: ^1
1828 silly placeDep ROOT path-key@3.1.1 OK for: cross-spawn@7.0.6 want: ^3.1.0
1829 silly placeDep ROOT shebang-command@2.0.0 OK for: cross-spawn@7.0.6 want: ^2.0.0
1830 silly placeDep ROOT which@2.0.2 OK for: cross-spawn@7.0.6 want: ^2.0.1
1831 silly fetch manifest shebang-regex@^3.0.0
1832 silly packumentCache full:https://registry.npmjs.org/shebang-regex cache-miss
1833 silly fetch manifest isexe@^2.0.0
1834 silly packumentCache full:https://registry.npmjs.org/isexe cache-miss
1835 http fetch GET 200 https://registry.npmjs.org/shebang-regex 160ms (cache revalidated)
1836 silly packumentCache full:https://registry.npmjs.org/shebang-regex set size:9763 disposed:false
1837 http fetch GET 200 https://registry.npmjs.org/isexe 923ms (cache revalidated)
1838 silly packumentCache full:https://registry.npmjs.org/isexe set size:31756 disposed:false
1839 silly placeDep ROOT boolbase@1.0.0 OK for: css-select@6.0.0 want: ^1.0.0
1840 silly placeDep ROOT domutils@3.2.2 OK for: css-select@6.0.0 want: ^3.2.2
1841 silly placeDep ROOT nth-check@2.1.1 OK for: css-select@6.0.0 want: ^2.1.1
1842 silly placeDep ROOT ms@2.1.3 OK for: debug@4.4.3 want: ^2.1.3
1843 silly placeDep ROOT domelementtype@2.3.0 OK for: dom-serializer@2.0.0 want: ^2.3.0
1844 silly placeDep ROOT entities@4.5.0 OK for: dom-serializer@2.0.0 want: ^4.2.0
1845 silly placeDep ROOT @esbuild/aix-ppc64@0.27.3 OK for: esbuild@0.27.3 want: 0.27.3
1846 silly placeDep ROOT @esbuild/android-arm@0.27.3 OK for: esbuild@0.27.3 want: 0.27.3
1847 silly placeDep ROOT @esbuild/android-arm64@0.27.3 OK for: esbuild@0.27.3 want: 0.27.3
1848 silly placeDep ROOT @esbuild/android-x64@0.27.3 OK for: esbuild@0.27.3 want: 0.27.3
1849 silly placeDep ROOT @esbuild/darwin-arm64@0.27.3 OK for: esbuild@0.27.3 want: 0.27.3
1850 silly placeDep ROOT @esbuild/darwin-x64@0.27.3 OK for: esbuild@0.27.3 want: 0.27.3
1851 silly placeDep ROOT @esbuild/freebsd-arm64@0.27.3 OK for: esbuild@0.27.3 want: 0.27.3
1852 silly placeDep ROOT @esbuild/freebsd-x64@0.27.3 OK for: esbuild@0.27.3 want: 0.27.3
1853 silly placeDep ROOT @esbuild/linux-arm@0.27.3 OK for: esbuild@0.27.3 want: 0.27.3
1854 silly placeDep ROOT @esbuild/linux-arm64@0.27.3 OK for: esbuild@0.27.3 want: 0.27.3
1855 silly placeDep ROOT @esbuild/linux-ia32@0.27.3 OK for: esbuild@0.27.3 want: 0.27.3
1856 silly placeDep ROOT @esbuild/linux-loong64@0.27.3 OK for: esbuild@0.27.3 want: 0.27.3
1857 silly placeDep ROOT @esbuild/linux-mips64el@0.27.3 OK for: esbuild@0.27.3 want: 0.27.3
1858 silly placeDep ROOT @esbuild/linux-ppc64@0.27.3 OK for: esbuild@0.27.3 want: 0.27.3
1859 silly placeDep ROOT @esbuild/linux-riscv64@0.27.3 OK for: esbuild@0.27.3 want: 0.27.3
1860 silly placeDep ROOT @esbuild/linux-s390x@0.27.3 OK for: esbuild@0.27.3 want: 0.27.3
1861 silly placeDep ROOT @esbuild/linux-x64@0.27.3 OK for: esbuild@0.27.3 want: 0.27.3
1862 silly placeDep ROOT @esbuild/netbsd-arm64@0.27.3 OK for: esbuild@0.27.3 want: 0.27.3
1863 silly placeDep ROOT @esbuild/netbsd-x64@0.27.3 OK for: esbuild@0.27.3 want: 0.27.3
1864 silly placeDep ROOT @esbuild/openbsd-arm64@0.27.3 OK for: esbuild@0.27.3 want: 0.27.3
1865 silly placeDep ROOT @esbuild/openbsd-x64@0.27.3 OK for: esbuild@0.27.3 want: 0.27.3
1866 silly placeDep ROOT @esbuild/openharmony-arm64@0.27.3 OK for: esbuild@0.27.3 want: 0.27.3
1867 silly placeDep ROOT @esbuild/sunos-x64@0.27.3 OK for: esbuild@0.27.3 want: 0.27.3
1868 silly placeDep ROOT @esbuild/win32-arm64@0.27.3 OK for: esbuild@0.27.3 want: 0.27.3
1869 silly placeDep ROOT @esbuild/win32-ia32@0.27.3 OK for: esbuild@0.27.3 want: 0.27.3
1870 silly placeDep ROOT @esbuild/win32-x64@0.27.3 OK for: esbuild@0.27.3 want: 0.27.3
1871 silly placeDep ROOT accepts@2.0.0 OK for: express@5.2.1 want: ^2.0.0
1872 silly placeDep ROOT body-parser@2.2.2 OK for: express@5.2.1 want: ^2.2.1
1873 silly placeDep ROOT content-disposition@1.1.0 OK for: express@5.2.1 want: ^1.0.0
1874 silly placeDep ROOT cookie@0.7.2 OK for: express@5.2.1 want: ^0.7.1
1875 silly placeDep ROOT cookie-signature@1.2.2 OK for: express@5.2.1 want: ^1.2.1
1876 silly placeDep ROOT depd@2.0.0 OK for: express@5.2.1 want: ^2.0.0
1877 silly placeDep ROOT encodeurl@2.0.0 OK for: express@5.2.1 want: ^2.0.0
1878 silly placeDep ROOT escape-html@1.0.3 OK for: express@5.2.1 want: ^1.0.3
1879 silly placeDep ROOT etag@1.8.1 OK for: express@5.2.1 want: ^1.8.1
1880 silly placeDep ROOT finalhandler@2.1.1 OK for: express@5.2.1 want: ^2.1.0
1881 silly placeDep ROOT fresh@2.0.0 OK for: express@5.2.1 want: ^2.0.0
1882 silly placeDep ROOT http-errors@2.0.1 OK for: express@5.2.1 want: ^2.0.0
1883 silly placeDep ROOT merge-descriptors@2.0.0 OK for: express@5.2.1 want: ^2.0.0
1884 silly placeDep ROOT mime-types@3.0.2 OK for: express@5.2.1 want: ^3.0.0
1885 silly placeDep ROOT on-finished@2.4.1 OK for: express@5.2.1 want: ^2.4.1
1886 silly placeDep ROOT once@1.4.0 OK for: express@5.2.1 want: ^1.4.0
1887 silly placeDep ROOT parseurl@1.3.3 OK for: express@5.2.1 want: ^1.3.3
1888 silly placeDep ROOT proxy-addr@2.0.7 OK for: express@5.2.1 want: ^2.0.7
1889 silly placeDep ROOT qs@6.15.2 OK for: express@5.2.1 want: ^6.14.0
1890 silly placeDep ROOT range-parser@1.2.1 OK for: express@5.2.1 want: ^1.2.1
1891 silly placeDep ROOT router@2.2.0 OK for: express@5.2.1 want: ^2.2.0
1892 silly placeDep ROOT send@1.2.1 OK for: express@5.2.1 want: ^1.1.0
1893 silly placeDep ROOT serve-static@2.2.1 OK for: express@5.2.1 want: ^2.2.0
1894 silly placeDep ROOT statuses@2.0.2 OK for: express@5.2.1 want: ^2.0.1
1895 silly placeDep ROOT type-is@2.1.0 OK for: express@5.2.1 want: ^2.0.1
1896 silly fetch manifest negotiator@^1.0.0
1897 silly packumentCache full:https://registry.npmjs.org/negotiator cache-miss
1898 silly fetch manifest qs@^6.14.1
1899 silly packumentCache full:https://registry.npmjs.org/qs cache-hit
1900 silly fetch manifest bytes@^3.1.2
1901 silly packumentCache full:https://registry.npmjs.org/bytes cache-hit
1902 silly fetch manifest inherits@~2.0.4
1903 silly packumentCache full:https://registry.npmjs.org/inherits cache-miss
1904 silly fetch manifest setprototypeof@~1.2.0
1905 silly packumentCache full:https://registry.npmjs.org/setprototypeof cache-miss
1906 silly fetch manifest statuses@~2.0.2
1907 silly packumentCache full:https://registry.npmjs.org/statuses cache-hit
1908 silly fetch manifest toidentifier@~1.0.1
1909 silly packumentCache full:https://registry.npmjs.org/toidentifier cache-miss
1910 silly fetch manifest mime-db@^1.54.0
1911 silly packumentCache full:https://registry.npmjs.org/mime-db cache-miss
1912 silly fetch manifest ee-first@1.1.1
1913 silly packumentCache full:https://registry.npmjs.org/ee-first cache-miss
1914 silly fetch manifest wrappy@1
1915 silly packumentCache full:https://registry.npmjs.org/wrappy cache-miss
1916 silly fetch manifest forwarded@0.2.0
1917 silly packumentCache full:https://registry.npmjs.org/forwarded cache-miss
1918 silly fetch manifest ipaddr.js@1.9.1
1919 silly packumentCache full:https://registry.npmjs.org/ipaddr.js cache-miss
1920 silly fetch manifest side-channel@^1.1.0
1921 silly packumentCache full:https://registry.npmjs.org/side-channel cache-miss
1922 silly fetch manifest is-promise@^4.0.0
1923 silly packumentCache full:https://registry.npmjs.org/is-promise cache-miss
1924 http fetch GET 200 https://registry.npmjs.org/ipaddr.js 174ms (cache revalidated)
1925 silly packumentCache full:https://registry.npmjs.org/ipaddr.js set size:69563 disposed:false
1926 silly fetch manifest path-to-regexp@^8.0.0
1927 silly packumentCache full:https://registry.npmjs.org/path-to-regexp cache-miss
1928 http fetch GET 200 https://registry.npmjs.org/mime-db 185ms (cache revalidated)
1929 silly packumentCache full:https://registry.npmjs.org/mime-db set size:164953 disposed:false
1930 silly fetch manifest statuses@^2.0.2
1931 silly packumentCache full:https://registry.npmjs.org/statuses cache-hit
1932 silly fetch manifest content-type@^2.0.0
1933 silly packumentCache full:https://registry.npmjs.org/content-type cache-hit
1934 silly fetch manifest media-typer@^1.1.0
1935 silly packumentCache full:https://registry.npmjs.org/media-typer cache-miss
1936 http fetch GET 200 https://registry.npmjs.org/setprototypeof 196ms (cache revalidated)
1937 silly packumentCache full:https://registry.npmjs.org/setprototypeof set size:14532 disposed:false
1938 http fetch GET 200 https://registry.npmjs.org/toidentifier 198ms (cache revalidated)
1939 silly packumentCache full:https://registry.npmjs.org/toidentifier set size:12006 disposed:false
1940 http fetch GET 200 https://registry.npmjs.org/is-promise 211ms (cache revalidated)
1941 silly packumentCache full:https://registry.npmjs.org/is-promise set size:18599 disposed:false
1942 http fetch GET 200 https://registry.npmjs.org/wrappy 216ms (cache revalidated)
1943 silly packumentCache full:https://registry.npmjs.org/wrappy set size:7682 disposed:false
1944 http fetch GET 200 https://registry.npmjs.org/side-channel 215ms (cache revalidated)
1945 silly packumentCache full:https://registry.npmjs.org/side-channel set size:24660 disposed:false
1946 http fetch GET 200 https://registry.npmjs.org/ee-first 221ms (cache revalidated)
1947 silly packumentCache full:https://registry.npmjs.org/ee-first set size:15327 disposed:false
1948 http fetch GET 200 https://registry.npmjs.org/inherits 224ms (cache revalidated)
1949 silly packumentCache full:https://registry.npmjs.org/inherits set size:12925 disposed:false
1950 http fetch GET 200 https://registry.npmjs.org/media-typer 170ms (cache revalidated)
1951 silly packumentCache full:https://registry.npmjs.org/media-typer set size:20873 disposed:false
1952 http fetch GET 200 https://registry.npmjs.org/path-to-regexp 206ms (cache revalidated)
1953 silly packumentCache full:https://registry.npmjs.org/path-to-regexp set size:216334 disposed:false
1954 http fetch GET 200 https://registry.npmjs.org/negotiator 963ms (cache revalidated)
1955 silly packumentCache full:https://registry.npmjs.org/negotiator set size:48046 disposed:false
1956 http fetch GET 200 https://registry.npmjs.org/forwarded 1031ms (cache revalidated)
1957 silly packumentCache full:https://registry.npmjs.org/forwarded set size:11229 disposed:false
1958 silly placeDep ROOT negotiator@1.0.0 OK for: accepts@2.0.0 want: ^1.0.0
1959 silly placeDep ROOT bytes@3.1.2 OK for: body-parser@2.2.2 want: ^3.1.2
1960 silly placeDep ROOT ip-address@10.2.0 OK for: express-rate-limit@8.5.2 want: ^10.2.0
1961 silly placeDep node_modules/htmlparser2 entities@7.0.1 OK for: htmlparser2@10.1.0 want: ^7.0.1
1962 silly placeDep ROOT inherits@2.0.4 OK for: http-errors@2.0.1 want: ~2.0.4
1963 silly placeDep ROOT setprototypeof@1.2.0 OK for: http-errors@2.0.1 want: ~1.2.0
1964 silly placeDep ROOT toidentifier@1.0.1 OK for: http-errors@2.0.1 want: ~1.0.1
1965 silly placeDep ROOT agent-base@7.1.4 OK for: https-proxy-agent@7.0.6 want: ^7.1.2
1966 silly placeDep ROOT safer-buffer@2.1.2 OK for: iconv-lite@0.7.2 want: >= 2.1.2 < 3.0.0
1967 silly placeDep ROOT @istanbuljs/schema@0.1.6 OK for: istanbul-lib-instrument@6.0.3 want: ^0.1.3
1968 silly placeDep ROOT istanbul-lib-coverage@3.2.2 OK for: istanbul-lib-instrument@6.0.3 want: ^3.2.0
1969 silly fetch manifest @noble/hashes@^1.8.0 || ^2.0.0
1970 silly packumentCache full:https://registry.npmjs.org/@noble%2fhashes cache-miss
1971 http fetch GET 200 https://registry.npmjs.org/@noble%2fhashes 145ms (cache revalidated)
1972 silly packumentCache full:https://registry.npmjs.org/@noble%2fhashes set size:217737 disposed:false
1973 silly placeDep ROOT @acemir/cssom@0.9.31 OK for: jsdom@28.1.0 want: ^0.9.31
1974 silly placeDep ROOT @asamuzakjp/dom-selector@6.8.1 OK for: jsdom@28.1.0 want: ^6.8.1
1975 silly placeDep ROOT @bramus/specificity@2.4.2 OK for: jsdom@28.1.0 want: ^2.4.2
1976 silly placeDep ROOT @exodus/bytes@1.15.0 OK for: jsdom@28.1.0 want: ^1.11.0
1977 silly placeDep ROOT cssstyle@6.2.0 OK for: jsdom@28.1.0 want: ^6.0.1
1978 silly placeDep ROOT data-urls@7.0.0 OK for: jsdom@28.1.0 want: ^7.0.0
1979 silly placeDep ROOT decimal.js@10.6.0 OK for: jsdom@28.1.0 want: ^10.6.0
1980 silly placeDep ROOT html-encoding-sniffer@6.0.0 OK for: jsdom@28.1.0 want: ^6.0.0
1981 silly placeDep ROOT http-proxy-agent@7.0.2 OK for: jsdom@28.1.0 want: ^7.0.2
1982 silly placeDep ROOT is-potential-custom-element-name@1.0.1 OK for: jsdom@28.1.0 want: ^1.0.1
1983 silly placeDep ROOT parse5@8.0.1 OK for: jsdom@28.1.0 want: ^8.0.0
1984 silly placeDep ROOT saxes@6.0.0 OK for: jsdom@28.1.0 want: ^6.0.0
1985 silly placeDep ROOT symbol-tree@3.2.4 OK for: jsdom@28.1.0 want: ^3.2.4
1986 silly placeDep ROOT tough-cookie@6.0.1 OK for: jsdom@28.1.0 want: ^6.0.0
1987 silly placeDep ROOT w3c-xmlserializer@5.0.0 OK for: jsdom@28.1.0 want: ^5.0.0
1988 silly placeDep ROOT webidl-conversions@8.0.1 OK for: jsdom@28.1.0 want: ^8.0.1
1989 silly placeDep ROOT whatwg-mimetype@5.0.0 OK for: jsdom@28.1.0 want: ^5.0.0
1990 silly placeDep ROOT whatwg-url@16.0.1 OK for: jsdom@28.1.0 want: ^16.0.0
1991 silly placeDep ROOT xml-name-validator@5.0.0 OK for: jsdom@28.1.0 want: ^5.0.0
1992 silly fetch manifest bidi-js@^1.0.3
1993 silly packumentCache full:https://registry.npmjs.org/bidi-js cache-miss
1994 silly fetch manifest css-tree@^3.1.0
1995 silly packumentCache full:https://registry.npmjs.org/css-tree cache-miss
1996 silly fetch manifest lru-cache@^11.2.6
1997 silly packumentCache full:https://registry.npmjs.org/lru-cache cache-hit
1998 silly fetch manifest @asamuzakjp/nwsapi@^2.3.9
1999 silly packumentCache full:https://registry.npmjs.org/@asamuzakjp%2fnwsapi cache-miss
2000 silly fetch manifest css-tree@^3.0.0
2001 silly packumentCache full:https://registry.npmjs.org/css-tree cache-miss
2002 silly fetch manifest @asamuzakjp/css-color@^5.0.1
2003 silly packumentCache full:https://registry.npmjs.org/@asamuzakjp%2fcss-color cache-miss
2004 silly fetch manifest @csstools/css-syntax-patches-for-csstree@^1.0.28
2005 silly packumentCache full:https://registry.npmjs.org/@csstools%2fcss-syntax-patches-for-csstree cache-miss
2006 silly fetch manifest css-tree@^3.1.0
2007 silly packumentCache full:https://registry.npmjs.org/css-tree cache-miss
2008 silly fetch manifest lru-cache@^11.2.6
2009 silly packumentCache full:https://registry.npmjs.org/lru-cache cache-hit
2010 silly fetch manifest entities@^8.0.0
2011 silly packumentCache full:https://registry.npmjs.org/entities cache-hit
2012 silly fetch manifest xmlchars@^2.2.0
2013 silly packumentCache full:https://registry.npmjs.org/xmlchars cache-miss
2014 silly fetch manifest tldts@^7.0.5
2015 silly packumentCache full:https://registry.npmjs.org/tldts cache-miss
2016 silly fetch manifest tr46@^6.0.0
2017 silly packumentCache full:https://registry.npmjs.org/tr46 cache-miss
2018 http fetch GET 200 https://registry.npmjs.org/css-tree 169ms (cache revalidated)
2019 silly packumentCache full:https://registry.npmjs.org/css-tree set size:229638 disposed:false
2020 http fetch GET 200 https://registry.npmjs.org/@asamuzakjp%2fnwsapi 190ms (cache revalidated)
2021 silly packumentCache full:https://registry.npmjs.org/@asamuzakjp%2fnwsapi set size:61198 disposed:false
2022 http fetch GET 200 https://registry.npmjs.org/css-tree 194ms (cache revalidated)
2023 silly packumentCache full:https://registry.npmjs.org/css-tree set size:229638 disposed:false
2024 silly packumentCache full:https://registry.npmjs.org/css-tree dispose
2025 http fetch GET 200 https://registry.npmjs.org/@asamuzakjp%2fcss-color 233ms (cache revalidated)
2026 silly packumentCache full:https://registry.npmjs.org/@asamuzakjp%2fcss-color set size:203410 disposed:false
2027 http fetch GET 200 https://registry.npmjs.org/bidi-js 747ms (cache revalidated)
2028 silly packumentCache full:https://registry.npmjs.org/bidi-js set size:17389 disposed:false
2029 http fetch GET 200 https://registry.npmjs.org/@csstools%2fcss-syntax-patches-for-csstree 777ms (cache revalidated)
2030 silly packumentCache full:https://registry.npmjs.org/@csstools%2fcss-syntax-patches-for-csstree set size:75610 disposed:false
2031 http fetch GET 200 https://registry.npmjs.org/css-tree 812ms (cache revalidated)
2032 silly packumentCache full:https://registry.npmjs.org/css-tree set size:229638 disposed:true
2033 silly packumentCache full:https://registry.npmjs.org/css-tree dispose
2034 http fetch GET 200 https://registry.npmjs.org/xmlchars 877ms (cache revalidated)
2035 silly packumentCache full:https://registry.npmjs.org/xmlchars set size:33578 disposed:false
2036 http fetch GET 200 https://registry.npmjs.org/tr46 890ms (cache revalidated)
2037 silly packumentCache full:https://registry.npmjs.org/tr46 set size:47377 disposed:false
2038 http fetch GET 200 https://registry.npmjs.org/tldts 931ms (cache revalidated)
2039 silly packumentCache full:https://registry.npmjs.org/tldts set size:3401976 disposed:false
2040 silly placeDep ROOT @asamuzakjp/nwsapi@2.3.9 OK for: @asamuzakjp/dom-selector@6.8.1 want: ^2.3.9
2041 silly placeDep ROOT bidi-js@1.0.3 OK for: @asamuzakjp/dom-selector@6.8.1 want: ^1.0.3
2042 silly placeDep ROOT css-tree@3.2.1 OK for: @asamuzakjp/dom-selector@6.8.1 want: ^3.1.0
2043 silly placeDep node_modules/@asamuzakjp/dom-selector lru-cache@11.4.0 OK for: @asamuzakjp/dom-selector@6.8.1 want: ^11.2.6
2044 silly fetch manifest mdn-data@2.27.1
2045 silly packumentCache full:https://registry.npmjs.org/mdn-data cache-miss
2046 http fetch GET 200 https://registry.npmjs.org/mdn-data 160ms (cache revalidated)
2047 silly packumentCache full:https://registry.npmjs.org/mdn-data set size:175956 disposed:false
2048 silly placeDep ROOT mdn-data@2.27.1 OK for: css-tree@3.2.1 want: 2.27.1
2049 silly placeDep ROOT source-map-js@1.2.1 OK for: css-tree@3.2.1 want: ^1.2.1
2050 silly placeDep ROOT @asamuzakjp/css-color@5.1.11 OK for: cssstyle@6.2.0 want: ^5.0.1
2051 silly placeDep ROOT @csstools/css-syntax-patches-for-csstree@1.1.4 OK for: cssstyle@6.2.0 want: ^1.0.28
2052 silly placeDep node_modules/cssstyle lru-cache@11.4.0 OK for: cssstyle@6.2.0 want: ^11.2.6
2053 silly fetch manifest @csstools/css-calc@^3.2.0
2054 silly packumentCache full:https://registry.npmjs.org/@csstools%2fcss-calc cache-miss
2055 silly fetch manifest @csstools/css-tokenizer@^4.0.0
2056 silly packumentCache full:https://registry.npmjs.org/@csstools%2fcss-tokenizer cache-miss
2057 silly fetch manifest @csstools/css-color-parser@^4.1.0
2058 silly packumentCache full:https://registry.npmjs.org/@csstools%2fcss-color-parser cache-miss
2059 silly fetch manifest @asamuzakjp/generational-cache@^1.0.1
2060 silly packumentCache full:https://registry.npmjs.org/@asamuzakjp%2fgenerational-cache cache-miss
2061 silly fetch manifest @csstools/css-parser-algorithms@^4.0.0
2062 silly packumentCache full:https://registry.npmjs.org/@csstools%2fcss-parser-algorithms cache-miss
2063 http fetch GET 200 https://registry.npmjs.org/@csstools%2fcss-parser-algorithms 189ms (cache revalidated)
2064 silly packumentCache full:https://registry.npmjs.org/@csstools%2fcss-parser-algorithms set size:66140 disposed:false
2065 http fetch GET 200 https://registry.npmjs.org/@csstools%2fcss-color-parser 193ms (cache revalidated)
2066 silly packumentCache full:https://registry.npmjs.org/@csstools%2fcss-color-parser set size:107633 disposed:false
2067 http fetch GET 200 https://registry.npmjs.org/@csstools%2fcss-calc 197ms (cache revalidated)
2068 silly packumentCache full:https://registry.npmjs.org/@csstools%2fcss-calc set size:76338 disposed:false
2069 http fetch GET 200 https://registry.npmjs.org/@csstools%2fcss-tokenizer 238ms (cache revalidated)
2070 silly packumentCache full:https://registry.npmjs.org/@csstools%2fcss-tokenizer set size:61164 disposed:false
2071 http fetch GET 200 https://registry.npmjs.org/@asamuzakjp%2fgenerational-cache 1145ms (cache revalidated)
2072 silly packumentCache full:https://registry.npmjs.org/@asamuzakjp%2fgenerational-cache set size:23929 disposed:false
2073 silly placeDep ROOT @asamuzakjp/generational-cache@1.0.1 OK for: @asamuzakjp/css-color@5.1.11 want: ^1.0.1
2074 silly placeDep ROOT @csstools/css-calc@3.2.1 OK for: @asamuzakjp/css-color@5.1.11 want: ^3.2.0
2075 silly placeDep ROOT @csstools/css-parser-algorithms@4.0.0 OK for: @csstools/css-calc@3.2.1 want: ^4.0.0
2076 silly placeDep ROOT @csstools/css-tokenizer@4.0.0 OK for: @csstools/css-parser-algorithms@4.0.0 want: ^4.0.0
2077 silly placeDep ROOT @csstools/css-color-parser@4.1.1 OK for: @asamuzakjp/css-color@5.1.11 want: ^4.1.0
2078 silly fetch manifest @csstools/color-helpers@^6.0.2
2079 silly packumentCache full:https://registry.npmjs.org/@csstools%2fcolor-helpers cache-miss
2080 http fetch GET 200 https://registry.npmjs.org/@csstools%2fcolor-helpers 1211ms (cache revalidated)
2081 silly packumentCache full:https://registry.npmjs.org/@csstools%2fcolor-helpers set size:42946 disposed:false
2082 silly placeDep ROOT @csstools/color-helpers@6.0.2 OK for: @csstools/css-color-parser@4.1.1 want: ^6.0.2
2083 silly placeDep ROOT cli-truncate@5.2.0 OK for: listr2@9.0.5 want: ^5.0.0
2084 silly placeDep ROOT colorette@2.0.20 OK for: listr2@9.0.5 want: ^2.0.20
2085 silly placeDep ROOT eventemitter3@5.0.4 OK for: listr2@9.0.5 want: ^5.0.1
2086 silly placeDep ROOT log-update@6.1.0 OK for: listr2@9.0.5 want: ^6.1.0
2087 silly placeDep ROOT rfdc@1.4.1 OK for: listr2@9.0.5 want: ^1.4.1
2088 silly placeDep node_modules/listr2 wrap-ansi@9.0.2 OK for: listr2@9.0.5 want: ^9.0.0
2089 silly fetch manifest slice-ansi@^8.0.0
2090 silly packumentCache full:https://registry.npmjs.org/slice-ansi cache-miss
2091 silly fetch manifest string-width@^8.2.0
2092 silly packumentCache full:https://registry.npmjs.org/string-width cache-hit
2093 silly fetch manifest slice-ansi@^7.1.0
2094 silly packumentCache full:https://registry.npmjs.org/slice-ansi cache-miss
2095 silly fetch manifest strip-ansi@^7.1.0
2096 silly packumentCache full:https://registry.npmjs.org/strip-ansi cache-hit
2097 silly fetch manifest ansi-escapes@^7.0.0
2098 silly packumentCache full:https://registry.npmjs.org/ansi-escapes cache-miss
2099 silly fetch manifest strip-ansi@^7.1.0
2100 silly packumentCache full:https://registry.npmjs.org/strip-ansi cache-hit
2101 silly fetch manifest ansi-styles@^6.2.1
2102 silly packumentCache full:https://registry.npmjs.org/ansi-styles cache-hit
2103 silly fetch manifest string-width@^7.0.0
2104 silly packumentCache full:https://registry.npmjs.org/string-width cache-hit
2105 http fetch GET 200 https://registry.npmjs.org/slice-ansi 147ms (cache revalidated)
2106 silly packumentCache full:https://registry.npmjs.org/slice-ansi set size:36418 disposed:false
2107 http fetch GET 200 https://registry.npmjs.org/ansi-escapes 206ms (cache revalidated)
2108 silly packumentCache full:https://registry.npmjs.org/ansi-escapes set size:70915 disposed:false
2109 http fetch GET 200 https://registry.npmjs.org/slice-ansi 1375ms (cache revalidated)
2110 silly packumentCache full:https://registry.npmjs.org/slice-ansi set size:36418 disposed:false
2111 silly packumentCache full:https://registry.npmjs.org/slice-ansi dispose
2112 silly placeDep ROOT slice-ansi@8.0.0 OK for: cli-truncate@5.2.0 want: ^8.0.0
2113 silly placeDep ROOT string-width@8.2.1 OK for: cli-truncate@5.2.0 want: ^8.2.0
2114 silly fetch manifest ansi-styles@^6.2.3
2115 silly packumentCache full:https://registry.npmjs.org/ansi-styles cache-hit
2116 silly fetch manifest is-fullwidth-code-point@^5.1.0
2117 silly packumentCache full:https://registry.npmjs.org/is-fullwidth-code-point cache-miss
2118 silly fetch manifest get-east-asian-width@^1.5.0
2119 silly packumentCache full:https://registry.npmjs.org/get-east-asian-width cache-miss
2120 silly fetch manifest strip-ansi@^7.1.2
2121 silly packumentCache full:https://registry.npmjs.org/strip-ansi cache-hit
2122 http fetch GET 200 https://registry.npmjs.org/get-east-asian-width 172ms (cache revalidated)
2123 silly packumentCache full:https://registry.npmjs.org/get-east-asian-width set size:20538 disposed:false
2124 http fetch GET 200 https://registry.npmjs.org/is-fullwidth-code-point 1315ms (cache revalidated)
2125 silly packumentCache full:https://registry.npmjs.org/is-fullwidth-code-point set size:14578 disposed:false
2126 silly placeDep ROOT @harperfast/extended-iterable@1.0.3 OK for: lmdb@3.5.1 want: ^1.0.3
2127 silly placeDep ROOT @lmdb/lmdb-darwin-arm64@3.5.1 OK for: lmdb@3.5.1 want: 3.5.1
2128 silly placeDep ROOT @lmdb/lmdb-darwin-x64@3.5.1 OK for: lmdb@3.5.1 want: 3.5.1
2129 silly placeDep ROOT @lmdb/lmdb-linux-arm@3.5.1 OK for: lmdb@3.5.1 want: 3.5.1
2130 silly placeDep ROOT @lmdb/lmdb-linux-arm64@3.5.1 OK for: lmdb@3.5.1 want: 3.5.1
2131 silly placeDep ROOT @lmdb/lmdb-linux-x64@3.5.1 OK for: lmdb@3.5.1 want: 3.5.1
2132 silly placeDep ROOT @lmdb/lmdb-win32-arm64@3.5.1 OK for: lmdb@3.5.1 want: 3.5.1
2133 silly placeDep ROOT @lmdb/lmdb-win32-x64@3.5.1 OK for: lmdb@3.5.1 want: 3.5.1
2134 silly placeDep ROOT msgpackr@1.11.12 OK for: lmdb@3.5.1 want: ^1.11.2
2135 silly placeDep ROOT node-addon-api@6.1.0 OK for: lmdb@3.5.1 want: ^6.1.0
2136 silly placeDep ROOT node-gyp-build-optional-packages@5.2.2 OK for: lmdb@3.5.1 want: 5.2.2
2137 silly placeDep ROOT ordered-binary@1.6.1 OK for: lmdb@3.5.1 want: ^1.5.3
2138 silly placeDep ROOT weak-lru-cache@1.2.2 OK for: lmdb@3.5.1 want: ^1.2.2
2139 silly fetch manifest msgpackr-extract@^3.0.2
2140 silly packumentCache full:https://registry.npmjs.org/msgpackr-extract cache-miss
2141 silly fetch manifest detect-libc@^2.0.1
2142 silly packumentCache full:https://registry.npmjs.org/detect-libc cache-miss
2143 http fetch GET 200 https://registry.npmjs.org/detect-libc 215ms (cache revalidated)
2144 silly packumentCache full:https://registry.npmjs.org/detect-libc set size:47861 disposed:false
2145 http fetch GET 200 https://registry.npmjs.org/msgpackr-extract 360ms (cache revalidated)
2146 silly packumentCache full:https://registry.npmjs.org/msgpackr-extract set size:148696 disposed:false
2147 silly placeDep ROOT ansi-escapes@7.3.0 OK for: log-update@6.1.0 want: ^7.0.0
2148 silly placeDep ROOT cli-cursor@5.0.0 OK for: log-update@6.1.0 want: ^5.0.0
2149 silly placeDep node_modules/log-update slice-ansi@7.1.2 OK for: log-update@6.1.0 want: ^7.1.0
2150 silly placeDep ROOT strip-ansi@7.2.0 OK for: log-update@6.1.0 want: ^7.1.0
2151 silly placeDep node_modules/log-update wrap-ansi@9.0.2 OK for: log-update@6.1.0 want: ^9.0.0
2152 silly fetch manifest environment@^1.0.0
2153 silly packumentCache full:https://registry.npmjs.org/environment cache-miss
2154 silly fetch manifest restore-cursor@^5.0.0
2155 silly packumentCache full:https://registry.npmjs.org/restore-cursor cache-miss
2156 silly fetch manifest is-fullwidth-code-point@^5.0.0
2157 silly packumentCache full:https://registry.npmjs.org/is-fullwidth-code-point cache-hit
2158 silly fetch manifest ansi-regex@^6.2.2
2159 silly packumentCache full:https://registry.npmjs.org/ansi-regex cache-miss
2160 http fetch GET 200 https://registry.npmjs.org/restore-cursor 542ms (cache revalidated)
2161 silly packumentCache full:https://registry.npmjs.org/restore-cursor set size:17895 disposed:false
2162 http fetch GET 200 https://registry.npmjs.org/ansi-regex 1041ms (cache revalidated)
2163 silly packumentCache full:https://registry.npmjs.org/ansi-regex set size:43572 disposed:false
2164 http fetch GET 200 https://registry.npmjs.org/environment 1762ms (cache revalidated)
2165 silly packumentCache full:https://registry.npmjs.org/environment set size:13915 disposed:false
2166 silly placeDep ROOT environment@1.1.0 OK for: ansi-escapes@7.3.0 want: ^1.0.0
2167 silly placeDep ROOT restore-cursor@5.1.0 OK for: cli-cursor@5.0.0 want: ^5.0.0
2168 silly fetch manifest onetime@^7.0.0
2169 silly packumentCache full:https://registry.npmjs.org/onetime cache-miss
2170 http fetch GET 200 https://registry.npmjs.org/onetime 139ms (cache revalidated)
2171 silly packumentCache full:https://registry.npmjs.org/onetime set size:32314 disposed:false
2172 silly placeDep ROOT yallist@3.1.1 OK for: lru-cache@5.1.1 want: ^3.0.2
2173 silly placeDep ROOT mime-db@1.54.0 OK for: mime-types@3.0.2 want: ^1.54.0
2174 silly placeDep ROOT msgpackr-extract@3.0.3 OK for: msgpackr@1.11.12 want: ^3.0.2
2175 silly fetch manifest @msgpackr-extract/msgpackr-extract-darwin-arm64@3.0.3
2176 silly packumentCache full:https://registry.npmjs.org/@msgpackr-extract%2fmsgpackr-extract-darwin-arm64 cache-miss
2177 silly fetch manifest @msgpackr-extract/msgpackr-extract-darwin-x64@3.0.3
2178 silly packumentCache full:https://registry.npmjs.org/@msgpackr-extract%2fmsgpackr-extract-darwin-x64 cache-miss
2179 silly fetch manifest @msgpackr-extract/msgpackr-extract-linux-arm@3.0.3
2180 silly packumentCache full:https://registry.npmjs.org/@msgpackr-extract%2fmsgpackr-extract-linux-arm cache-miss
2181 silly fetch manifest @msgpackr-extract/msgpackr-extract-linux-arm64@3.0.3
2182 silly packumentCache full:https://registry.npmjs.org/@msgpackr-extract%2fmsgpackr-extract-linux-arm64 cache-miss
2183 silly fetch manifest @msgpackr-extract/msgpackr-extract-linux-x64@3.0.3
2184 silly packumentCache full:https://registry.npmjs.org/@msgpackr-extract%2fmsgpackr-extract-linux-x64 cache-miss
2185 silly fetch manifest @msgpackr-extract/msgpackr-extract-win32-x64@3.0.3
2186 silly packumentCache full:https://registry.npmjs.org/@msgpackr-extract%2fmsgpackr-extract-win32-x64 cache-miss
2187 http fetch GET 200 https://registry.npmjs.org/@msgpackr-extract%2fmsgpackr-extract-linux-arm 162ms (cache revalidated)
2188 silly packumentCache full:https://registry.npmjs.org/@msgpackr-extract%2fmsgpackr-extract-linux-arm set size:24389 disposed:false
2189 http fetch GET 200 https://registry.npmjs.org/@msgpackr-extract%2fmsgpackr-extract-darwin-arm64 168ms (cache revalidated)
2190 silly packumentCache full:https://registry.npmjs.org/@msgpackr-extract%2fmsgpackr-extract-darwin-arm64 set size:24624 disposed:false
2191 http fetch GET 200 https://registry.npmjs.org/@msgpackr-extract%2fmsgpackr-extract-linux-arm64 169ms (cache revalidated)
2192 silly packumentCache full:https://registry.npmjs.org/@msgpackr-extract%2fmsgpackr-extract-linux-arm64 set size:24535 disposed:false
2193 http fetch GET 200 https://registry.npmjs.org/@msgpackr-extract%2fmsgpackr-extract-darwin-x64 188ms (cache revalidated)
2194 silly packumentCache full:https://registry.npmjs.org/@msgpackr-extract%2fmsgpackr-extract-darwin-x64 set size:24471 disposed:false
2195 http fetch GET 200 https://registry.npmjs.org/@msgpackr-extract%2fmsgpackr-extract-win32-x64 188ms (cache revalidated)
2196 silly packumentCache full:https://registry.npmjs.org/@msgpackr-extract%2fmsgpackr-extract-win32-x64 set size:24400 disposed:false
2197 http fetch GET 200 https://registry.npmjs.org/@msgpackr-extract%2fmsgpackr-extract-linux-x64 1262ms (cache revalidated)
2198 silly packumentCache full:https://registry.npmjs.org/@msgpackr-extract%2fmsgpackr-extract-linux-x64 set size:24390 disposed:false
2199 silly placeDep ROOT @msgpackr-extract/msgpackr-extract-darwin-arm64@3.0.3 OK for: msgpackr-extract@3.0.3 want: 3.0.3
2200 silly placeDep ROOT @msgpackr-extract/msgpackr-extract-darwin-x64@3.0.3 OK for: msgpackr-extract@3.0.3 want: 3.0.3
2201 silly placeDep ROOT @msgpackr-extract/msgpackr-extract-linux-arm@3.0.3 OK for: msgpackr-extract@3.0.3 want: 3.0.3
2202 silly placeDep ROOT @msgpackr-extract/msgpackr-extract-linux-arm64@3.0.3 OK for: msgpackr-extract@3.0.3 want: 3.0.3
2203 silly placeDep ROOT @msgpackr-extract/msgpackr-extract-linux-x64@3.0.3 OK for: msgpackr-extract@3.0.3 want: 3.0.3
2204 silly placeDep ROOT @msgpackr-extract/msgpackr-extract-win32-x64@3.0.3 OK for: msgpackr-extract@3.0.3 want: 3.0.3
2205 silly placeDep ROOT detect-libc@2.1.2 OK for: node-gyp-build-optional-packages@5.2.2 want: ^2.0.1
2206 silly placeDep ROOT hosted-git-info@9.0.3 OK for: npm-package-arg@13.0.2 want: ^9.0.0
2207 silly placeDep ROOT proc-log@6.1.0 OK for: npm-package-arg@13.0.2 want: ^6.0.0
2208 silly placeDep ROOT validate-npm-package-name@7.0.2 OK for: npm-package-arg@13.0.2 want: ^7.0.0
2209 silly fetch manifest lru-cache@^11.1.0
2210 silly packumentCache full:https://registry.npmjs.org/lru-cache cache-hit
2211 silly placeDep node_modules/hosted-git-info lru-cache@11.4.0 OK for: hosted-git-info@9.0.3 want: ^11.1.0
2212 silly placeDep ROOT ee-first@1.1.1 OK for: on-finished@2.4.1 want: 1.1.1
2213 silly placeDep ROOT wrappy@1.0.2 OK for: once@1.4.0 want: 1
2214 silly placeDep ROOT chalk@5.6.2 OK for: ora@9.3.0 want: ^5.6.2
2215 silly placeDep ROOT cli-spinners@3.4.0 OK for: ora@9.3.0 want: ^3.2.0
2216 silly placeDep ROOT is-interactive@2.0.0 OK for: ora@9.3.0 want: ^2.0.0
2217 silly placeDep ROOT is-unicode-supported@2.1.0 OK for: ora@9.3.0 want: ^2.1.0
2218 silly placeDep ROOT log-symbols@7.0.1 OK for: ora@9.3.0 want: ^7.0.1
2219 silly placeDep ROOT stdin-discarder@0.3.2 OK for: ora@9.3.0 want: ^0.3.1
2220 silly fetch manifest yoctocolors@^2.1.1
2221 silly packumentCache full:https://registry.npmjs.org/yoctocolors cache-miss
2222 http fetch GET 200 https://registry.npmjs.org/yoctocolors 422ms (cache revalidated)
2223 silly packumentCache full:https://registry.npmjs.org/yoctocolors set size:25767 disposed:false
2224 silly placeDep ROOT yoctocolors@2.1.2 OK for: log-symbols@7.0.1 want: ^2.1.1
2225 silly placeDep ROOT @npmcli/git@7.0.2 OK for: pacote@21.3.1 want: ^7.0.0
2226 silly placeDep ROOT @npmcli/installed-package-contents@4.0.0 OK for: pacote@21.3.1 want: ^4.0.0
2227 silly placeDep ROOT @npmcli/package-json@7.0.5 OK for: pacote@21.3.1 want: ^7.0.0
2228 silly placeDep ROOT @npmcli/promise-spawn@9.0.1 OK for: pacote@21.3.1 want: ^9.0.0
2229 silly placeDep ROOT @npmcli/run-script@10.0.4 OK for: pacote@21.3.1 want: ^10.0.0
2230 silly placeDep ROOT cacache@20.0.4 OK for: pacote@21.3.1 want: ^20.0.0
2231 silly placeDep ROOT fs-minipass@3.0.3 OK for: pacote@21.3.1 want: ^3.0.0
2232 silly placeDep ROOT minipass@7.1.3 OK for: pacote@21.3.1 want: ^7.0.2
2233 silly placeDep ROOT npm-packlist@10.0.4 OK for: pacote@21.3.1 want: ^10.0.1
2234 silly placeDep ROOT npm-pick-manifest@11.0.3 OK for: pacote@21.3.1 want: ^11.0.1
2235 silly placeDep ROOT npm-registry-fetch@19.1.1 OK for: pacote@21.3.1 want: ^19.0.0
2236 silly placeDep ROOT promise-retry@2.0.1 OK for: pacote@21.3.1 want: ^2.0.1
2237 silly placeDep ROOT sigstore@4.1.0 OK for: pacote@21.3.1 want: ^4.0.0
2238 silly placeDep ROOT ssri@13.0.1 OK for: pacote@21.3.1 want: ^13.0.0
2239 silly placeDep ROOT tar@7.5.15 OK for: pacote@21.3.1 want: ^7.4.3
2240 silly fetch manifest which@^6.0.0
2241 silly packumentCache full:https://registry.npmjs.org/which cache-hit
2242 silly fetch manifest lru-cache@^11.2.1
2243 silly packumentCache full:https://registry.npmjs.org/lru-cache cache-hit
2244 silly fetch manifest @gar/promise-retry@^1.0.0
2245 silly packumentCache full:https://registry.npmjs.org/@gar%2fpromise-retry cache-miss
2246 silly fetch manifest npm-bundled@^5.0.0
2247 silly packumentCache full:https://registry.npmjs.org/npm-bundled cache-miss
2248 silly fetch manifest npm-normalize-package-bin@^5.0.0
2249 silly packumentCache full:https://registry.npmjs.org/npm-normalize-package-bin cache-miss
2250 silly fetch manifest glob@^13.0.0
2251 silly packumentCache full:https://registry.npmjs.org/glob cache-miss
2252 silly fetch manifest spdx-expression-parse@^4.0.0
2253 silly packumentCache full:https://registry.npmjs.org/spdx-expression-parse cache-miss
2254 silly fetch manifest json-parse-even-better-errors@^5.0.0
2255 silly packumentCache full:https://registry.npmjs.org/json-parse-even-better-errors cache-miss
2256 silly fetch manifest which@^6.0.0
2257 silly packumentCache full:https://registry.npmjs.org/which cache-hit
2258 silly fetch manifest node-gyp@^12.1.0
2259 silly packumentCache full:https://registry.npmjs.org/node-gyp cache-miss
2260 silly fetch manifest @npmcli/node-gyp@^5.0.0
2261 silly packumentCache full:https://registry.npmjs.org/@npmcli%2fnode-gyp cache-miss
2262 silly fetch manifest glob@^13.0.0
2263 silly packumentCache full:https://registry.npmjs.org/glob cache-miss
2264 silly fetch manifest p-map@^7.0.2
2265 silly packumentCache full:https://registry.npmjs.org/p-map cache-miss
2266 silly fetch manifest minipass@^7.0.3
2267 silly packumentCache full:https://registry.npmjs.org/minipass cache-hit
2268 silly fetch manifest @npmcli/fs@^5.0.0
2269 silly packumentCache full:https://registry.npmjs.org/@npmcli%2ffs cache-miss
2270 http fetch GET 200 https://registry.npmjs.org/@gar%2fpromise-retry 208ms (cache revalidated)
2271 silly packumentCache full:https://registry.npmjs.org/@gar%2fpromise-retry set size:11490 disposed:false
2272 silly fetch manifest minipass-flush@^1.0.5
2273 silly packumentCache full:https://registry.npmjs.org/minipass-flush cache-miss
2274 http fetch GET 200 https://registry.npmjs.org/npm-bundled 219ms (cache revalidated)
2275 silly packumentCache full:https://registry.npmjs.org/npm-bundled set size:43804 disposed:false
2276 silly fetch manifest minipass-collect@^2.0.1
2277 silly packumentCache full:https://registry.npmjs.org/minipass-collect cache-miss
2278 http fetch GET 200 https://registry.npmjs.org/glob 227ms (cache revalidated)
2279 silly packumentCache full:https://registry.npmjs.org/glob set size:469465 disposed:false
2280 silly fetch manifest minipass-pipeline@^1.2.4
2281 silly packumentCache full:https://registry.npmjs.org/minipass-pipeline cache-miss
2282 http fetch GET 200 https://registry.npmjs.org/node-gyp 243ms (cache revalidated)
2283 silly packumentCache full:https://registry.npmjs.org/node-gyp set size:317909 disposed:false
2284 silly fetch manifest ignore-walk@^8.0.0
2285 silly packumentCache full:https://registry.npmjs.org/ignore-walk cache-miss
2286 http fetch GET 200 https://registry.npmjs.org/@npmcli%2fnode-gyp 343ms (cache revalidated)
2287 silly packumentCache full:https://registry.npmjs.org/@npmcli%2fnode-gyp set size:24278 disposed:false
2288 silly fetch manifest npm-install-checks@^8.0.0
2289 silly packumentCache full:https://registry.npmjs.org/npm-install-checks cache-miss
2290 http fetch GET 200 https://registry.npmjs.org/p-map 349ms (cache revalidated)
2291 silly packumentCache full:https://registry.npmjs.org/p-map set size:52373 disposed:false
2292 silly fetch manifest npm-normalize-package-bin@^5.0.0
2293 silly packumentCache full:https://registry.npmjs.org/npm-normalize-package-bin cache-miss
2294 http fetch GET 200 https://registry.npmjs.org/@npmcli%2ffs 350ms (cache revalidated)
2295 silly packumentCache full:https://registry.npmjs.org/@npmcli%2ffs set size:42864 disposed:false
2296 silly fetch manifest minizlib@^3.0.1
2297 silly packumentCache full:https://registry.npmjs.org/minizlib cache-miss
2298 http fetch GET 200 https://registry.npmjs.org/minipass-pipeline 272ms (cache revalidated)
2299 silly packumentCache full:https://registry.npmjs.org/minipass-pipeline set size:32257 disposed:false
2300 silly fetch manifest jsonparse@^1.3.1
2301 silly packumentCache full:https://registry.npmjs.org/jsonparse cache-miss
2302 http fetch GET 200 https://registry.npmjs.org/minipass-flush 329ms (cache revalidated)
2303 silly packumentCache full:https://registry.npmjs.org/minipass-flush set size:21037 disposed:false
2304 silly fetch manifest @npmcli/redact@^4.0.0
2305 silly packumentCache full:https://registry.npmjs.org/@npmcli%2fredact cache-miss
2306 http fetch GET 200 https://registry.npmjs.org/minipass-collect 332ms (cache revalidated)
2307 silly packumentCache full:https://registry.npmjs.org/minipass-collect set size:12471 disposed:false
2308 silly fetch manifest minipass-fetch@^5.0.0
2309 silly packumentCache full:https://registry.npmjs.org/minipass-fetch cache-miss
2310 http fetch GET 200 https://registry.npmjs.org/ignore-walk 302ms (cache revalidated)
2311 silly packumentCache full:https://registry.npmjs.org/ignore-walk set size:71031 disposed:false
2312 silly fetch manifest make-fetch-happen@^15.0.0
2313 silly packumentCache full:https://registry.npmjs.org/make-fetch-happen cache-miss
2314 http fetch GET 200 https://registry.npmjs.org/npm-install-checks 221ms (cache revalidated)
2315 silly packumentCache full:https://registry.npmjs.org/npm-install-checks set size:61706 disposed:false
2316 silly fetch manifest err-code@^2.0.2
2317 silly packumentCache full:https://registry.npmjs.org/err-code cache-miss
2318 http fetch GET 200 https://registry.npmjs.org/npm-normalize-package-bin 223ms (cache revalidated)
2319 silly packumentCache full:https://registry.npmjs.org/npm-normalize-package-bin set size:24461 disposed:false
2320 silly fetch manifest retry@^0.12.0
2321 silly packumentCache full:https://registry.npmjs.org/retry cache-miss
2322 http fetch GET 200 https://registry.npmjs.org/npm-normalize-package-bin 587ms (cache revalidated)
2323 silly packumentCache full:https://registry.npmjs.org/npm-normalize-package-bin set size:24461 disposed:false
2324 silly packumentCache full:https://registry.npmjs.org/npm-normalize-package-bin dispose
2325 silly fetch manifest @sigstore/bundle@^4.0.0
2326 silly packumentCache full:https://registry.npmjs.org/@sigstore%2fbundle cache-miss
2327 http fetch GET 200 https://registry.npmjs.org/spdx-expression-parse 610ms (cache revalidated)
2328 silly packumentCache full:https://registry.npmjs.org/spdx-expression-parse set size:29500 disposed:false
2329 silly fetch manifest @sigstore/core@^3.1.0
2330 silly packumentCache full:https://registry.npmjs.org/@sigstore%2fcore cache-miss
2331 http fetch GET 200 https://registry.npmjs.org/minizlib 270ms (cache revalidated)
2332 silly packumentCache full:https://registry.npmjs.org/minizlib set size:62862 disposed:false
2333 silly fetch manifest @sigstore/protobuf-specs@^0.5.0
2334 silly packumentCache full:https://registry.npmjs.org/@sigstore%2fprotobuf-specs cache-miss
2335 http fetch GET 200 https://registry.npmjs.org/jsonparse 156ms (cache revalidated)
2336 silly packumentCache full:https://registry.npmjs.org/jsonparse set size:15932 disposed:false
2337 silly fetch manifest @sigstore/sign@^4.1.0
2338 silly packumentCache full:https://registry.npmjs.org/@sigstore%2fsign cache-miss
2339 http fetch GET 200 https://registry.npmjs.org/@npmcli%2fredact 140ms (cache revalidated)
2340 silly packumentCache full:https://registry.npmjs.org/@npmcli%2fredact set size:32911 disposed:false
2341 silly fetch manifest @sigstore/tuf@^4.0.1
2342 silly packumentCache full:https://registry.npmjs.org/@sigstore%2ftuf cache-miss
2343 http fetch GET 200 https://registry.npmjs.org/minipass-fetch 168ms (cache revalidated)
2344 silly packumentCache full:https://registry.npmjs.org/minipass-fetch set size:109078 disposed:false
2345 silly fetch manifest @sigstore/verify@^3.1.0
2346 silly packumentCache full:https://registry.npmjs.org/@sigstore%2fverify cache-miss
2347 http fetch GET 200 https://registry.npmjs.org/make-fetch-happen 178ms (cache revalidated)
2348 silly packumentCache full:https://registry.npmjs.org/make-fetch-happen set size:373638 disposed:false
2349 silly fetch manifest @isaacs/fs-minipass@^4.0.0
2350 silly packumentCache full:https://registry.npmjs.org/@isaacs%2ffs-minipass cache-miss
2351 http fetch GET 200 https://registry.npmjs.org/@sigstore%2fbundle 164ms (cache revalidated)
2352 silly packumentCache full:https://registry.npmjs.org/@sigstore%2fbundle set size:23167 disposed:false
2353 silly fetch manifest chownr@^3.0.0
2354 silly packumentCache full:https://registry.npmjs.org/chownr cache-miss
2355 http fetch GET 200 https://registry.npmjs.org/err-code 204ms (cache revalidated)
2356 silly packumentCache full:https://registry.npmjs.org/err-code set size:29518 disposed:false
2357 silly fetch manifest minizlib@^3.1.0
2358 silly packumentCache full:https://registry.npmjs.org/minizlib cache-hit
2359 silly fetch manifest yallist@^5.0.0
2360 silly packumentCache full:https://registry.npmjs.org/yallist cache-hit
2361 http fetch GET 200 https://registry.npmjs.org/retry 221ms (cache revalidated)
2362 silly packumentCache full:https://registry.npmjs.org/retry set size:31161 disposed:false
2363 http fetch GET 200 https://registry.npmjs.org/glob 804ms (cache revalidated)
2364 silly packumentCache full:https://registry.npmjs.org/glob set size:469465 disposed:false
2365 silly packumentCache full:https://registry.npmjs.org/glob dispose
2366 http fetch GET 200 https://registry.npmjs.org/@sigstore%2ftuf 135ms (cache revalidated)
2367 silly packumentCache full:https://registry.npmjs.org/@sigstore%2ftuf set size:39378 disposed:false
2368 http fetch GET 200 https://registry.npmjs.org/@sigstore%2fsign 150ms (cache revalidated)
2369 silly packumentCache full:https://registry.npmjs.org/@sigstore%2fsign set size:39638 disposed:false
2370 http fetch GET 200 https://registry.npmjs.org/@sigstore%2fverify 145ms (cache revalidated)
2371 silly packumentCache full:https://registry.npmjs.org/@sigstore%2fverify set size:21996 disposed:false
2372 http fetch GET 200 https://registry.npmjs.org/chownr 129ms (cache revalidated)
2373 silly packumentCache full:https://registry.npmjs.org/chownr set size:22157 disposed:false
2374 http fetch GET 200 https://registry.npmjs.org/@isaacs%2ffs-minipass 163ms (cache revalidated)
2375 silly packumentCache full:https://registry.npmjs.org/@isaacs%2ffs-minipass set size:7912 disposed:false
2376 http fetch GET 200 https://registry.npmjs.org/@sigstore%2fprotobuf-specs 295ms (cache revalidated)
2377 silly packumentCache full:https://registry.npmjs.org/@sigstore%2fprotobuf-specs set size:27957 disposed:false
2378 http fetch GET 200 https://registry.npmjs.org/json-parse-even-better-errors 992ms (cache revalidated)
2379 silly packumentCache full:https://registry.npmjs.org/json-parse-even-better-errors set size:37274 disposed:false
2380 http fetch GET 200 https://registry.npmjs.org/@sigstore%2fcore 644ms (cache revalidated)
2381 silly packumentCache full:https://registry.npmjs.org/@sigstore%2fcore set size:15387 disposed:false
2382 silly placeDep ROOT @gar/promise-retry@1.0.3 OK for: @npmcli/git@7.0.2 want: ^1.0.0
2383 silly placeDep node_modules/@npmcli/git lru-cache@11.4.0 OK for: @npmcli/git@7.0.2 want: ^11.2.1
2384 silly placeDep node_modules/@npmcli/git which@6.0.1 OK for: @npmcli/git@7.0.2 want: ^6.0.0
2385 silly fetch manifest isexe@^4.0.0
2386 silly packumentCache full:https://registry.npmjs.org/isexe cache-hit
2387 silly placeDep ROOT npm-bundled@5.0.0 OK for: @npmcli/installed-package-contents@4.0.0 want: ^5.0.0
2388 silly placeDep ROOT npm-normalize-package-bin@5.0.0 OK for: @npmcli/installed-package-contents@4.0.0 want: ^5.0.0
2389 silly placeDep ROOT glob@13.0.6 OK for: @npmcli/package-json@7.0.5 want: ^13.0.0
2390 silly placeDep ROOT json-parse-even-better-errors@5.0.0 OK for: @npmcli/package-json@7.0.5 want: ^5.0.0
2391 silly placeDep ROOT spdx-expression-parse@4.0.0 OK for: @npmcli/package-json@7.0.5 want: ^4.0.0
2392 silly fetch manifest minimatch@^10.2.2
2393 silly packumentCache full:https://registry.npmjs.org/minimatch cache-miss
2394 silly fetch manifest path-scurry@^2.0.2
2395 silly packumentCache full:https://registry.npmjs.org/path-scurry cache-miss
2396 silly fetch manifest spdx-exceptions@^2.1.0
2397 silly packumentCache full:https://registry.npmjs.org/spdx-exceptions cache-miss
2398 silly fetch manifest spdx-license-ids@^3.0.0
2399 silly packumentCache full:https://registry.npmjs.org/spdx-license-ids cache-miss
2400 http fetch GET 200 https://registry.npmjs.org/spdx-license-ids 132ms (cache revalidated)
2401 silly packumentCache full:https://registry.npmjs.org/spdx-license-ids set size:81601 disposed:false
2402 http fetch GET 200 https://registry.npmjs.org/path-scurry 150ms (cache revalidated)
2403 silly packumentCache full:https://registry.npmjs.org/path-scurry set size:117612 disposed:false
2404 http fetch GET 200 https://registry.npmjs.org/minimatch 153ms (cache revalidated)
2405 silly packumentCache full:https://registry.npmjs.org/minimatch set size:375282 disposed:false
2406 http fetch GET 200 https://registry.npmjs.org/spdx-exceptions 695ms (cache revalidated)
2407 silly packumentCache full:https://registry.npmjs.org/spdx-exceptions set size:21227 disposed:false
2408 silly placeDep node_modules/@npmcli/promise-spawn which@6.0.1 OK for: @npmcli/promise-spawn@9.0.1 want: ^6.0.0
2409 silly placeDep ROOT @npmcli/node-gyp@5.0.0 OK for: @npmcli/run-script@10.0.4 want: ^5.0.0
2410 silly placeDep ROOT node-gyp@12.3.0 OK for: @npmcli/run-script@10.0.4 want: ^12.1.0
2411 silly fetch manifest env-paths@^2.2.0
2412 silly packumentCache full:https://registry.npmjs.org/env-paths cache-miss
2413 silly fetch manifest exponential-backoff@^3.1.1
2414 silly packumentCache full:https://registry.npmjs.org/exponential-backoff cache-miss
2415 silly fetch manifest graceful-fs@^4.2.6
2416 silly packumentCache full:https://registry.npmjs.org/graceful-fs cache-hit
2417 silly fetch manifest nopt@^9.0.0
2418 silly packumentCache full:https://registry.npmjs.org/nopt cache-miss
2419 silly fetch manifest undici@^6.25.0
2420 silly packumentCache full:https://registry.npmjs.org/undici cache-miss
2421 http cache https://registry.npmjs.org/undici 50ms (cache hit)
2422 silly packumentCache full:https://registry.npmjs.org/undici set size:1412963 disposed:false
2423 http fetch GET 200 https://registry.npmjs.org/env-paths 145ms (cache revalidated)
2424 silly packumentCache full:https://registry.npmjs.org/env-paths set size:26913 disposed:false
2425 http fetch GET 200 https://registry.npmjs.org/exponential-backoff 147ms (cache revalidated)
2426 silly packumentCache full:https://registry.npmjs.org/exponential-backoff set size:55896 disposed:false
2427 http fetch GET 200 https://registry.npmjs.org/nopt 407ms (cache revalidated)
2428 silly packumentCache full:https://registry.npmjs.org/nopt set size:74173 disposed:false
2429 silly placeDep ROOT @npmcli/fs@5.0.0 OK for: cacache@20.0.4 want: ^5.0.0
2430 silly placeDep node_modules/cacache lru-cache@11.4.0 OK for: cacache@20.0.4 want: ^11.1.0
2431 silly placeDep ROOT minipass-collect@2.0.1 OK for: cacache@20.0.4 want: ^2.0.1
2432 silly placeDep ROOT minipass-flush@1.0.7 OK for: cacache@20.0.4 want: ^1.0.5
2433 silly placeDep ROOT minipass-pipeline@1.2.4 OK for: cacache@20.0.4 want: ^1.2.4
2434 silly placeDep ROOT p-map@7.0.4 OK for: cacache@20.0.4 want: ^7.0.2
2435 silly fetch manifest minipass@^3.0.0
2436 silly packumentCache full:https://registry.npmjs.org/minipass cache-hit
2437 silly fetch manifest minipass@^3.0.0
2438 silly packumentCache full:https://registry.npmjs.org/minipass cache-hit
2439 silly placeDep ROOT minimatch@10.2.5 OK for: glob@13.0.6 want: ^10.2.2
2440 silly placeDep ROOT path-scurry@2.0.2 OK for: glob@13.0.6 want: ^2.0.2
2441 silly fetch manifest brace-expansion@^5.0.5
2442 silly packumentCache full:https://registry.npmjs.org/brace-expansion cache-miss
2443 silly fetch manifest lru-cache@^11.0.0
2444 silly packumentCache full:https://registry.npmjs.org/lru-cache cache-hit
2445 http fetch GET 200 https://registry.npmjs.org/brace-expansion 132ms (cache revalidated)
2446 silly packumentCache full:https://registry.npmjs.org/brace-expansion set size:70654 disposed:false
2447 silly placeDep ROOT brace-expansion@5.0.6 OK for: minimatch@10.2.5 want: ^5.0.5
2448 silly fetch manifest balanced-match@^4.0.2
2449 silly packumentCache full:https://registry.npmjs.org/balanced-match cache-miss
2450 http fetch GET 200 https://registry.npmjs.org/balanced-match 221ms (cache revalidated)
2451 silly packumentCache full:https://registry.npmjs.org/balanced-match set size:39082 disposed:false
2452 silly placeDep ROOT balanced-match@4.0.4 OK for: brace-expansion@5.0.6 want: ^4.0.2
2453 silly placeDep node_modules/minipass-flush minipass@3.3.6 OK for: minipass-flush@1.0.7 want: ^3.0.0
2454 silly fetch manifest yallist@^4.0.0
2455 silly packumentCache full:https://registry.npmjs.org/yallist cache-hit
2456 silly placeDep node_modules/minipass-pipeline minipass@3.3.6 OK for: minipass-pipeline@1.2.4 want: ^3.0.0
2457 silly placeDep ROOT env-paths@2.2.1 OK for: node-gyp@12.3.0 want: ^2.2.0
2458 silly placeDep ROOT exponential-backoff@3.1.3 OK for: node-gyp@12.3.0 want: ^3.1.1
2459 silly placeDep ROOT graceful-fs@4.2.11 OK for: node-gyp@12.3.0 want: ^4.2.6
2460 silly placeDep ROOT nopt@9.0.0 OK for: node-gyp@12.3.0 want: ^9.0.0
2461 silly placeDep node_modules/node-gyp undici@6.25.0 OK for: node-gyp@12.3.0 want: ^6.25.0
2462 silly placeDep node_modules/node-gyp which@6.0.1 OK for: node-gyp@12.3.0 want: ^6.0.0
2463 silly fetch manifest abbrev@^4.0.0
2464 silly packumentCache full:https://registry.npmjs.org/abbrev cache-miss
2465 http fetch GET 200 https://registry.npmjs.org/abbrev 932ms (cache revalidated)
2466 silly packumentCache full:https://registry.npmjs.org/abbrev set size:24244 disposed:false
2467 silly placeDep ROOT abbrev@4.0.0 OK for: nopt@9.0.0 want: ^4.0.0
2468 silly placeDep ROOT ignore-walk@8.0.0 OK for: npm-packlist@10.0.4 want: ^8.0.0
2469 silly placeDep ROOT npm-install-checks@8.0.0 OK for: npm-pick-manifest@11.0.3 want: ^8.0.0
2470 silly placeDep ROOT @npmcli/redact@4.0.0 OK for: npm-registry-fetch@19.1.1 want: ^4.0.0
2471 silly placeDep ROOT jsonparse@1.3.1 OK for: npm-registry-fetch@19.1.1 want: ^1.3.1
2472 silly placeDep ROOT make-fetch-happen@15.0.5 OK for: npm-registry-fetch@19.1.1 want: ^15.0.0
2473 silly placeDep ROOT minipass-fetch@5.0.2 OK for: npm-registry-fetch@19.1.1 want: ^5.0.0
2474 silly placeDep ROOT minizlib@3.1.0 OK for: npm-registry-fetch@19.1.1 want: ^3.0.1
2475 silly fetch manifest @npmcli/agent@^4.0.0
2476 silly packumentCache full:https://registry.npmjs.org/@npmcli%2fagent cache-miss
2477 silly fetch manifest http-cache-semantics@^4.1.1
2478 silly packumentCache full:https://registry.npmjs.org/http-cache-semantics cache-miss
2479 silly fetch manifest minipass-sized@^2.0.0
2480 silly packumentCache full:https://registry.npmjs.org/minipass-sized cache-miss
2481 http fetch GET 200 https://registry.npmjs.org/minipass-sized 153ms (cache revalidated)
2482 silly packumentCache full:https://registry.npmjs.org/minipass-sized set size:14420 disposed:false
2483 http fetch GET 200 https://registry.npmjs.org/http-cache-semantics 162ms (cache revalidated)
2484 silly packumentCache full:https://registry.npmjs.org/http-cache-semantics set size:66288 disposed:false
2485 http fetch GET 200 https://registry.npmjs.org/@npmcli%2fagent 763ms (cache revalidated)
2486 silly packumentCache full:https://registry.npmjs.org/@npmcli%2fagent set size:30932 disposed:false
2487 silly placeDep ROOT @npmcli/agent@4.0.0 OK for: make-fetch-happen@15.0.5 want: ^4.0.0
2488 silly placeDep ROOT http-cache-semantics@4.2.0 OK for: make-fetch-happen@15.0.5 want: ^4.1.1
2489 silly fetch manifest socks-proxy-agent@^8.0.3
2490 silly packumentCache full:https://registry.npmjs.org/socks-proxy-agent cache-miss
2491 http fetch GET 200 https://registry.npmjs.org/socks-proxy-agent 132ms (cache revalidated)
2492 silly packumentCache full:https://registry.npmjs.org/socks-proxy-agent set size:104740 disposed:false
2493 silly placeDep node_modules/@npmcli/agent lru-cache@11.4.0 OK for: @npmcli/agent@4.0.0 want: ^11.2.1
2494 silly placeDep ROOT socks-proxy-agent@8.0.5 OK for: @npmcli/agent@4.0.0 want: ^8.0.3
2495 silly fetch manifest socks@^2.8.3
2496 silly packumentCache full:https://registry.npmjs.org/socks cache-miss
2497 http fetch GET 200 https://registry.npmjs.org/socks 989ms (cache revalidated)
2498 silly packumentCache full:https://registry.npmjs.org/socks set size:173143 disposed:false
2499 silly placeDep ROOT minipass-sized@2.0.0 OK for: minipass-fetch@5.0.2 want: ^2.0.0
2500 silly placeDep node_modules/parse5 entities@8.0.0 OK for: parse5@8.0.1 want: ^8.0.0
2501 silly placeDep node_modules/parse5-html-rewriting-stream entities@6.0.1 OK for: parse5-html-rewriting-stream@8.0.0 want: ^6.0.0
2502 silly placeDep ROOT parse5-sax-parser@8.0.0 OK for: parse5-html-rewriting-stream@8.0.0 want: ^8.0.0
2503 silly placeDep node_modules/path-scurry lru-cache@11.4.0 OK for: path-scurry@2.0.2 want: ^11.0.0
2504 silly placeDep ROOT @napi-rs/nice@1.1.1 OK for: piscina@5.1.4 want: ^1.0.4
2505 silly fetch manifest @napi-rs/nice-darwin-x64@1.1.1
2506 silly packumentCache full:https://registry.npmjs.org/@napi-rs%2fnice-darwin-x64 cache-miss
2507 silly fetch manifest @napi-rs/nice-darwin-arm64@1.1.1
2508 silly packumentCache full:https://registry.npmjs.org/@napi-rs%2fnice-darwin-arm64 cache-miss
2509 silly fetch manifest @napi-rs/nice-linux-x64-gnu@1.1.1
2510 silly packumentCache full:https://registry.npmjs.org/@napi-rs%2fnice-linux-x64-gnu cache-miss
2511 silly fetch manifest @napi-rs/nice-win32-x64-msvc@1.1.1
2512 silly packumentCache full:https://registry.npmjs.org/@napi-rs%2fnice-win32-x64-msvc cache-miss
2513 silly fetch manifest @napi-rs/nice-linux-x64-musl@1.1.1
2514 silly packumentCache full:https://registry.npmjs.org/@napi-rs%2fnice-linux-x64-musl cache-miss
2515 silly fetch manifest @napi-rs/nice-linux-arm64-gnu@1.1.1
2516 silly packumentCache full:https://registry.npmjs.org/@napi-rs%2fnice-linux-arm64-gnu cache-miss
2517 silly fetch manifest @napi-rs/nice-win32-ia32-msvc@1.1.1
2518 silly packumentCache full:https://registry.npmjs.org/@napi-rs%2fnice-win32-ia32-msvc cache-miss
2519 silly fetch manifest @napi-rs/nice-linux-arm-gnueabihf@1.1.1
2520 silly packumentCache full:https://registry.npmjs.org/@napi-rs%2fnice-linux-arm-gnueabihf cache-miss
2521 silly fetch manifest @napi-rs/nice-android-arm64@1.1.1
2522 silly packumentCache full:https://registry.npmjs.org/@napi-rs%2fnice-android-arm64 cache-miss
2523 silly fetch manifest @napi-rs/nice-freebsd-x64@1.1.1
2524 silly packumentCache full:https://registry.npmjs.org/@napi-rs%2fnice-freebsd-x64 cache-miss
2525 silly fetch manifest @napi-rs/nice-linux-arm64-musl@1.1.1
2526 silly packumentCache full:https://registry.npmjs.org/@napi-rs%2fnice-linux-arm64-musl cache-miss
2527 http fetch GET 200 https://registry.npmjs.org/@napi-rs%2fnice-darwin-x64 142ms (cache revalidated)
2528 silly packumentCache full:https://registry.npmjs.org/@napi-rs%2fnice-darwin-x64 set size:11922 disposed:false
2529 silly fetch manifest @napi-rs/nice-android-arm-eabi@1.1.1
2530 silly packumentCache full:https://registry.npmjs.org/@napi-rs%2fnice-android-arm-eabi cache-miss
2531 http fetch GET 200 https://registry.npmjs.org/@napi-rs%2fnice-win32-ia32-msvc 147ms (cache revalidated)
2532 silly packumentCache full:https://registry.npmjs.org/@napi-rs%2fnice-win32-ia32-msvc set size:10218 disposed:false
2533 silly fetch manifest @napi-rs/nice-win32-arm64-msvc@1.1.1
2534 silly packumentCache full:https://registry.npmjs.org/@napi-rs%2fnice-win32-arm64-msvc cache-miss
2535 http fetch GET 200 https://registry.npmjs.org/@napi-rs%2fnice-linux-arm-gnueabihf 161ms (cache revalidated)
2536 silly packumentCache full:https://registry.npmjs.org/@napi-rs%2fnice-linux-arm-gnueabihf set size:10376 disposed:false
2537 silly fetch manifest @napi-rs/nice-linux-ppc64-gnu@1.1.1
2538 silly packumentCache full:https://registry.npmjs.org/@napi-rs%2fnice-linux-ppc64-gnu cache-miss
2539 http fetch GET 200 https://registry.npmjs.org/@napi-rs%2fnice-win32-x64-msvc 165ms (cache revalidated)
2540 silly packumentCache full:https://registry.npmjs.org/@napi-rs%2fnice-win32-x64-msvc set size:10178 disposed:false
2541 silly fetch manifest @napi-rs/nice-linux-s390x-gnu@1.1.1
2542 silly packumentCache full:https://registry.npmjs.org/@napi-rs%2fnice-linux-s390x-gnu cache-miss
2543 http fetch GET 200 https://registry.npmjs.org/@napi-rs%2fnice-darwin-arm64 169ms (cache revalidated)
2544 silly packumentCache full:https://registry.npmjs.org/@napi-rs%2fnice-darwin-arm64 set size:10116 disposed:false
2545 silly fetch manifest @napi-rs/nice-linux-riscv64-gnu@1.1.1
2546 silly packumentCache full:https://registry.npmjs.org/@napi-rs%2fnice-linux-riscv64-gnu cache-miss
2547 http fetch GET 200 https://registry.npmjs.org/@napi-rs%2fnice-linux-x64-gnu 178ms (cache revalidated)
2548 silly packumentCache full:https://registry.npmjs.org/@napi-rs%2fnice-linux-x64-gnu set size:10229 disposed:false
2549 silly fetch manifest @napi-rs/nice-openharmony-arm64@1.1.1
2550 silly packumentCache full:https://registry.npmjs.org/@napi-rs%2fnice-openharmony-arm64 cache-miss
2551 http fetch GET 200 https://registry.npmjs.org/@napi-rs%2fnice-win32-arm64-msvc 135ms (cache revalidated)
2552 silly packumentCache full:https://registry.npmjs.org/@napi-rs%2fnice-win32-arm64-msvc set size:10263 disposed:false
2553 http fetch GET 200 https://registry.npmjs.org/@napi-rs%2fnice-linux-s390x-gnu 128ms (cache revalidated)
2554 silly packumentCache full:https://registry.npmjs.org/@napi-rs%2fnice-linux-s390x-gnu set size:8487 disposed:false
2555 http fetch GET 200 https://registry.npmjs.org/@napi-rs%2fnice-android-arm-eabi 164ms (cache revalidated)
2556 silly packumentCache full:https://registry.npmjs.org/@napi-rs%2fnice-android-arm-eabi set size:10267 disposed:false
2557 http fetch GET 200 https://registry.npmjs.org/@napi-rs%2fnice-linux-ppc64-gnu 145ms (cache revalidated)
2558 silly packumentCache full:https://registry.npmjs.org/@napi-rs%2fnice-linux-ppc64-gnu set size:8493 disposed:false
2559 http fetch GET 200 https://registry.npmjs.org/@napi-rs%2fnice-linux-riscv64-gnu 150ms (cache revalidated)
2560 silly packumentCache full:https://registry.npmjs.org/@napi-rs%2fnice-linux-riscv64-gnu set size:8562 disposed:false
2561 http fetch GET 200 https://registry.npmjs.org/@napi-rs%2fnice-linux-arm64-gnu 401ms (cache revalidated)
2562 silly packumentCache full:https://registry.npmjs.org/@napi-rs%2fnice-linux-arm64-gnu set size:10318 disposed:false
2563 http fetch GET 200 https://registry.npmjs.org/@napi-rs%2fnice-linux-x64-musl 495ms (cache revalidated)
2564 silly packumentCache full:https://registry.npmjs.org/@napi-rs%2fnice-linux-x64-musl set size:10262 disposed:false
2565 http fetch GET 200 https://registry.npmjs.org/@napi-rs%2fnice-linux-arm64-musl 524ms (cache revalidated)
2566 silly packumentCache full:https://registry.npmjs.org/@napi-rs%2fnice-linux-arm64-musl set size:10350 disposed:false
2567 http fetch GET 200 https://registry.npmjs.org/@napi-rs%2fnice-freebsd-x64 538ms (cache revalidated)
2568 silly packumentCache full:https://registry.npmjs.org/@napi-rs%2fnice-freebsd-x64 set size:10075 disposed:false
2569 http fetch GET 200 https://registry.npmjs.org/@napi-rs%2fnice-openharmony-arm64 485ms (cache revalidated)
2570 silly packumentCache full:https://registry.npmjs.org/@napi-rs%2fnice-openharmony-arm64 set size:4506 disposed:false
2571 http fetch GET 200 https://registry.npmjs.org/@napi-rs%2fnice-android-arm64 861ms (cache revalidated)
2572 silly packumentCache full:https://registry.npmjs.org/@napi-rs%2fnice-android-arm64 set size:10160 disposed:false
2573 silly placeDep ROOT @napi-rs/nice-android-arm-eabi@1.1.1 OK for: @napi-rs/nice@1.1.1 want: 1.1.1
2574 silly placeDep ROOT @napi-rs/nice-android-arm64@1.1.1 OK for: @napi-rs/nice@1.1.1 want: 1.1.1
2575 silly placeDep ROOT @napi-rs/nice-darwin-arm64@1.1.1 OK for: @napi-rs/nice@1.1.1 want: 1.1.1
2576 silly placeDep ROOT @napi-rs/nice-darwin-x64@1.1.1 OK for: @napi-rs/nice@1.1.1 want: 1.1.1
2577 silly placeDep ROOT @napi-rs/nice-freebsd-x64@1.1.1 OK for: @napi-rs/nice@1.1.1 want: 1.1.1
2578 silly placeDep ROOT @napi-rs/nice-linux-arm-gnueabihf@1.1.1 OK for: @napi-rs/nice@1.1.1 want: 1.1.1
2579 silly placeDep ROOT @napi-rs/nice-linux-arm64-gnu@1.1.1 OK for: @napi-rs/nice@1.1.1 want: 1.1.1
2580 silly placeDep ROOT @napi-rs/nice-linux-arm64-musl@1.1.1 OK for: @napi-rs/nice@1.1.1 want: 1.1.1
2581 silly placeDep ROOT @napi-rs/nice-linux-ppc64-gnu@1.1.1 OK for: @napi-rs/nice@1.1.1 want: 1.1.1
2582 silly placeDep ROOT @napi-rs/nice-linux-riscv64-gnu@1.1.1 OK for: @napi-rs/nice@1.1.1 want: 1.1.1
2583 silly placeDep ROOT @napi-rs/nice-linux-s390x-gnu@1.1.1 OK for: @napi-rs/nice@1.1.1 want: 1.1.1
2584 silly placeDep ROOT @napi-rs/nice-linux-x64-gnu@1.1.1 OK for: @napi-rs/nice@1.1.1 want: 1.1.1
2585 silly placeDep ROOT @napi-rs/nice-linux-x64-musl@1.1.1 OK for: @napi-rs/nice@1.1.1 want: 1.1.1
2586 silly placeDep ROOT @napi-rs/nice-openharmony-arm64@1.1.1 OK for: @napi-rs/nice@1.1.1 want: 1.1.1
2587 silly placeDep ROOT @napi-rs/nice-win32-arm64-msvc@1.1.1 OK for: @napi-rs/nice@1.1.1 want: 1.1.1
2588 silly placeDep ROOT @napi-rs/nice-win32-ia32-msvc@1.1.1 OK for: @napi-rs/nice@1.1.1 want: 1.1.1
2589 silly placeDep ROOT @napi-rs/nice-win32-x64-msvc@1.1.1 OK for: @napi-rs/nice@1.1.1 want: 1.1.1
2590 silly placeDep ROOT nanoid@3.3.12 OK for: postcss@8.5.15 want: ^3.3.12
2591 silly placeDep ROOT err-code@2.0.3 OK for: promise-retry@2.0.1 want: ^2.0.2
2592 silly placeDep ROOT retry@0.12.0 OK for: promise-retry@2.0.1 want: ^0.12.0
2593 silly placeDep ROOT forwarded@0.2.0 OK for: proxy-addr@2.0.7 want: 0.2.0
2594 silly placeDep ROOT ipaddr.js@1.9.1 OK for: proxy-addr@2.0.7 want: 1.9.1
2595 silly placeDep ROOT side-channel@1.1.0 OK for: qs@6.15.2 want: ^1.1.0
2596 silly fetch manifest es-errors@^1.3.0
2597 silly packumentCache full:https://registry.npmjs.org/es-errors cache-miss
2598 silly fetch manifest object-inspect@^1.13.3
2599 silly packumentCache full:https://registry.npmjs.org/object-inspect cache-miss
2600 silly fetch manifest side-channel-list@^1.0.0
2601 silly packumentCache full:https://registry.npmjs.org/side-channel-list cache-miss
2602 silly fetch manifest side-channel-map@^1.0.1
2603 silly packumentCache full:https://registry.npmjs.org/side-channel-map cache-miss
2604 silly fetch manifest side-channel-weakmap@^1.0.2
2605 silly packumentCache full:https://registry.npmjs.org/side-channel-weakmap cache-miss
2606 http fetch GET 200 https://registry.npmjs.org/side-channel-weakmap 132ms (cache revalidated)
2607 silly packumentCache full:https://registry.npmjs.org/side-channel-weakmap set size:12620 disposed:false
2608 http fetch GET 200 https://registry.npmjs.org/es-errors 136ms (cache revalidated)
2609 silly packumentCache full:https://registry.npmjs.org/es-errors set size:16918 disposed:false
2610 http fetch GET 200 https://registry.npmjs.org/object-inspect 137ms (cache revalidated)
2611 silly packumentCache full:https://registry.npmjs.org/object-inspect set size:101912 disposed:false
2612 http fetch GET 200 https://registry.npmjs.org/side-channel-list 147ms (cache revalidated)
2613 silly packumentCache full:https://registry.npmjs.org/side-channel-list set size:9021 disposed:false
2614 http fetch GET 200 https://registry.npmjs.org/side-channel-map 164ms (cache revalidated)
2615 silly packumentCache full:https://registry.npmjs.org/side-channel-map set size:9126 disposed:false
2616 silly placeDep ROOT unpipe@1.0.0 OK for: raw-body@3.0.2 want: ~1.0.0
2617 silly placeDep ROOT onetime@7.0.0 OK for: restore-cursor@5.1.0 want: ^7.0.0
2618 silly fetch manifest mimic-function@^5.0.0
2619 silly packumentCache full:https://registry.npmjs.org/mimic-function cache-miss
2620 http fetch GET 200 https://registry.npmjs.org/mimic-function 829ms (cache revalidated)
2621 silly packumentCache full:https://registry.npmjs.org/mimic-function set size:6356 disposed:false
2622 silly placeDep ROOT mimic-function@5.0.1 OK for: onetime@7.0.0 want: ^5.0.0
2623 silly placeDep ROOT @oxc-project/types@0.113.0 OK for: rolldown@1.0.0-rc.4 want: =0.113.0
2624 silly placeDep ROOT @rolldown/binding-android-arm64@1.0.0-rc.4 OK for: rolldown@1.0.0-rc.4 want: 1.0.0-rc.4
2625 silly placeDep ROOT @rolldown/binding-darwin-arm64@1.0.0-rc.4 OK for: rolldown@1.0.0-rc.4 want: 1.0.0-rc.4
2626 silly placeDep ROOT @rolldown/binding-darwin-x64@1.0.0-rc.4 OK for: rolldown@1.0.0-rc.4 want: 1.0.0-rc.4
2627 silly placeDep ROOT @rolldown/binding-freebsd-x64@1.0.0-rc.4 OK for: rolldown@1.0.0-rc.4 want: 1.0.0-rc.4
2628 silly placeDep ROOT @rolldown/binding-linux-arm-gnueabihf@1.0.0-rc.4 OK for: rolldown@1.0.0-rc.4 want: 1.0.0-rc.4
2629 silly placeDep ROOT @rolldown/binding-linux-arm64-gnu@1.0.0-rc.4 OK for: rolldown@1.0.0-rc.4 want: 1.0.0-rc.4
2630 silly placeDep ROOT @rolldown/binding-linux-arm64-musl@1.0.0-rc.4 OK for: rolldown@1.0.0-rc.4 want: 1.0.0-rc.4
2631 silly placeDep ROOT @rolldown/binding-linux-x64-gnu@1.0.0-rc.4 OK for: rolldown@1.0.0-rc.4 want: 1.0.0-rc.4
2632 silly placeDep ROOT @rolldown/binding-linux-x64-musl@1.0.0-rc.4 OK for: rolldown@1.0.0-rc.4 want: 1.0.0-rc.4
2633 silly placeDep ROOT @rolldown/binding-openharmony-arm64@1.0.0-rc.4 OK for: rolldown@1.0.0-rc.4 want: 1.0.0-rc.4
2634 silly placeDep ROOT @rolldown/binding-wasm32-wasi@1.0.0-rc.4 OK for: rolldown@1.0.0-rc.4 want: 1.0.0-rc.4
2635 silly placeDep ROOT @rolldown/binding-win32-arm64-msvc@1.0.0-rc.4 OK for: rolldown@1.0.0-rc.4 want: 1.0.0-rc.4
2636 silly placeDep ROOT @rolldown/binding-win32-x64-msvc@1.0.0-rc.4 OK for: rolldown@1.0.0-rc.4 want: 1.0.0-rc.4
2637 silly placeDep ROOT @rolldown/pluginutils@1.0.0-rc.4 OK for: rolldown@1.0.0-rc.4 want: 1.0.0-rc.4
2638 silly fetch manifest @napi-rs/wasm-runtime@^1.1.1
2639 silly packumentCache full:https://registry.npmjs.org/@napi-rs%2fwasm-runtime cache-miss
2640 http fetch GET 200 https://registry.npmjs.org/@napi-rs%2fwasm-runtime 487ms (cache revalidated)
2641 silly packumentCache full:https://registry.npmjs.org/@napi-rs%2fwasm-runtime set size:71273 disposed:false
2642 silly fetch manifest @emnapi/core@^1.7.1
2643 silly packumentCache full:https://registry.npmjs.org/@emnapi%2fcore cache-miss
2644 http fetch GET 200 https://registry.npmjs.org/@emnapi%2fcore 1174ms (cache revalidated)
2645 silly packumentCache full:https://registry.npmjs.org/@emnapi%2fcore set size:105841 disposed:false
2646 silly fetch manifest @emnapi/runtime@^1.7.1
2647 silly packumentCache full:https://registry.npmjs.org/@emnapi%2fruntime cache-miss
2648 http fetch GET 200 https://registry.npmjs.org/@emnapi%2fruntime 641ms (cache revalidated)
2649 silly packumentCache full:https://registry.npmjs.org/@emnapi%2fruntime set size:108129 disposed:false
2650 silly placeDep ROOT @napi-rs/wasm-runtime@1.1.4 OK for: @rolldown/binding-wasm32-wasi@1.0.0-rc.4 want: ^1.1.1
2651 silly placeDep ROOT @emnapi/core@1.10.0 OK for: @napi-rs/wasm-runtime@1.1.4 want: ^1.7.1
2652 silly placeDep ROOT @emnapi/runtime@1.10.0 OK for: @napi-rs/wasm-runtime@1.1.4 want: ^1.7.1
2653 silly fetch manifest @tybys/wasm-util@^0.10.1
2654 silly packumentCache full:https://registry.npmjs.org/@tybys%2fwasm-util cache-miss
2655 silly fetch manifest @emnapi/wasi-threads@1.2.1
2656 silly packumentCache full:https://registry.npmjs.org/@emnapi%2fwasi-threads cache-miss
2657 http fetch GET 200 https://registry.npmjs.org/@emnapi%2fwasi-threads 155ms (cache revalidated)
2658 silly packumentCache full:https://registry.npmjs.org/@emnapi%2fwasi-threads set size:24206 disposed:false
2659 http fetch GET 200 https://registry.npmjs.org/@tybys%2fwasm-util 1125ms (cache revalidated)
2660 silly packumentCache full:https://registry.npmjs.org/@tybys%2fwasm-util set size:57759 disposed:false
2661 silly placeDep ROOT @emnapi/wasi-threads@1.2.1 OK for: @emnapi/core@1.10.0 want: 1.2.1
2662 silly placeDep ROOT @tybys/wasm-util@0.10.2 OK for: @napi-rs/wasm-runtime@1.1.4 want: ^0.10.1
2663 silly placeDep ROOT is-promise@4.0.0 OK for: router@2.2.0 want: ^4.0.0
2664 silly placeDep ROOT path-to-regexp@8.4.2 OK for: router@2.2.0 want: ^8.0.0
2665 silly placeDep ROOT @parcel/watcher@2.5.6 OK for: sass@1.97.3 want: ^2.4.1
2666 silly placeDep node_modules/sass chokidar@4.0.3 OK for: sass@1.97.3 want: ^4.0.0
2667 silly placeDep ROOT immutable@5.1.5 OK for: sass@1.97.3 want: ^5.0.2
2668 silly fetch manifest is-glob@^4.0.3
2669 silly packumentCache full:https://registry.npmjs.org/is-glob cache-miss
2670 silly fetch manifest node-addon-api@^7.0.0
2671 silly packumentCache full:https://registry.npmjs.org/node-addon-api cache-hit
2672 silly fetch manifest @parcel/watcher-darwin-x64@2.5.6
2673 silly packumentCache full:https://registry.npmjs.org/@parcel%2fwatcher-darwin-x64 cache-miss
2674 silly fetch manifest @parcel/watcher-darwin-arm64@2.5.6
2675 silly packumentCache full:https://registry.npmjs.org/@parcel%2fwatcher-darwin-arm64 cache-miss
2676 silly fetch manifest @parcel/watcher-win32-x64@2.5.6
2677 silly packumentCache full:https://registry.npmjs.org/@parcel%2fwatcher-win32-x64 cache-miss
2678 silly fetch manifest @parcel/watcher-win32-arm64@2.5.6
2679 silly packumentCache full:https://registry.npmjs.org/@parcel%2fwatcher-win32-arm64 cache-miss
2680 silly fetch manifest @parcel/watcher-win32-ia32@2.5.6
2681 silly packumentCache full:https://registry.npmjs.org/@parcel%2fwatcher-win32-ia32 cache-miss
2682 silly fetch manifest @parcel/watcher-linux-x64-glibc@2.5.6
2683 silly packumentCache full:https://registry.npmjs.org/@parcel%2fwatcher-linux-x64-glibc cache-miss
2684 silly fetch manifest @parcel/watcher-linux-x64-musl@2.5.6
2685 silly packumentCache full:https://registry.npmjs.org/@parcel%2fwatcher-linux-x64-musl cache-miss
2686 silly fetch manifest @parcel/watcher-linux-arm64-glibc@2.5.6
2687 silly packumentCache full:https://registry.npmjs.org/@parcel%2fwatcher-linux-arm64-glibc cache-miss
2688 silly fetch manifest @parcel/watcher-linux-arm64-musl@2.5.6
2689 silly packumentCache full:https://registry.npmjs.org/@parcel%2fwatcher-linux-arm64-musl cache-miss
2690 silly fetch manifest @parcel/watcher-linux-arm-glibc@2.5.6
2691 silly packumentCache full:https://registry.npmjs.org/@parcel%2fwatcher-linux-arm-glibc cache-miss
2692 http fetch GET 200 https://registry.npmjs.org/is-glob 161ms (cache revalidated)
2693 silly packumentCache full:https://registry.npmjs.org/is-glob set size:40530 disposed:false
2694 silly fetch manifest @parcel/watcher-linux-arm-musl@2.5.6
2695 silly packumentCache full:https://registry.npmjs.org/@parcel%2fwatcher-linux-arm-musl cache-miss
2696 http fetch GET 200 https://registry.npmjs.org/@parcel%2fwatcher-darwin-arm64 164ms (cache revalidated)
2697 silly packumentCache full:https://registry.npmjs.org/@parcel%2fwatcher-darwin-arm64 set size:26656 disposed:false
2698 silly fetch manifest @parcel/watcher-android-arm64@2.5.6
2699 silly packumentCache full:https://registry.npmjs.org/@parcel%2fwatcher-android-arm64 cache-miss
2700 http fetch GET 200 https://registry.npmjs.org/@parcel%2fwatcher-win32-x64 167ms (cache revalidated)
2701 silly packumentCache full:https://registry.npmjs.org/@parcel%2fwatcher-win32-x64 set size:26356 disposed:false
2702 silly fetch manifest @parcel/watcher-freebsd-x64@2.5.6
2703 silly packumentCache full:https://registry.npmjs.org/@parcel%2fwatcher-freebsd-x64 cache-miss
2704 http fetch GET 200 https://registry.npmjs.org/@parcel%2fwatcher-darwin-x64 171ms (cache revalidated)
2705 silly packumentCache full:https://registry.npmjs.org/@parcel%2fwatcher-darwin-x64 set size:26457 disposed:false
2706 silly fetch manifest readdirp@^4.0.1
2707 silly packumentCache full:https://registry.npmjs.org/readdirp cache-hit
2708 http fetch GET 200 https://registry.npmjs.org/@parcel%2fwatcher-linux-arm64-musl 192ms (cache revalidated)
2709 silly packumentCache full:https://registry.npmjs.org/@parcel%2fwatcher-linux-arm64-musl set size:27225 disposed:false
2710 http fetch GET 200 https://registry.npmjs.org/@parcel%2fwatcher-win32-arm64 204ms (cache revalidated)
2711 silly packumentCache full:https://registry.npmjs.org/@parcel%2fwatcher-win32-arm64 set size:24926 disposed:false
2712 http fetch GET 200 https://registry.npmjs.org/@parcel%2fwatcher-freebsd-x64 132ms (cache revalidated)
2713 silly packumentCache full:https://registry.npmjs.org/@parcel%2fwatcher-freebsd-x64 set size:20079 disposed:false
2714 http fetch GET 200 https://registry.npmjs.org/@parcel%2fwatcher-android-arm64 152ms (cache revalidated)
2715 silly packumentCache full:https://registry.npmjs.org/@parcel%2fwatcher-android-arm64 set size:25111 disposed:false
2716 http fetch GET 200 https://registry.npmjs.org/@parcel%2fwatcher-linux-arm-musl 156ms (cache revalidated)
2717 silly packumentCache full:https://registry.npmjs.org/@parcel%2fwatcher-linux-arm-musl set size:7305 disposed:false
2718 http fetch GET 200 https://registry.npmjs.org/@parcel%2fwatcher-linux-x64-glibc 372ms (cache revalidated)
2719 silly packumentCache full:https://registry.npmjs.org/@parcel%2fwatcher-linux-x64-glibc set size:27128 disposed:false
2720 http fetch GET 200 https://registry.npmjs.org/@parcel%2fwatcher-linux-arm-glibc 476ms (cache revalidated)
2721 silly packumentCache full:https://registry.npmjs.org/@parcel%2fwatcher-linux-arm-glibc set size:27125 disposed:false
2722 http fetch GET 200 https://registry.npmjs.org/@parcel%2fwatcher-win32-ia32 735ms (cache revalidated)
2723 silly packumentCache full:https://registry.npmjs.org/@parcel%2fwatcher-win32-ia32 set size:20007 disposed:false
2724 http fetch GET 200 https://registry.npmjs.org/@parcel%2fwatcher-linux-x64-musl 1072ms (cache revalidated)
2725 silly packumentCache full:https://registry.npmjs.org/@parcel%2fwatcher-linux-x64-musl set size:27028 disposed:false
2726 http fetch GET 200 https://registry.npmjs.org/@parcel%2fwatcher-linux-arm64-glibc 1143ms (cache revalidated)
2727 silly packumentCache full:https://registry.npmjs.org/@parcel%2fwatcher-linux-arm64-glibc set size:27327 disposed:false
2728 silly placeDep ROOT @parcel/watcher-android-arm64@2.5.6 OK for: @parcel/watcher@2.5.6 want: 2.5.6
2729 silly placeDep ROOT @parcel/watcher-darwin-arm64@2.5.6 OK for: @parcel/watcher@2.5.6 want: 2.5.6
2730 silly placeDep ROOT @parcel/watcher-darwin-x64@2.5.6 OK for: @parcel/watcher@2.5.6 want: 2.5.6
2731 silly placeDep ROOT @parcel/watcher-freebsd-x64@2.5.6 OK for: @parcel/watcher@2.5.6 want: 2.5.6
2732 silly placeDep ROOT @parcel/watcher-linux-arm-glibc@2.5.6 OK for: @parcel/watcher@2.5.6 want: 2.5.6
2733 silly placeDep ROOT @parcel/watcher-linux-arm-musl@2.5.6 OK for: @parcel/watcher@2.5.6 want: 2.5.6
2734 silly placeDep ROOT @parcel/watcher-linux-arm64-glibc@2.5.6 OK for: @parcel/watcher@2.5.6 want: 2.5.6
2735 silly placeDep ROOT @parcel/watcher-linux-arm64-musl@2.5.6 OK for: @parcel/watcher@2.5.6 want: 2.5.6
2736 silly placeDep ROOT @parcel/watcher-linux-x64-glibc@2.5.6 OK for: @parcel/watcher@2.5.6 want: 2.5.6
2737 silly placeDep ROOT @parcel/watcher-linux-x64-musl@2.5.6 OK for: @parcel/watcher@2.5.6 want: 2.5.6
2738 silly placeDep ROOT @parcel/watcher-win32-arm64@2.5.6 OK for: @parcel/watcher@2.5.6 want: 2.5.6
2739 silly placeDep ROOT @parcel/watcher-win32-ia32@2.5.6 OK for: @parcel/watcher@2.5.6 want: 2.5.6
2740 silly placeDep ROOT @parcel/watcher-win32-x64@2.5.6 OK for: @parcel/watcher@2.5.6 want: 2.5.6
2741 silly placeDep ROOT is-glob@4.0.3 OK for: @parcel/watcher@2.5.6 want: ^4.0.3
2742 silly placeDep node_modules/@parcel/watcher node-addon-api@7.1.1 OK for: @parcel/watcher@2.5.6 want: ^7.0.0
2743 silly fetch manifest is-extglob@^2.1.1
2744 silly packumentCache full:https://registry.npmjs.org/is-extglob cache-miss
2745 http fetch GET 200 https://registry.npmjs.org/is-extglob 185ms (cache revalidated)
2746 silly packumentCache full:https://registry.npmjs.org/is-extglob set size:11766 disposed:false
2747 silly placeDep ROOT is-extglob@2.1.1 OK for: is-glob@4.0.3 want: ^2.1.1
2748 silly placeDep ROOT xmlchars@2.2.0 OK for: saxes@6.0.0 want: ^2.2.0
2749 silly placeDep ROOT shebang-regex@3.0.0 OK for: shebang-command@2.0.0 want: ^3.0.0
2750 silly placeDep ROOT es-errors@1.3.0 OK for: side-channel@1.1.0 want: ^1.3.0
2751 silly placeDep ROOT object-inspect@1.13.4 OK for: side-channel@1.1.0 want: ^1.13.3
2752 silly placeDep ROOT side-channel-list@1.0.1 OK for: side-channel@1.1.0 want: ^1.0.0
2753 silly placeDep ROOT side-channel-map@1.0.1 OK for: side-channel@1.1.0 want: ^1.0.1
2754 silly placeDep ROOT side-channel-weakmap@1.0.2 OK for: side-channel@1.1.0 want: ^1.0.2
2755 silly fetch manifest call-bound@^1.0.2
2756 silly packumentCache full:https://registry.npmjs.org/call-bound cache-miss
2757 silly fetch manifest get-intrinsic@^1.2.5
2758 silly packumentCache full:https://registry.npmjs.org/get-intrinsic cache-miss
2759 silly fetch manifest call-bound@^1.0.2
2760 silly packumentCache full:https://registry.npmjs.org/call-bound cache-miss
2761 silly fetch manifest get-intrinsic@^1.2.5
2762 silly packumentCache full:https://registry.npmjs.org/get-intrinsic cache-miss
2763 http fetch GET 200 https://registry.npmjs.org/get-intrinsic 162ms (cache revalidated)
2764 silly packumentCache full:https://registry.npmjs.org/get-intrinsic set size:60985 disposed:false
2765 http fetch GET 200 https://registry.npmjs.org/call-bound 175ms (cache revalidated)
2766 silly packumentCache full:https://registry.npmjs.org/call-bound set size:15317 disposed:false
2767 http fetch GET 200 https://registry.npmjs.org/get-intrinsic 259ms (cache revalidated)
2768 silly packumentCache full:https://registry.npmjs.org/get-intrinsic set size:60985 disposed:false
2769 silly packumentCache full:https://registry.npmjs.org/get-intrinsic dispose
2770 http fetch GET 200 https://registry.npmjs.org/call-bound 894ms (cache revalidated)
2771 silly packumentCache full:https://registry.npmjs.org/call-bound set size:15317 disposed:false
2772 silly packumentCache full:https://registry.npmjs.org/call-bound dispose
2773 silly placeDep ROOT call-bound@1.0.4 OK for: side-channel-map@1.0.1 want: ^1.0.2
2774 silly placeDep ROOT get-intrinsic@1.3.0 OK for: side-channel-map@1.0.1 want: ^1.2.5
2775 silly fetch manifest call-bind-apply-helpers@^1.0.2
2776 silly packumentCache full:https://registry.npmjs.org/call-bind-apply-helpers cache-miss
2777 silly fetch manifest get-intrinsic@^1.3.0
2778 silly packumentCache full:https://registry.npmjs.org/get-intrinsic cache-hit
2779 silly fetch manifest gopd@^1.2.0
2780 silly packumentCache full:https://registry.npmjs.org/gopd cache-miss
2781 silly fetch manifest hasown@^2.0.2
2782 silly packumentCache full:https://registry.npmjs.org/hasown cache-miss
2783 silly fetch manifest get-proto@^1.0.1
2784 silly packumentCache full:https://registry.npmjs.org/get-proto cache-miss
2785 silly fetch manifest has-symbols@^1.1.0
2786 silly packumentCache full:https://registry.npmjs.org/has-symbols cache-miss
2787 silly fetch manifest function-bind@^1.1.2
2788 silly packumentCache full:https://registry.npmjs.org/function-bind cache-miss
2789 silly fetch manifest es-object-atoms@^1.1.1
2790 silly packumentCache full:https://registry.npmjs.org/es-object-atoms cache-miss
2791 silly fetch manifest math-intrinsics@^1.1.0
2792 silly packumentCache full:https://registry.npmjs.org/math-intrinsics cache-miss
2793 silly fetch manifest es-define-property@^1.0.1
2794 silly packumentCache full:https://registry.npmjs.org/es-define-property cache-miss
2795 silly fetch manifest call-bind-apply-helpers@^1.0.2
2796 silly packumentCache full:https://registry.npmjs.org/call-bind-apply-helpers cache-miss
2797 http fetch GET 200 https://registry.npmjs.org/hasown 146ms (cache revalidated)
2798 silly packumentCache full:https://registry.npmjs.org/hasown set size:15429 disposed:false
2799 http fetch GET 200 https://registry.npmjs.org/get-proto 158ms (cache revalidated)
2800 silly packumentCache full:https://registry.npmjs.org/get-proto set size:8300 disposed:false
2801 http fetch GET 200 https://registry.npmjs.org/call-bind-apply-helpers 161ms (cache revalidated)
2802 silly packumentCache full:https://registry.npmjs.org/call-bind-apply-helpers set size:12744 disposed:false
2803 http fetch GET 200 https://registry.npmjs.org/math-intrinsics 171ms (cache revalidated)
2804 silly packumentCache full:https://registry.npmjs.org/math-intrinsics set size:9265 disposed:false
2805 http fetch GET 200 https://registry.npmjs.org/es-define-property 194ms (cache revalidated)
2806 silly packumentCache full:https://registry.npmjs.org/es-define-property set size:8542 disposed:false
2807 http fetch GET 200 https://registry.npmjs.org/function-bind 331ms (cache revalidated)
2808 silly packumentCache full:https://registry.npmjs.org/function-bind set size:15733 disposed:false
2809 http fetch GET 200 https://registry.npmjs.org/has-symbols 688ms (cache revalidated)
2810 silly packumentCache full:https://registry.npmjs.org/has-symbols set size:21550 disposed:false
2811 http fetch GET 200 https://registry.npmjs.org/gopd 1025ms (cache revalidated)
2812 silly packumentCache full:https://registry.npmjs.org/gopd set size:11458 disposed:false
2813 http fetch GET 200 https://registry.npmjs.org/call-bind-apply-helpers 1226ms (cache revalidated)
2814 silly packumentCache full:https://registry.npmjs.org/call-bind-apply-helpers set size:12744 disposed:false
2815 silly packumentCache full:https://registry.npmjs.org/call-bind-apply-helpers dispose
2816 http fetch GET 200 https://registry.npmjs.org/es-object-atoms 1299ms (cache revalidated)
2817 silly packumentCache full:https://registry.npmjs.org/es-object-atoms set size:15304 disposed:false
2818 silly placeDep ROOT call-bind-apply-helpers@1.0.2 OK for: call-bound@1.0.4 want: ^1.0.2
2819 silly placeDep ROOT function-bind@1.1.2 OK for: call-bind-apply-helpers@1.0.2 want: ^1.1.2
2820 silly placeDep ROOT es-define-property@1.0.1 OK for: get-intrinsic@1.3.0 want: ^1.0.1
2821 silly placeDep ROOT es-object-atoms@1.1.1 OK for: get-intrinsic@1.3.0 want: ^1.1.1
2822 silly placeDep ROOT get-proto@1.0.1 OK for: get-intrinsic@1.3.0 want: ^1.0.1
2823 silly placeDep ROOT gopd@1.2.0 OK for: get-intrinsic@1.3.0 want: ^1.2.0
2824 silly placeDep ROOT has-symbols@1.1.0 OK for: get-intrinsic@1.3.0 want: ^1.1.0
2825 silly placeDep ROOT hasown@2.0.3 OK for: get-intrinsic@1.3.0 want: ^2.0.2
2826 silly placeDep ROOT math-intrinsics@1.1.0 OK for: get-intrinsic@1.3.0 want: ^1.1.0
2827 silly fetch manifest dunder-proto@^1.0.1
2828 silly packumentCache full:https://registry.npmjs.org/dunder-proto cache-miss
2829 http fetch GET 200 https://registry.npmjs.org/dunder-proto 157ms (cache revalidated)
2830 silly packumentCache full:https://registry.npmjs.org/dunder-proto set size:8256 disposed:false
2831 silly placeDep ROOT dunder-proto@1.0.1 OK for: get-proto@1.0.1 want: ^1.0.1
2832 silly placeDep ROOT @sigstore/bundle@4.0.0 OK for: sigstore@4.1.0 want: ^4.0.0
2833 silly placeDep ROOT @sigstore/core@3.2.0 OK for: sigstore@4.1.0 want: ^3.1.0
2834 silly placeDep ROOT @sigstore/protobuf-specs@0.5.1 OK for: sigstore@4.1.0 want: ^0.5.0
2835 silly placeDep ROOT @sigstore/sign@4.1.1 OK for: sigstore@4.1.0 want: ^4.1.0
2836 silly placeDep ROOT @sigstore/tuf@4.0.2 OK for: sigstore@4.1.0 want: ^4.0.1
2837 silly placeDep ROOT @sigstore/verify@3.1.0 OK for: sigstore@4.1.0 want: ^3.1.0
2838 silly fetch manifest tuf-js@^4.1.0
2839 silly packumentCache full:https://registry.npmjs.org/tuf-js cache-miss
2840 http fetch GET 200 https://registry.npmjs.org/tuf-js 190ms (cache revalidated)
2841 silly packumentCache full:https://registry.npmjs.org/tuf-js set size:67490 disposed:false
2842 silly placeDep ROOT tuf-js@4.1.0 OK for: @sigstore/tuf@4.0.2 want: ^4.1.0
2843 silly fetch manifest @tufjs/models@4.1.0
2844 silly packumentCache full:https://registry.npmjs.org/@tufjs%2fmodels cache-miss
2845 http fetch GET 200 https://registry.npmjs.org/@tufjs%2fmodels 215ms (cache revalidated)
2846 silly packumentCache full:https://registry.npmjs.org/@tufjs%2fmodels set size:31346 disposed:false
2847 silly placeDep ROOT ansi-styles@6.2.3 OK for: slice-ansi@8.0.0 want: ^6.2.3
2848 silly placeDep ROOT is-fullwidth-code-point@5.1.0 OK for: slice-ansi@8.0.0 want: ^5.1.0
2849 silly fetch manifest get-east-asian-width@^1.3.1
2850 silly packumentCache full:https://registry.npmjs.org/get-east-asian-width cache-hit
2851 silly placeDep ROOT get-east-asian-width@1.6.0 OK for: is-fullwidth-code-point@5.1.0 want: ^1.3.1
2852 silly placeDep ROOT socks@2.8.9 OK for: socks-proxy-agent@8.0.5 want: ^2.8.3
2853 silly fetch manifest smart-buffer@^4.2.0
2854 silly packumentCache full:https://registry.npmjs.org/smart-buffer cache-miss
2855 http fetch GET 200 https://registry.npmjs.org/smart-buffer 109ms (cache revalidated)
2856 silly packumentCache full:https://registry.npmjs.org/smart-buffer set size:87065 disposed:false
2857 silly placeDep ROOT smart-buffer@4.2.0 OK for: socks@2.8.9 want: ^4.2.0
2858 silly placeDep ROOT buffer-from@1.1.2 OK for: source-map-support@0.5.21 want: ^1.0.0
2859 silly placeDep node_modules/source-map-support source-map@0.6.1 OK for: source-map-support@0.5.21 want: ^0.6.0
2860 silly placeDep ROOT spdx-exceptions@2.5.0 OK for: spdx-expression-parse@4.0.0 want: ^2.1.0
2861 silly placeDep ROOT spdx-license-ids@3.0.23 OK for: spdx-expression-parse@4.0.0 want: ^3.0.0
2862 silly placeDep ROOT ansi-regex@6.2.2 OK for: strip-ansi@7.2.0 want: ^6.2.2
2863 silly placeDep ROOT @isaacs/fs-minipass@4.0.1 OK for: tar@7.5.15 want: ^4.0.0
2864 silly placeDep ROOT chownr@3.0.0 OK for: tar@7.5.15 want: ^3.0.0
2865 silly placeDep node_modules/tar yallist@5.0.0 OK for: tar@7.5.15 want: ^5.0.0
2866 silly placeDep ROOT fdir@6.5.0 OK for: tinyglobby@0.2.15 want: ^6.5.0
2867 silly placeDep ROOT tldts@7.0.30 OK for: tough-cookie@6.0.1 want: ^7.0.5
2868 silly fetch manifest tldts-core@^7.0.30
2869 silly packumentCache full:https://registry.npmjs.org/tldts-core cache-miss
2870 http fetch GET 200 https://registry.npmjs.org/tldts-core 279ms (cache revalidated)
2871 silly packumentCache full:https://registry.npmjs.org/tldts-core set size:3044074 disposed:false
2872 silly placeDep ROOT tldts-core@7.0.30 OK for: tldts@7.0.30 want: ^7.0.30
2873 silly placeDep ROOT @tufjs/models@4.1.0 OK for: tuf-js@4.1.0 want: 4.1.0
2874 silly fetch manifest @tufjs/canonical-json@2.0.0
2875 silly packumentCache full:https://registry.npmjs.org/@tufjs%2fcanonical-json cache-miss
2876 http fetch GET 200 https://registry.npmjs.org/@tufjs%2fcanonical-json 143ms (cache revalidated)
2877 silly packumentCache full:https://registry.npmjs.org/@tufjs%2fcanonical-json set size:7336 disposed:false
2878 silly placeDep ROOT @tufjs/canonical-json@2.0.0 OK for: @tufjs/models@4.1.0 want: 2.0.0
2879 silly placeDep node_modules/type-is content-type@2.0.0 OK for: type-is@2.1.0 want: ^2.0.0
2880 silly placeDep ROOT media-typer@1.1.0 OK for: type-is@2.1.0 want: ^1.1.0
2881 silly placeDep ROOT escalade@3.2.0 OK for: update-browserslist-db@1.2.3 want: ^3.2.0
2882 silly placeDep ROOT fsevents@2.3.3 OK for: vite@7.3.2 want: ~2.3.3
2883 silly placeDep ROOT rollup@4.60.4 OK for: vite@7.3.2 want: ^4.43.0
2884 silly fetch manifest @types/estree@1.0.8
2885 silly packumentCache full:https://registry.npmjs.org/@types%2festree cache-miss
2886 silly fetch manifest @rollup/rollup-darwin-arm64@4.60.4
2887 silly packumentCache full:https://registry.npmjs.org/@rollup%2frollup-darwin-arm64 cache-miss
2888 silly fetch manifest @rollup/rollup-android-arm64@4.60.4
2889 silly packumentCache full:https://registry.npmjs.org/@rollup%2frollup-android-arm64 cache-miss
2890 silly fetch manifest @rollup/rollup-win32-arm64-msvc@4.60.4
2891 silly packumentCache full:https://registry.npmjs.org/@rollup%2frollup-win32-arm64-msvc cache-miss
2892 silly fetch manifest @rollup/rollup-freebsd-arm64@4.60.4
2893 silly packumentCache full:https://registry.npmjs.org/@rollup%2frollup-freebsd-arm64 cache-miss
2894 silly fetch manifest @rollup/rollup-linux-arm64-gnu@4.60.4
2895 silly packumentCache full:https://registry.npmjs.org/@rollup%2frollup-linux-arm64-gnu cache-miss
2896 silly fetch manifest @rollup/rollup-linux-arm64-musl@4.60.4
2897 silly packumentCache full:https://registry.npmjs.org/@rollup%2frollup-linux-arm64-musl cache-miss
2898 silly fetch manifest @rollup/rollup-android-arm-eabi@4.60.4
2899 silly packumentCache full:https://registry.npmjs.org/@rollup%2frollup-android-arm-eabi cache-miss
2900 silly fetch manifest @rollup/rollup-linux-arm-gnueabihf@4.60.4
2901 silly packumentCache full:https://registry.npmjs.org/@rollup%2frollup-linux-arm-gnueabihf cache-miss
2902 silly fetch manifest @rollup/rollup-linux-arm-musleabihf@4.60.4
2903 silly packumentCache full:https://registry.npmjs.org/@rollup%2frollup-linux-arm-musleabihf cache-miss
2904 silly fetch manifest @rollup/rollup-win32-ia32-msvc@4.60.4
2905 silly packumentCache full:https://registry.npmjs.org/@rollup%2frollup-win32-ia32-msvc cache-miss
2906 http fetch GET 200 https://registry.npmjs.org/@rollup%2frollup-linux-arm64-musl 171ms (cache revalidated)
2907 silly packumentCache full:https://registry.npmjs.org/@rollup%2frollup-linux-arm64-musl set size:300259 disposed:false
2908 silly fetch manifest @rollup/rollup-linux-loong64-gnu@4.60.4
2909 silly packumentCache full:https://registry.npmjs.org/@rollup%2frollup-linux-loong64-gnu cache-miss
2910 http fetch GET 200 https://registry.npmjs.org/@rollup%2frollup-linux-arm-gnueabihf 178ms (cache revalidated)
2911 silly packumentCache full:https://registry.npmjs.org/@rollup%2frollup-linux-arm-gnueabihf set size:348367 disposed:false
2912 silly fetch manifest @rollup/rollup-linux-loong64-musl@4.60.4
2913 silly packumentCache full:https://registry.npmjs.org/@rollup%2frollup-linux-loong64-musl cache-miss
2914 http fetch GET 200 https://registry.npmjs.org/@rollup%2frollup-android-arm64 187ms (cache revalidated)
2915 silly packumentCache full:https://registry.npmjs.org/@rollup%2frollup-android-arm64 set size:339228 disposed:false
2916 silly fetch manifest @rollup/rollup-linux-riscv64-gnu@4.60.4
2917 silly packumentCache full:https://registry.npmjs.org/@rollup%2frollup-linux-riscv64-gnu cache-miss
2918 http fetch GET 200 https://registry.npmjs.org/@rollup%2frollup-linux-arm-musleabihf 203ms (cache revalidated)
2919 silly packumentCache full:https://registry.npmjs.org/@rollup%2frollup-linux-arm-musleabihf set size:242546 disposed:false
2920 silly fetch manifest @rollup/rollup-linux-riscv64-musl@4.60.4
2921 silly packumentCache full:https://registry.npmjs.org/@rollup%2frollup-linux-riscv64-musl cache-miss
2922 http fetch GET 200 https://registry.npmjs.org/@rollup%2frollup-win32-ia32-msvc 208ms (cache revalidated)
2923 silly packumentCache full:https://registry.npmjs.org/@rollup%2frollup-win32-ia32-msvc set size:341138 disposed:false
2924 silly fetch manifest @rollup/rollup-linux-ppc64-gnu@4.60.4
2925 silly packumentCache full:https://registry.npmjs.org/@rollup%2frollup-linux-ppc64-gnu cache-miss
2926 http fetch GET 200 https://registry.npmjs.org/@rollup%2frollup-android-arm-eabi 215ms (cache revalidated)
2927 silly packumentCache full:https://registry.npmjs.org/@rollup%2frollup-android-arm-eabi set size:342632 disposed:false
2928 silly fetch manifest @rollup/rollup-linux-ppc64-musl@4.60.4
2929 silly packumentCache full:https://registry.npmjs.org/@rollup%2frollup-linux-ppc64-musl cache-miss
2930 http fetch GET 200 https://registry.npmjs.org/@rollup%2frollup-linux-ppc64-gnu 138ms (cache revalidated)
2931 silly packumentCache full:https://registry.npmjs.org/@rollup%2frollup-linux-ppc64-gnu set size:89550 disposed:false
2932 silly fetch manifest @rollup/rollup-linux-s390x-gnu@4.60.4
2933 silly packumentCache full:https://registry.npmjs.org/@rollup%2frollup-linux-s390x-gnu cache-miss
2934 http fetch GET 200 https://registry.npmjs.org/@rollup%2frollup-linux-riscv64-gnu 167ms (cache revalidated)
2935 silly packumentCache full:https://registry.npmjs.org/@rollup%2frollup-linux-riscv64-gnu set size:271020 disposed:false
2936 silly fetch manifest @rollup/rollup-darwin-x64@4.60.4
2937 silly packumentCache full:https://registry.npmjs.org/@rollup%2frollup-darwin-x64 cache-miss
2938 http fetch GET 200 https://registry.npmjs.org/@rollup%2frollup-linux-loong64-musl 190ms (cache revalidated)
2939 silly packumentCache full:https://registry.npmjs.org/@rollup%2frollup-linux-loong64-musl set size:31337 disposed:false
2940 silly fetch manifest @rollup/rollup-win32-x64-gnu@4.60.4
2941 silly packumentCache full:https://registry.npmjs.org/@rollup%2frollup-win32-x64-gnu cache-miss
2942 http fetch GET 200 https://registry.npmjs.org/@rollup%2frollup-linux-ppc64-musl 161ms (cache revalidated)
2943 silly packumentCache full:https://registry.npmjs.org/@rollup%2frollup-linux-ppc64-musl set size:31078 disposed:false
2944 silly fetch manifest @rollup/rollup-win32-x64-msvc@4.60.4
2945 silly packumentCache full:https://registry.npmjs.org/@rollup%2frollup-win32-x64-msvc cache-miss
2946 http fetch GET 200 https://registry.npmjs.org/@rollup%2frollup-linux-loong64-gnu 205ms (cache revalidated)
2947 silly packumentCache full:https://registry.npmjs.org/@rollup%2frollup-linux-loong64-gnu set size:69333 disposed:false
2948 silly fetch manifest @rollup/rollup-freebsd-x64@4.60.4
2949 silly packumentCache full:https://registry.npmjs.org/@rollup%2frollup-freebsd-x64 cache-miss
2950 http fetch GET 200 https://registry.npmjs.org/@rollup%2frollup-linux-riscv64-musl 201ms (cache revalidated)
2951 silly packumentCache full:https://registry.npmjs.org/@rollup%2frollup-linux-riscv64-musl set size:117003 disposed:false
2952 silly fetch manifest @rollup/rollup-linux-x64-gnu@4.60.4
2953 silly packumentCache full:https://registry.npmjs.org/@rollup%2frollup-linux-x64-gnu cache-miss
2954 http fetch GET 200 https://registry.npmjs.org/@rollup%2frollup-darwin-arm64 450ms (cache revalidated)
2955 silly packumentCache full:https://registry.npmjs.org/@rollup%2frollup-darwin-arm64 set size:337725 disposed:false
2956 silly fetch manifest @rollup/rollup-linux-x64-musl@4.60.4
2957 silly packumentCache full:https://registry.npmjs.org/@rollup%2frollup-linux-x64-musl cache-miss
2958 http fetch GET 200 https://registry.npmjs.org/@rollup%2frollup-freebsd-x64 148ms (cache revalidated)
2959 silly packumentCache full:https://registry.npmjs.org/@rollup%2frollup-freebsd-x64 set size:185525 disposed:false
2960 silly fetch manifest @rollup/rollup-openbsd-x64@4.60.4
2961 silly packumentCache full:https://registry.npmjs.org/@rollup%2frollup-openbsd-x64 cache-miss
2962 http fetch GET 200 https://registry.npmjs.org/@rollup%2frollup-win32-x64-msvc 157ms (cache revalidated)
2963 silly packumentCache full:https://registry.npmjs.org/@rollup%2frollup-win32-x64-msvc set size:337788 disposed:false
2964 silly fetch manifest @rollup/rollup-openharmony-arm64@4.60.4
2965 silly packumentCache full:https://registry.npmjs.org/@rollup%2frollup-openharmony-arm64 cache-miss
2966 http fetch GET 200 https://registry.npmjs.org/@rollup%2frollup-win32-x64-gnu 171ms (cache revalidated)
2967 silly packumentCache full:https://registry.npmjs.org/@rollup%2frollup-win32-x64-gnu set size:60872 disposed:false
2968 http fetch GET 200 https://registry.npmjs.org/@rollup%2frollup-linux-s390x-gnu 196ms (cache revalidated)
2969 silly packumentCache full:https://registry.npmjs.org/@rollup%2frollup-linux-s390x-gnu set size:244719 disposed:false
2970 http fetch GET 200 https://registry.npmjs.org/@rollup%2frollup-linux-x64-gnu 157ms (cache revalidated)
2971 silly packumentCache full:https://registry.npmjs.org/@rollup%2frollup-linux-x64-gnu set size:340008 disposed:false
2972 http fetch GET 200 https://registry.npmjs.org/@rollup%2frollup-freebsd-arm64 672ms (cache revalidated)
2973 silly packumentCache full:https://registry.npmjs.org/@rollup%2frollup-freebsd-arm64 set size:187433 disposed:false
2974 http fetch GET 200 https://registry.npmjs.org/@rollup%2frollup-openbsd-x64 192ms (cache revalidated)
2975 silly packumentCache full:https://registry.npmjs.org/@rollup%2frollup-openbsd-x64 set size:30269 disposed:false
2976 http fetch GET 200 https://registry.npmjs.org/@rollup%2frollup-openharmony-arm64 228ms (cache revalidated)
2977 silly packumentCache full:https://registry.npmjs.org/@rollup%2frollup-openharmony-arm64 set size:70209 disposed:false
2978 http fetch GET 200 https://registry.npmjs.org/@rollup%2frollup-linux-x64-musl 480ms (cache revalidated)
2979 silly packumentCache full:https://registry.npmjs.org/@rollup%2frollup-linux-x64-musl set size:339359 disposed:false
2980 http fetch GET 200 https://registry.npmjs.org/@rollup%2frollup-linux-arm64-gnu 956ms (cache revalidated)
2981 silly packumentCache full:https://registry.npmjs.org/@rollup%2frollup-linux-arm64-gnu set size:344870 disposed:false
2982 http fetch GET 200 https://registry.npmjs.org/@types%2festree 1236ms (cache revalidated)
2983 silly packumentCache full:https://registry.npmjs.org/@types%2festree set size:76072 disposed:false
2984 http fetch GET 200 https://registry.npmjs.org/@rollup%2frollup-win32-arm64-msvc 1285ms (cache revalidated)
2985 silly packumentCache full:https://registry.npmjs.org/@rollup%2frollup-win32-arm64-msvc set size:342623 disposed:false
2986 http fetch GET 200 https://registry.npmjs.org/@rollup%2frollup-darwin-x64 951ms (cache revalidated)
2987 silly packumentCache full:https://registry.npmjs.org/@rollup%2frollup-darwin-x64 set size:332929 disposed:false
2988 silly placeDep ROOT @rollup/rollup-android-arm-eabi@4.60.4 OK for: rollup@4.60.4 want: 4.60.4
2989 silly placeDep ROOT @rollup/rollup-android-arm64@4.60.4 OK for: rollup@4.60.4 want: 4.60.4
2990 silly placeDep ROOT @rollup/rollup-darwin-arm64@4.60.4 OK for: rollup@4.60.4 want: 4.60.4
2991 silly placeDep ROOT @rollup/rollup-darwin-x64@4.60.4 OK for: rollup@4.60.4 want: 4.60.4
2992 silly placeDep ROOT @rollup/rollup-freebsd-arm64@4.60.4 OK for: rollup@4.60.4 want: 4.60.4
2993 silly placeDep ROOT @rollup/rollup-freebsd-x64@4.60.4 OK for: rollup@4.60.4 want: 4.60.4
2994 silly placeDep ROOT @rollup/rollup-linux-arm-gnueabihf@4.60.4 OK for: rollup@4.60.4 want: 4.60.4
2995 silly placeDep ROOT @rollup/rollup-linux-arm-musleabihf@4.60.4 OK for: rollup@4.60.4 want: 4.60.4
2996 silly placeDep ROOT @rollup/rollup-linux-arm64-gnu@4.60.4 OK for: rollup@4.60.4 want: 4.60.4
2997 silly placeDep ROOT @rollup/rollup-linux-arm64-musl@4.60.4 OK for: rollup@4.60.4 want: 4.60.4
2998 silly placeDep ROOT @rollup/rollup-linux-loong64-gnu@4.60.4 OK for: rollup@4.60.4 want: 4.60.4
2999 silly placeDep ROOT @rollup/rollup-linux-loong64-musl@4.60.4 OK for: rollup@4.60.4 want: 4.60.4
3000 silly placeDep ROOT @rollup/rollup-linux-ppc64-gnu@4.60.4 OK for: rollup@4.60.4 want: 4.60.4
3001 silly placeDep ROOT @rollup/rollup-linux-ppc64-musl@4.60.4 OK for: rollup@4.60.4 want: 4.60.4
3002 silly placeDep ROOT @rollup/rollup-linux-riscv64-gnu@4.60.4 OK for: rollup@4.60.4 want: 4.60.4
3003 silly placeDep ROOT @rollup/rollup-linux-riscv64-musl@4.60.4 OK for: rollup@4.60.4 want: 4.60.4
3004 silly placeDep ROOT @rollup/rollup-linux-s390x-gnu@4.60.4 OK for: rollup@4.60.4 want: 4.60.4
3005 silly placeDep ROOT @rollup/rollup-linux-x64-gnu@4.60.4 OK for: rollup@4.60.4 want: 4.60.4
3006 silly placeDep ROOT @rollup/rollup-linux-x64-musl@4.60.4 OK for: rollup@4.60.4 want: 4.60.4
3007 silly placeDep ROOT @rollup/rollup-openbsd-x64@4.60.4 OK for: rollup@4.60.4 want: 4.60.4
3008 silly placeDep ROOT @rollup/rollup-openharmony-arm64@4.60.4 OK for: rollup@4.60.4 want: 4.60.4
3009 silly placeDep ROOT @rollup/rollup-win32-arm64-msvc@4.60.4 OK for: rollup@4.60.4 want: 4.60.4
3010 silly placeDep ROOT @rollup/rollup-win32-ia32-msvc@4.60.4 OK for: rollup@4.60.4 want: 4.60.4
3011 silly placeDep ROOT @rollup/rollup-win32-x64-gnu@4.60.4 OK for: rollup@4.60.4 want: 4.60.4
3012 silly placeDep ROOT @rollup/rollup-win32-x64-msvc@4.60.4 OK for: rollup@4.60.4 want: 4.60.4
3013 silly placeDep ROOT @types/estree@1.0.8 OK for: rollup@4.60.4 want: 1.0.8
3014 silly fetch manifest msw@^2.4.9
3015 silly packumentCache full:https://registry.npmjs.org/msw cache-miss
3016 http fetch GET 200 https://registry.npmjs.org/msw 132ms (cache revalidated)
3017 silly packumentCache full:https://registry.npmjs.org/msw set size:2020540 disposed:false
3018 silly fetch manifest typescript@>= 4.8.x
3019 silly packumentCache full:https://registry.npmjs.org/typescript cache-miss
3020 http cache https://registry.npmjs.org/typescript 75ms (cache hit)
3021 silly packumentCache full:https://registry.npmjs.org/typescript set size:15409943 disposed:false
3022 silly fetch manifest @vitejs/devtools@^0.1.18
3023 silly packumentCache full:https://registry.npmjs.org/@vitejs%2fdevtools cache-miss
3024 http fetch GET 200 https://registry.npmjs.org/@vitejs%2fdevtools 135ms (cache revalidated)
3025 silly packumentCache full:https://registry.npmjs.org/@vitejs%2fdevtools set size:211252 disposed:false
3026 silly fetch manifest esbuild@^0.27.0 || ^0.28.0
3027 silly packumentCache full:https://registry.npmjs.org/esbuild cache-miss
3028 http cache https://registry.npmjs.org/esbuild 18ms (cache hit)
3029 silly packumentCache full:https://registry.npmjs.org/esbuild set size:1254708 disposed:false
3030 silly fetch manifest less@^4.0.0
3031 silly packumentCache full:https://registry.npmjs.org/less cache-hit
3032 silly fetch manifest sass@^1.70.0
3033 silly packumentCache full:https://registry.npmjs.org/sass cache-hit
3034 silly fetch manifest postcss@^8.3.3
3035 silly packumentCache full:https://registry.npmjs.org/postcss cache-hit
3036 silly placeDep ROOT @vitest/expect@4.1.6 OK for: vitest@4.1.6 want: 4.1.6
3037 silly placeDep ROOT @vitest/mocker@4.1.6 OK for: vitest@4.1.6 want: 4.1.6
3038 silly placeDep ROOT @vitest/pretty-format@4.1.6 OK for: vitest@4.1.6 want: 4.1.6
3039 silly placeDep ROOT @vitest/runner@4.1.6 OK for: vitest@4.1.6 want: 4.1.6
3040 silly placeDep ROOT @vitest/snapshot@4.1.6 OK for: vitest@4.1.6 want: 4.1.6
3041 silly placeDep ROOT @vitest/spy@4.1.6 OK for: vitest@4.1.6 want: 4.1.6
3042 silly placeDep ROOT @vitest/utils@4.1.6 OK for: vitest@4.1.6 want: 4.1.6
3043 silly placeDep ROOT es-module-lexer@2.1.0 OK for: vitest@4.1.6 want: ^2.0.0
3044 silly placeDep ROOT expect-type@1.3.0 OK for: vitest@4.1.6 want: ^1.3.0
3045 silly placeDep ROOT obug@2.1.1 OK for: vitest@4.1.6 want: ^2.1.1
3046 silly placeDep ROOT pathe@2.0.3 OK for: vitest@4.1.6 want: ^2.0.3
3047 silly placeDep ROOT std-env@4.1.0 OK for: vitest@4.1.6 want: ^4.0.0-rc.1
3048 silly placeDep ROOT tinybench@2.9.0 OK for: vitest@4.1.6 want: ^2.9.0
3049 silly placeDep ROOT tinyexec@1.1.2 OK for: vitest@4.1.6 want: ^1.0.2
3050 silly placeDep ROOT tinyrainbow@3.1.0 OK for: vitest@4.1.6 want: ^3.1.0
3051 silly placeDep ROOT why-is-node-running@2.3.0 OK for: vitest@4.1.6 want: ^2.3.0
3052 silly fetch manifest chai@^6.2.2
3053 silly packumentCache full:https://registry.npmjs.org/chai cache-miss
3054 silly fetch manifest @types/chai@^5.2.2
3055 silly packumentCache full:https://registry.npmjs.org/@types%2fchai cache-miss
3056 silly fetch manifest estree-walker@^3.0.3
3057 silly packumentCache full:https://registry.npmjs.org/estree-walker cache-miss
3058 silly fetch manifest siginfo@^2.0.0
3059 silly packumentCache full:https://registry.npmjs.org/siginfo cache-miss
3060 silly fetch manifest stackback@0.0.2
3061 silly packumentCache full:https://registry.npmjs.org/stackback cache-miss
3062 http fetch GET 200 https://registry.npmjs.org/stackback 118ms (cache revalidated)
3063 silly packumentCache full:https://registry.npmjs.org/stackback set size:4594 disposed:false
3064 http fetch GET 200 https://registry.npmjs.org/siginfo 126ms (cache revalidated)
3065 silly packumentCache full:https://registry.npmjs.org/siginfo set size:8524 disposed:false
3066 http fetch GET 200 https://registry.npmjs.org/@types%2fchai 157ms (cache revalidated)
3067 silly packumentCache full:https://registry.npmjs.org/@types%2fchai set size:226260 disposed:false
3068 http fetch GET 200 https://registry.npmjs.org/estree-walker 310ms (cache revalidated)
3069 silly packumentCache full:https://registry.npmjs.org/estree-walker set size:60887 disposed:false
3070 http fetch GET 200 https://registry.npmjs.org/chai 430ms (cache revalidated)
3071 silly packumentCache full:https://registry.npmjs.org/chai set size:232540 disposed:false
3072 silly placeDep ROOT @types/chai@5.2.3 OK for: @vitest/expect@4.1.6 want: ^5.2.2
3073 silly placeDep ROOT chai@6.2.2 OK for: @vitest/expect@4.1.6 want: ^6.2.2
3074 silly fetch manifest @types/deep-eql@*
3075 silly packumentCache full:https://registry.npmjs.org/@types%2fdeep-eql cache-miss
3076 silly fetch manifest assertion-error@^2.0.1
3077 silly packumentCache full:https://registry.npmjs.org/assertion-error cache-miss
3078 http fetch GET 200 https://registry.npmjs.org/@types%2fdeep-eql 122ms (cache revalidated)
3079 silly packumentCache full:https://registry.npmjs.org/@types%2fdeep-eql set size:6411 disposed:false
3080 http fetch GET 200 https://registry.npmjs.org/assertion-error 1028ms (cache revalidated)
3081 silly packumentCache full:https://registry.npmjs.org/assertion-error set size:14438 disposed:false
3082 silly placeDep ROOT @types/deep-eql@4.0.2 OK for: @types/chai@5.2.3 want: *
3083 silly placeDep ROOT assertion-error@2.0.1 OK for: @types/chai@5.2.3 want: ^2.0.1
3084 silly placeDep ROOT estree-walker@3.0.3 OK for: @vitest/mocker@4.1.6 want: ^3.0.3
3085 silly placeDep node_modules/@vitest/utils convert-source-map@2.0.0 OK for: @vitest/utils@4.1.6 want: ^2.0.0
3086 silly placeDep ROOT glob-to-regexp@0.4.1 OK for: watchpack@2.5.1 want: ^0.4.1
3087 silly placeDep ROOT tr46@6.0.0 OK for: whatwg-url@16.0.1 want: ^6.0.0
3088 silly fetch manifest punycode@^2.3.1
3089 silly packumentCache full:https://registry.npmjs.org/punycode cache-miss
3090 http fetch GET 200 https://registry.npmjs.org/punycode 396ms (cache revalidated)
3091 silly packumentCache full:https://registry.npmjs.org/punycode set size:61278 disposed:false
3092 silly placeDep ROOT punycode@2.3.1 OK for: tr46@6.0.0 want: ^2.3.1
3093 silly placeDep ROOT isexe@2.0.0 OK for: which@2.0.2 want: ^2.0.0
3094 silly placeDep ROOT siginfo@2.0.0 OK for: why-is-node-running@2.3.0 want: ^2.0.0
3095 silly placeDep ROOT stackback@0.0.2 OK for: why-is-node-running@2.3.0 want: 0.0.2
3096 silly placeDep node_modules/wrap-ansi ansi-styles@4.3.0 OK for: wrap-ansi@6.2.0 want: ^4.0.0
3097 silly placeDep node_modules/wrap-ansi string-width@4.2.3 OK for: wrap-ansi@6.2.0 want: ^4.1.0
3098 silly placeDep node_modules/wrap-ansi strip-ansi@6.0.1 OK for: wrap-ansi@6.2.0 want: ^6.0.0
3099 silly fetch manifest color-convert@^2.0.1
3100 silly packumentCache full:https://registry.npmjs.org/color-convert cache-miss
3101 silly fetch manifest strip-ansi@^6.0.1
3102 silly packumentCache full:https://registry.npmjs.org/strip-ansi cache-hit
3103 silly fetch manifest emoji-regex@^8.0.0
3104 silly packumentCache full:https://registry.npmjs.org/emoji-regex cache-miss
3105 silly fetch manifest is-fullwidth-code-point@^3.0.0
3106 silly packumentCache full:https://registry.npmjs.org/is-fullwidth-code-point cache-hit
3107 silly fetch manifest ansi-regex@^5.0.1
3108 silly packumentCache full:https://registry.npmjs.org/ansi-regex cache-hit
3109 http fetch GET 200 https://registry.npmjs.org/color-convert 144ms (cache revalidated)
3110 silly packumentCache full:https://registry.npmjs.org/color-convert set size:72663 disposed:false
3111 http fetch GET 200 https://registry.npmjs.org/emoji-regex 523ms (cache revalidated)
3112 silly packumentCache full:https://registry.npmjs.org/emoji-regex set size:89064 disposed:false
3113 silly placeDep ROOT cliui@9.0.1 OK for: yargs@18.0.0 want: ^9.0.1
3114 silly placeDep ROOT get-caller-file@2.0.5 OK for: yargs@18.0.0 want: ^2.0.5
3115 silly placeDep node_modules/yargs string-width@7.2.0 OK for: yargs@18.0.0 want: ^7.2.0
3116 silly placeDep ROOT y18n@5.0.8 OK for: yargs@18.0.0 want: ^5.0.5
3117 silly placeDep ROOT yargs-parser@22.0.0 OK for: yargs@18.0.0 want: ^22.0.0
3118 silly fetch manifest emoji-regex@^10.3.0
3119 silly packumentCache full:https://registry.npmjs.org/emoji-regex cache-hit
3120 silly placeDep node_modules/cliui string-width@7.2.0 OK for: cliui@9.0.1 want: ^7.2.0
3121 silly placeDep node_modules/cliui wrap-ansi@9.0.2 OK for: cliui@9.0.1 want: ^9.0.0
3122 silly placeDep node_modules/@npmcli/git isexe@4.0.0 OK for: which@6.0.1 want: ^4.0.0
3123 silly placeDep node_modules/@npmcli/promise-spawn isexe@4.0.0 OK for: which@6.0.1 want: ^4.0.0
3124 silly placeDep ROOT emoji-regex@10.6.0 OK for: string-width@7.2.0 want: ^10.3.0
3125 silly placeDep node_modules/listr2 string-width@7.2.0 OK for: wrap-ansi@9.0.2 want: ^7.0.0
3126 silly placeDep node_modules/log-update string-width@7.2.0 OK for: wrap-ansi@9.0.2 want: ^7.0.0
3127 silly placeDep node_modules/minipass-flush yallist@4.0.0 OK for: minipass@3.3.6 want: ^4.0.0
3128 silly placeDep node_modules/minipass-pipeline yallist@4.0.0 OK for: minipass@3.3.6 want: ^4.0.0
3129 silly placeDep node_modules/node-gyp isexe@4.0.0 OK for: which@6.0.1 want: ^4.0.0
3130 silly placeDep node_modules/sass readdirp@4.1.2 OK for: chokidar@4.0.3 want: ^4.0.1
3131 silly placeDep ROOT color-convert@2.0.1 OK for: ansi-styles@4.3.0 want: ^2.0.1
3132 silly fetch manifest color-name@~1.1.4
3133 silly packumentCache full:https://registry.npmjs.org/color-name cache-miss
3134 http fetch GET 200 https://registry.npmjs.org/color-name 130ms (cache revalidated)
3135 silly packumentCache full:https://registry.npmjs.org/color-name set size:19467 disposed:false
3136 silly placeDep ROOT color-name@1.1.4 OK for: color-convert@2.0.1 want: ~1.1.4
3137 silly placeDep node_modules/wrap-ansi emoji-regex@8.0.0 OK for: string-width@4.2.3 want: ^8.0.0
3138 silly placeDep node_modules/wrap-ansi is-fullwidth-code-point@3.0.0 OK for: string-width@4.2.3 want: ^3.0.0
3139 silly placeDep node_modules/wrap-ansi ansi-regex@5.0.1 OK for: strip-ansi@6.0.1 want: ^5.0.1
3140 silly reify moves {}
3141 silly audit bulk request {
3141 silly audit   '@angular/build': [ '21.2.11' ],
3141 silly audit   tslib: [ '2.8.1' ],
3141 silly audit   typescript: [ '5.9.3' ],
3141 silly audit   '@angular/compiler': [ '21.2.13' ],
3141 silly audit   '@angular/compiler-cli': [ '21.2.13' ],
3141 silly audit   '@angular/cli': [ '21.2.11' ],
3141 silly audit   '@angular/common': [ '21.2.13' ],
3141 silly audit   rxjs: [ '7.8.2' ],
3141 silly audit   '@angular/core': [ '21.2.13' ],
3141 silly audit   '@angular/forms': [ '21.2.13' ],
3141 silly audit   '@angular/platform-browser': [ '21.2.13' ],
3141 silly audit   '@angular/router': [ '21.2.13' ],
3141 silly audit   jsdom: [ '28.1.0' ],
3141 silly audit   prettier: [ '3.8.3' ],
3141 silly audit   vitest: [ '4.1.6' ],
3141 silly audit   '@ampproject/remapping': [ '2.3.0' ],
3141 silly audit   '@angular-devkit/architect': [ '0.2102.11' ],
3141 silly audit   '@babel/core': [ '7.29.0' ],
3141 silly audit   '@babel/helper-annotate-as-pure': [ '7.27.3' ],
3141 silly audit   '@babel/helper-split-export-declaration': [ '7.24.7' ],
3141 silly audit   '@inquirer/confirm': [ '5.1.21' ],
3141 silly audit   '@vitejs/plugin-basic-ssl': [ '2.1.4' ],
3141 silly audit   vite: [ '7.3.2' ],
3141 silly audit   beasties: [ '0.4.1' ],
3141 silly audit   browserslist: [ '4.28.2' ],
3141 silly audit   esbuild: [ '0.27.3' ],
3141 silly audit   'https-proxy-agent': [ '7.0.6' ],
3141 silly audit   'istanbul-lib-instrument': [ '6.0.3' ],
3141 silly audit   'jsonc-parser': [ '3.3.1' ],
3141 silly audit   listr2: [ '9.0.5' ],
3141 silly audit   lmdb: [ '3.5.1' ],
3141 silly audit   'magic-string': [ '0.30.21' ],
3141 silly audit   mrmime: [ '2.0.1' ],
3141 silly audit   'parse5-html-rewriting-stream': [ '8.0.0' ],
3141 silly audit   picomatch: [ '4.0.4' ],
3141 silly audit   piscina: [ '5.1.4' ],
3141 silly audit   rolldown: [ '1.0.0-rc.4' ],
3141 silly audit   sass: [ '1.97.3' ],
3141 silly audit   semver: [ '7.7.4', '6.3.1' ],
3141 silly audit   'source-map-support': [ '0.5.21' ],
3141 silly audit   tinyglobby: [ '0.2.15' ],
3141 silly audit   undici: [ '7.24.4', '6.25.0' ],
3141 silly audit   watchpack: [ '2.5.1' ],
3141 silly audit   '@jridgewell/gen-mapping': [ '0.3.13' ],
3141 silly audit   '@jridgewell/trace-mapping': [ '0.3.31' ],
3141 silly audit   '@angular-devkit/core': [ '21.2.11' ],
3141 silly audit   ajv: [ '8.18.0' ],
3141 silly audit   'ajv-formats': [ '3.0.1' ],
3141 silly audit   'source-map': [ '0.7.6', '0.6.1' ],
3141 silly audit   '@angular-devkit/schematics': [ '21.2.11' ],
3141 silly audit   '@inquirer/prompts': [ '7.10.1' ],
3141 silly audit   '@listr2/prompt-adapter-inquirer': [ '3.0.5' ],
3141 silly audit   '@modelcontextprotocol/sdk': [ '1.26.0' ],
3141 silly audit   '@schematics/angular': [ '21.2.11' ],
3141 silly audit   '@yarnpkg/lockfile': [ '1.1.0' ],
3141 silly audit   algoliasearch: [ '5.48.1' ],
3141 silly audit   ini: [ '6.0.0' ],
3141 silly audit   'npm-package-arg': [ '13.0.2' ],
3141 silly audit   pacote: [ '21.3.1' ],
3141 silly audit   yargs: [ '18.0.0' ],
3141 silly audit   zod: [ '4.3.6' ],
3141 silly audit   ora: [ '9.3.0' ],
3141 silly audit   '@jridgewell/sourcemap-codec': [ '1.5.5' ],
3141 silly audit   chokidar: [ '5.0.0', '4.0.3' ],
3141 silly audit   'convert-source-map': [ '1.9.0', '2.0.0' ],
3141 silly audit   'reflect-metadata': [ '0.2.2' ],
3141 silly audit   '@standard-schema/spec': [ '1.1.0' ],
3141 silly audit   '@babel/code-frame': [ '7.29.0' ],
3141 silly audit   '@babel/generator': [ '7.29.1' ],
3141 silly audit   '@babel/helper-compilation-targets': [ '7.28.6' ],
3141 silly audit   '@babel/helper-module-transforms': [ '7.28.6' ],
3141 silly audit   '@babel/helpers': [ '7.29.2' ],
3141 silly audit   '@babel/parser': [ '7.29.3' ],
3141 silly audit   '@babel/template': [ '7.28.6' ],
3141 silly audit   '@babel/traverse': [ '7.29.0' ],
3141 silly audit   '@babel/types': [ '7.29.0' ],
3141 silly audit   '@jridgewell/remapping': [ '2.3.5' ],
3141 silly audit   debug: [ '4.4.3' ],
3141 silly audit   gensync: [ '1.0.0-beta.2' ],
3141 silly audit   json5: [ '2.2.3' ],
3141 silly audit   '@babel/helper-validator-identifier': [ '7.28.5' ],
3141 silly audit   'js-tokens': [ '4.0.0' ],
3141 silly audit   picocolors: [ '1.1.1' ],
3141 silly audit   jsesc: [ '3.1.0' ],
3141 silly audit   '@babel/compat-data': [ '7.29.3' ],
3141 silly audit   '@babel/helper-validator-option': [ '7.27.1' ],
3141 silly audit   'lru-cache': [ '5.1.1', '11.4.0' ],
3141 silly audit   '@babel/helper-module-imports': [ '7.28.6' ],
3141 silly audit   '@babel/helper-globals': [ '7.28.0' ],
3141 silly audit   '@babel/helper-string-parser': [ '7.27.1' ],
3141 silly audit   '@inquirer/core': [ '10.3.2' ],
3141 silly audit   '@inquirer/type': [ '3.0.10' ],
3141 silly audit   '@inquirer/ansi': [ '1.0.2' ],
3141 silly audit   '@inquirer/figures': [ '1.0.15' ],
3141 silly audit   'cli-width': [ '4.1.0' ],
3141 silly audit   'mute-stream': [ '2.0.0' ],
3141 silly audit   'signal-exit': [ '4.1.0' ],
3141 silly audit   'wrap-ansi': [ '6.2.0', '9.0.2' ],
3141 silly audit   'yoctocolors-cjs': [ '2.1.3' ],
3141 silly audit   '@inquirer/checkbox': [ '4.3.2' ],
3141 silly audit   '@inquirer/editor': [ '4.2.23' ],
3141 silly audit   '@inquirer/expand': [ '4.0.23' ],
3141 silly audit   '@inquirer/input': [ '4.3.1' ],
3141 silly audit   '@inquirer/number': [ '3.0.23' ],
3141 silly audit   '@inquirer/password': [ '4.0.23' ],
3141 silly audit   '@inquirer/rawlist': [ '4.1.11' ],
3141 silly audit   '@inquirer/search': [ '3.2.2' ],
3141 silly audit   '@inquirer/select': [ '4.4.2' ],
3141 silly audit   '@inquirer/external-editor': [ '1.0.3' ],
3141 silly audit   chardet: [ '2.1.1' ],
3141 silly audit   'iconv-lite': [ '0.7.2' ],
3141 silly audit   '@jridgewell/resolve-uri': [ '3.1.2' ],
3141 silly audit   '@hono/node-server': [ '1.19.14' ],
3141 silly audit   hono: [ '4.12.19' ],
3141 silly audit   'content-type': [ '1.0.5', '2.0.0' ],
3141 silly audit   cors: [ '2.8.6' ],
3141 silly audit   'cross-spawn': [ '7.0.6' ],
3141 silly audit   eventsource: [ '3.0.7' ],
3141 silly audit   'eventsource-parser': [ '3.0.8' ],
3141 silly audit   express: [ '5.2.1' ],
3141 silly audit   'express-rate-limit': [ '8.5.2' ],
3141 silly audit   jose: [ '6.2.3' ],
3141 silly audit   'json-schema-typed': [ '8.0.2' ],
3141 silly audit   'pkce-challenge': [ '5.0.1' ],
3141 silly audit   'raw-body': [ '3.0.2' ],
3141 silly audit   'zod-to-json-schema': [ '3.25.2' ],
3141 silly audit   'fast-deep-equal': [ '3.1.3' ],
3141 silly audit   'fast-uri': [ '3.1.2' ],
3141 silly audit   'json-schema-traverse': [ '1.0.0' ],
3141 silly audit   'require-from-string': [ '2.0.2' ],
3141 silly audit   '@algolia/abtesting': [ '1.14.1' ],
3141 silly audit   '@algolia/client-abtesting': [ '5.48.1' ],
3141 silly audit   '@algolia/client-analytics': [ '5.48.1' ],
3141 silly audit   '@algolia/client-common': [ '5.48.1' ],
3141 silly audit   '@algolia/client-insights': [ '5.48.1' ],
3141 silly audit   '@algolia/client-personalization': [ '5.48.1' ],
3141 silly audit   '@algolia/client-query-suggestions': [ '5.48.1' ],
3141 silly audit   '@algolia/client-search': [ '5.48.1' ],
3141 silly audit   '@algolia/ingestion': [ '1.48.1' ],
3141 silly audit   '@algolia/monitoring': [ '1.48.1' ],
3141 silly audit   '@algolia/recommend': [ '5.48.1' ],
3141 silly audit   '@algolia/requester-browser-xhr': [ '5.48.1' ],
3141 silly audit   '@algolia/requester-fetch': [ '5.48.1' ],
3141 silly audit   '@algolia/requester-node-http': [ '5.48.1' ],
3141 silly audit   'css-select': [ '6.0.0' ],
3141 silly audit   'css-what': [ '7.0.0' ],
3141 silly audit   'dom-serializer': [ '2.0.0' ],
3141 silly audit   domhandler: [ '5.0.3' ],
3141 silly audit   htmlparser2: [ '10.1.0' ],
3141 silly audit   postcss: [ '8.5.15' ],
3141 silly audit   'postcss-media-query-parser': [ '0.2.3' ],
3141 silly audit   'postcss-safe-parser': [ '7.0.1' ],
3141 silly audit   'baseline-browser-mapping': [ '2.10.31' ],
3141 silly audit   'caniuse-lite': [ '1.0.30001793' ],
3141 silly audit   'electron-to-chromium': [ '1.5.359' ],
3141 silly audit   'node-releases': [ '2.0.44' ],
3141 silly audit   'update-browserslist-db': [ '1.2.3' ],
3141 silly audit   readdirp: [ '5.0.0', '4.1.2' ],
3141 silly audit   'object-assign': [ '4.1.1' ],
3141 silly audit   vary: [ '1.1.2' ],
3141 silly audit   'path-key': [ '3.1.1' ],
3141 silly audit   'shebang-command': [ '2.0.0' ],
3141 silly audit   which: [ '2.0.2', '6.0.1' ],
3141 silly audit   boolbase: [ '1.0.0' ],
3141 silly audit   domutils: [ '3.2.2' ],
3141 silly audit   'nth-check': [ '2.1.1' ],
3141 silly audit   ms: [ '2.1.3' ],
3141 silly audit   domelementtype: [ '2.3.0' ],
3141 silly audit   entities: [ '4.5.0', '7.0.1', '8.0.0', '6.0.1' ],
3141 silly audit   '@esbuild/aix-ppc64': [ '0.27.3' ],
3141 silly audit   '@esbuild/android-arm': [ '0.27.3' ],
3141 silly audit   '@esbuild/android-arm64': [ '0.27.3' ],
3141 silly audit   '@esbuild/android-x64': [ '0.27.3' ],
3141 silly audit   '@esbuild/darwin-arm64': [ '0.27.3' ],
3141 silly audit   '@esbuild/darwin-x64': [ '0.27.3' ],
3141 silly audit   '@esbuild/freebsd-arm64': [ '0.27.3' ],
3141 silly audit   '@esbuild/freebsd-x64': [ '0.27.3' ],
3141 silly audit   '@esbuild/linux-arm': [ '0.27.3' ],
3141 silly audit   '@esbuild/linux-arm64': [ '0.27.3' ],
3141 silly audit   '@esbuild/linux-ia32': [ '0.27.3' ],
3141 silly audit   '@esbuild/linux-loong64': [ '0.27.3' ],
3141 silly audit   '@esbuild/linux-mips64el': [ '0.27.3' ],
3141 silly audit   '@esbuild/linux-ppc64': [ '0.27.3' ],
3141 silly audit   '@esbuild/linux-riscv64': [ '0.27.3' ],
3141 silly audit   '@esbuild/linux-s390x': [ '0.27.3' ],
3141 silly audit   '@esbuild/linux-x64': [ '0.27.3' ],
3141 silly audit   '@esbuild/netbsd-arm64': [ '0.27.3' ],
3141 silly audit   '@esbuild/netbsd-x64': [ '0.27.3' ],
3141 silly audit   '@esbuild/openbsd-arm64': [ '0.27.3' ],
3141 silly audit   '@esbuild/openbsd-x64': [ '0.27.3' ],
3141 silly audit   '@esbuild/openharmony-arm64': [ '0.27.3' ],
3141 silly audit   '@esbuild/sunos-x64': [ '0.27.3' ],
3141 silly audit   '@esbuild/win32-arm64': [ '0.27.3' ],
3141 silly audit   '@esbuild/win32-ia32': [ '0.27.3' ],
3141 silly audit   '@esbuild/win32-x64': [ '0.27.3' ],
3141 silly audit   accepts: [ '2.0.0' ],
3141 silly audit   'body-parser': [ '2.2.2' ],
3141 silly audit   'content-disposition': [ '1.1.0' ],
3141 silly audit   cookie: [ '0.7.2' ],
3141 silly audit   'cookie-signature': [ '1.2.2' ],
3141 silly audit   depd: [ '2.0.0' ],
3141 silly audit   encodeurl: [ '2.0.0' ],
3141 silly audit   'escape-html': [ '1.0.3' ],
3141 silly audit   etag: [ '1.8.1' ],
3141 silly audit   finalhandler: [ '2.1.1' ],
3141 silly audit   fresh: [ '2.0.0' ],
3141 silly audit   'http-errors': [ '2.0.1' ],
3141 silly audit   'merge-descriptors': [ '2.0.0' ],
3141 silly audit   'mime-types': [ '3.0.2' ],
3141 silly audit   'on-finished': [ '2.4.1' ],
3141 silly audit   once: [ '1.4.0' ],
3141 silly audit   parseurl: [ '1.3.3' ],
3141 silly audit   'proxy-addr': [ '2.0.7' ],
3141 silly audit   qs: [ '6.15.2' ],
3141 silly audit   'range-parser': [ '1.2.1' ],
3141 silly audit   router: [ '2.2.0' ],
3141 silly audit   send: [ '1.2.1' ],
3141 silly audit   'serve-static': [ '2.2.1' ],
3141 silly audit   statuses: [ '2.0.2' ],
3141 silly audit   'type-is': [ '2.1.0' ],
3141 silly audit   negotiator: [ '1.0.0' ],
3141 silly audit   bytes: [ '3.1.2' ],
3141 silly audit   'ip-address': [ '10.2.0' ],
3141 silly audit   inherits: [ '2.0.4' ],
3141 silly audit   setprototypeof: [ '1.2.0' ],
3141 silly audit   toidentifier: [ '1.0.1' ],
3141 silly audit   'agent-base': [ '7.1.4' ],
3141 silly audit   'safer-buffer': [ '2.1.2' ],
3141 silly audit   '@istanbuljs/schema': [ '0.1.6' ],
3141 silly audit   'istanbul-lib-coverage': [ '3.2.2' ],
3141 silly audit   '@acemir/cssom': [ '0.9.31' ],
3141 silly audit   '@asamuzakjp/dom-selector': [ '6.8.1' ],
3141 silly audit   '@bramus/specificity': [ '2.4.2' ],
3141 silly audit   '@exodus/bytes': [ '1.15.0' ],
3141 silly audit   cssstyle: [ '6.2.0' ],
3141 silly audit   'data-urls': [ '7.0.0' ],
3141 silly audit   'decimal.js': [ '10.6.0' ],
3141 silly audit   'html-encoding-sniffer': [ '6.0.0' ],
3141 silly audit   'http-proxy-agent': [ '7.0.2' ],
3141 silly audit   'is-potential-custom-element-name': [ '1.0.1' ],
3141 silly audit   parse5: [ '8.0.1' ],
3141 silly audit   saxes: [ '6.0.0' ],
3141 silly audit   'symbol-tree': [ '3.2.4' ],
3141 silly audit   'tough-cookie': [ '6.0.1' ],
3141 silly audit   'w3c-xmlserializer': [ '5.0.0' ],
3141 silly audit   'webidl-conversions': [ '8.0.1' ],
3141 silly audit   'whatwg-mimetype': [ '5.0.0' ],
3141 silly audit   'whatwg-url': [ '16.0.1' ],
3141 silly audit   'xml-name-validator': [ '5.0.0' ],
3141 silly audit   '@asamuzakjp/nwsapi': [ '2.3.9' ],
3141 silly audit   'bidi-js': [ '1.0.3' ],
3141 silly audit   'css-tree': [ '3.2.1' ],
3141 silly audit   'mdn-data': [ '2.27.1' ],
3141 silly audit   'source-map-js': [ '1.2.1' ],
3141 silly audit   '@asamuzakjp/css-color': [ '5.1.11' ],
3141 silly audit   '@csstools/css-syntax-patches-for-csstree': [ '1.1.4' ],
3141 silly audit   '@asamuzakjp/generational-cache': [ '1.0.1' ],
3141 silly audit   '@csstools/css-calc': [ '3.2.1' ],
3141 silly audit   '@csstools/css-parser-algorithms': [ '4.0.0' ],
3141 silly audit   '@csstools/css-tokenizer': [ '4.0.0' ],
3141 silly audit   '@csstools/css-color-parser': [ '4.1.1' ],
3141 silly audit   '@csstools/color-helpers': [ '6.0.2' ],
3141 silly audit   'cli-truncate': [ '5.2.0' ],
3141 silly audit   colorette: [ '2.0.20' ],
3141 silly audit   eventemitter3: [ '5.0.4' ],
3141 silly audit   'log-update': [ '6.1.0' ],
3141 silly audit   rfdc: [ '1.4.1' ],
3141 silly audit   'slice-ansi': [ '8.0.0', '7.1.2' ],
3141 silly audit   'string-width': [ '8.2.1', '4.2.3', '7.2.0' ],
3141 silly audit   '@harperfast/extended-iterable': [ '1.0.3' ],
3141 silly audit   '@lmdb/lmdb-darwin-arm64': [ '3.5.1' ],
3141 silly audit   '@lmdb/lmdb-darwin-x64': [ '3.5.1' ],
3141 silly audit   '@lmdb/lmdb-linux-arm': [ '3.5.1' ],
3141 silly audit   '@lmdb/lmdb-linux-arm64': [ '3.5.1' ],
3141 silly audit   '@lmdb/lmdb-linux-x64': [ '3.5.1' ],
3141 silly audit   '@lmdb/lmdb-win32-arm64': [ '3.5.1' ],
3141 silly audit   '@lmdb/lmdb-win32-x64': [ '3.5.1' ],
3141 silly audit   msgpackr: [ '1.11.12' ],
3141 silly audit   'node-addon-api': [ '6.1.0', '7.1.1' ],
3141 silly audit   'node-gyp-build-optional-packages': [ '5.2.2' ],
3141 silly audit   'ordered-binary': [ '1.6.1' ],
3141 silly audit   'weak-lru-cache': [ '1.2.2' ],
3141 silly audit   'ansi-escapes': [ '7.3.0' ],
3141 silly audit   'cli-cursor': [ '5.0.0' ],
3141 silly audit   'strip-ansi': [ '7.2.0', '6.0.1' ],
3141 silly audit   environment: [ '1.1.0' ],
3141 silly audit   'restore-cursor': [ '5.1.0' ],
3141 silly audit   yallist: [ '3.1.1', '5.0.0', '4.0.0' ],
3141 silly audit   'mime-db': [ '1.54.0' ],
3141 silly audit   'msgpackr-extract': [ '3.0.3' ],
3141 silly audit   '@msgpackr-extract/msgpackr-extract-darwin-arm64': [ '3.0.3' ],
3141 silly audit   '@msgpackr-extract/msgpackr-extract-darwin-x64': [ '3.0.3' ],
3141 silly audit   '@msgpackr-extract/msgpackr-extract-linux-arm': [ '3.0.3' ],
3141 silly audit   '@msgpackr-extract/msgpackr-extract-linux-arm64': [ '3.0.3' ],
3141 silly audit   '@msgpackr-extract/msgpackr-extract-linux-x64': [ '3.0.3' ],
3141 silly audit   '@msgpackr-extract/msgpackr-extract-win32-x64': [ '3.0.3' ],
3141 silly audit   'detect-libc': [ '2.1.2' ],
3141 silly audit   'hosted-git-info': [ '9.0.3' ],
3141 silly audit   'proc-log': [ '6.1.0' ],
3141 silly audit   'validate-npm-package-name': [ '7.0.2' ],
3141 silly audit   'ee-first': [ '1.1.1' ],
3141 silly audit   wrappy: [ '1.0.2' ],
3141 silly audit   chalk: [ '5.6.2' ],
3141 silly audit   'cli-spinners': [ '3.4.0' ],
3141 silly audit   'is-interactive': [ '2.0.0' ],
3141 silly audit   'is-unicode-supported': [ '2.1.0' ],
3141 silly audit   'log-symbols': [ '7.0.1' ],
3141 silly audit   'stdin-discarder': [ '0.3.2' ],
3141 silly audit   yoctocolors: [ '2.1.2' ],
3141 silly audit   '@npmcli/git': [ '7.0.2' ],
3141 silly audit   '@npmcli/installed-package-contents': [ '4.0.0' ],
3141 silly audit   '@npmcli/package-json': [ '7.0.5' ],
3141 silly audit   '@npmcli/promise-spawn': [ '9.0.1' ],
3141 silly audit   '@npmcli/run-script': [ '10.0.4' ],
3141 silly audit   cacache: [ '20.0.4' ],
3141 silly audit   'fs-minipass': [ '3.0.3' ],
3141 silly audit   minipass: [ '7.1.3', '3.3.6' ],
3141 silly audit   'npm-packlist': [ '10.0.4' ],
3141 silly audit   'npm-pick-manifest': [ '11.0.3' ],
3141 silly audit   'npm-registry-fetch': [ '19.1.1' ],
3141 silly audit   'promise-retry': [ '2.0.1' ],
3141 silly audit   sigstore: [ '4.1.0' ],
3141 silly audit   ssri: [ '13.0.1' ],
3141 silly audit   tar: [ '7.5.15' ],
3141 silly audit   '@gar/promise-retry': [ '1.0.3' ],
3141 silly audit   'npm-bundled': [ '5.0.0' ],
3141 silly audit   'npm-normalize-package-bin': [ '5.0.0' ],
3141 silly audit   glob: [ '13.0.6' ],
3141 silly audit   'json-parse-even-better-errors': [ '5.0.0' ],
3141 silly audit   'spdx-expression-parse': [ '4.0.0' ],
3141 silly audit   '@npmcli/node-gyp': [ '5.0.0' ],
3141 silly audit   'node-gyp': [ '12.3.0' ],
3141 silly audit   '@npmcli/fs': [ '5.0.0' ],
3141 silly audit   'minipass-collect': [ '2.0.1' ],
3141 silly audit   'minipass-flush': [ '1.0.7' ],
3141 silly audit   'minipass-pipeline': [ '1.2.4' ],
3141 silly audit   'p-map': [ '7.0.4' ],
3141 silly audit   minimatch: [ '10.2.5' ],
3141 silly audit   'path-scurry': [ '2.0.2' ],
3141 silly audit   'brace-expansion': [ '5.0.6' ],
3141 silly audit   'balanced-match': [ '4.0.4' ],
3141 silly audit   'env-paths': [ '2.2.1' ],
3141 silly audit   'exponential-backoff': [ '3.1.3' ],
3141 silly audit   'graceful-fs': [ '4.2.11' ],
3141 silly audit   nopt: [ '9.0.0' ],
3141 silly audit   abbrev: [ '4.0.0' ],
3141 silly audit   'ignore-walk': [ '8.0.0' ],
3141 silly audit   'npm-install-checks': [ '8.0.0' ],
3141 silly audit   '@npmcli/redact': [ '4.0.0' ],
3141 silly audit   jsonparse: [ '1.3.1' ],
3141 silly audit   'make-fetch-happen': [ '15.0.5' ],
3141 silly audit   'minipass-fetch': [ '5.0.2' ],
3141 silly audit   minizlib: [ '3.1.0' ],
3141 silly audit   '@npmcli/agent': [ '4.0.0' ],
3141 silly audit   'http-cache-semantics': [ '4.2.0' ],
3141 silly audit   'socks-proxy-agent': [ '8.0.5' ],
3141 silly audit   'minipass-sized': [ '2.0.0' ],
3141 silly audit   'parse5-sax-parser': [ '8.0.0' ],
3141 silly audit   '@napi-rs/nice': [ '1.1.1' ],
3141 silly audit   '@napi-rs/nice-android-arm-eabi': [ '1.1.1' ],
3141 silly audit   '@napi-rs/nice-android-arm64': [ '1.1.1' ],
3141 silly audit   '@napi-rs/nice-darwin-arm64': [ '1.1.1' ],
3141 silly audit   '@napi-rs/nice-darwin-x64': [ '1.1.1' ],
3141 silly audit   '@napi-rs/nice-freebsd-x64': [ '1.1.1' ],
3141 silly audit   '@napi-rs/nice-linux-arm-gnueabihf': [ '1.1.1' ],
3141 silly audit   '@napi-rs/nice-linux-arm64-gnu': [ '1.1.1' ],
3141 silly audit   '@napi-rs/nice-linux-arm64-musl': [ '1.1.1' ],
3141 silly audit   '@napi-rs/nice-linux-ppc64-gnu': [ '1.1.1' ],
3141 silly audit   '@napi-rs/nice-linux-riscv64-gnu': [ '1.1.1' ],
3141 silly audit   '@napi-rs/nice-linux-s390x-gnu': [ '1.1.1' ],
3141 silly audit   '@napi-rs/nice-linux-x64-gnu': [ '1.1.1' ],
3141 silly audit   '@napi-rs/nice-linux-x64-musl': [ '1.1.1' ],
3141 silly audit   '@napi-rs/nice-openharmony-arm64': [ '1.1.1' ],
3141 silly audit   '@napi-rs/nice-win32-arm64-msvc': [ '1.1.1' ],
3141 silly audit   '@napi-rs/nice-win32-ia32-msvc': [ '1.1.1' ],
3141 silly audit   '@napi-rs/nice-win32-x64-msvc': [ '1.1.1' ],
3141 silly audit   nanoid: [ '3.3.12' ],
3141 silly audit   'err-code': [ '2.0.3' ],
3141 silly audit   retry: [ '0.12.0' ],
3141 silly audit   forwarded: [ '0.2.0' ],
3141 silly audit   'ipaddr.js': [ '1.9.1' ],
3141 silly audit   'side-channel': [ '1.1.0' ],
3141 silly audit   unpipe: [ '1.0.0' ],
3141 silly audit   onetime: [ '7.0.0' ],
3141 silly audit   'mimic-function': [ '5.0.1' ],
3141 silly audit   '@oxc-project/types': [ '0.113.0' ],
3141 silly audit   '@rolldown/binding-android-arm64': [ '1.0.0-rc.4' ],
3141 silly audit   '@rolldown/binding-darwin-arm64': [ '1.0.0-rc.4' ],
3141 silly audit   '@rolldown/binding-darwin-x64': [ '1.0.0-rc.4' ],
3141 silly audit   '@rolldown/binding-freebsd-x64': [ '1.0.0-rc.4' ],
3141 silly audit   '@rolldown/binding-linux-arm-gnueabihf': [ '1.0.0-rc.4' ],
3141 silly audit   '@rolldown/binding-linux-arm64-gnu': [ '1.0.0-rc.4' ],
3141 silly audit   '@rolldown/binding-linux-arm64-musl': [ '1.0.0-rc.4' ],
3141 silly audit   '@rolldown/binding-linux-x64-gnu': [ '1.0.0-rc.4' ],
3141 silly audit   '@rolldown/binding-linux-x64-musl': [ '1.0.0-rc.4' ],
3141 silly audit   '@rolldown/binding-openharmony-arm64': [ '1.0.0-rc.4' ],
3141 silly audit   '@rolldown/binding-wasm32-wasi': [ '1.0.0-rc.4' ],
3141 silly audit   '@rolldown/binding-win32-arm64-msvc': [ '1.0.0-rc.4' ],
3141 silly audit   '@rolldown/binding-win32-x64-msvc': [ '1.0.0-rc.4' ],
3141 silly audit   '@rolldown/pluginutils': [ '1.0.0-rc.4' ],
3141 silly audit   '@napi-rs/wasm-runtime': [ '1.1.4' ],
3141 silly audit   '@emnapi/core': [ '1.10.0' ],
3141 silly audit   '@emnapi/runtime': [ '1.10.0' ],
3141 silly audit   '@emnapi/wasi-threads': [ '1.2.1' ],
3141 silly audit   '@tybys/wasm-util': [ '0.10.2' ],
3141 silly audit   'is-promise': [ '4.0.0' ],
3141 silly audit   'path-to-regexp': [ '8.4.2' ],
3141 silly audit   '@parcel/watcher': [ '2.5.6' ],
3141 silly audit   immutable: [ '5.1.5' ],
3141 silly audit   '@parcel/watcher-android-arm64': [ '2.5.6' ],
3141 silly audit   '@parcel/watcher-darwin-arm64': [ '2.5.6' ],
3141 silly audit   '@parcel/watcher-darwin-x64': [ '2.5.6' ],
3141 silly audit   '@parcel/watcher-freebsd-x64': [ '2.5.6' ],
3141 silly audit   '@parcel/watcher-linux-arm-glibc': [ '2.5.6' ],
3141 silly audit   '@parcel/watcher-linux-arm-musl': [ '2.5.6' ],
3141 silly audit   '@parcel/watcher-linux-arm64-glibc': [ '2.5.6' ],
3141 silly audit   '@parcel/watcher-linux-arm64-musl': [ '2.5.6' ],
3141 silly audit   '@parcel/watcher-linux-x64-glibc': [ '2.5.6' ],
3141 silly audit   '@parcel/watcher-linux-x64-musl': [ '2.5.6' ],
3141 silly audit   '@parcel/watcher-win32-arm64': [ '2.5.6' ],
3141 silly audit   '@parcel/watcher-win32-ia32': [ '2.5.6' ],
3141 silly audit   '@parcel/watcher-win32-x64': [ '2.5.6' ],
3141 silly audit   'is-glob': [ '4.0.3' ],
3141 silly audit   'is-extglob': [ '2.1.1' ],
3141 silly audit   xmlchars: [ '2.2.0' ],
3141 silly audit   'shebang-regex': [ '3.0.0' ],
3141 silly audit   'es-errors': [ '1.3.0' ],
3141 silly audit   'object-inspect': [ '1.13.4' ],
3141 silly audit   'side-channel-list': [ '1.0.1' ],
3141 silly audit   'side-channel-map': [ '1.0.1' ],
3141 silly audit   'side-channel-weakmap': [ '1.0.2' ],
3141 silly audit   'call-bound': [ '1.0.4' ],
3141 silly audit   'get-intrinsic': [ '1.3.0' ],
3141 silly audit   'call-bind-apply-helpers': [ '1.0.2' ],
3141 silly audit   'function-bind': [ '1.1.2' ],
3141 silly audit   'es-define-property': [ '1.0.1' ],
3141 silly audit   'es-object-atoms': [ '1.1.1' ],
3141 silly audit   'get-proto': [ '1.0.1' ],
3141 silly audit   gopd: [ '1.2.0' ],
3141 silly audit   'has-symbols': [ '1.1.0' ],
3141 silly audit   hasown: [ '2.0.3' ],
3141 silly audit   'math-intrinsics': [ '1.1.0' ],
3141 silly audit   'dunder-proto': [ '1.0.1' ],
3141 silly audit   '@sigstore/bundle': [ '4.0.0' ],
3141 silly audit   '@sigstore/core': [ '3.2.0' ],
3141 silly audit   '@sigstore/protobuf-specs': [ '0.5.1' ],
3141 silly audit   '@sigstore/sign': [ '4.1.1' ],
3141 silly audit   '@sigstore/tuf': [ '4.0.2' ],
3141 silly audit   '@sigstore/verify': [ '3.1.0' ],
3141 silly audit   'tuf-js': [ '4.1.0' ],
3141 silly audit   'ansi-styles': [ '6.2.3', '4.3.0' ],
3141 silly audit   'is-fullwidth-code-point': [ '5.1.0', '3.0.0' ],
3141 silly audit   'get-east-asian-width': [ '1.6.0' ],
3141 silly audit   socks: [ '2.8.9' ],
3141 silly audit   'smart-buffer': [ '4.2.0' ],
3141 silly audit   'buffer-from': [ '1.1.2' ],
3141 silly audit   'spdx-exceptions': [ '2.5.0' ],
3141 silly audit   'spdx-license-ids': [ '3.0.23' ],
3141 silly audit   'ansi-regex': [ '6.2.2', '5.0.1' ],
3141 silly audit   '@isaacs/fs-minipass': [ '4.0.1' ],
3141 silly audit   chownr: [ '3.0.0' ],
3141 silly audit   fdir: [ '6.5.0' ],
3141 silly audit   tldts: [ '7.0.30' ],
3141 silly audit   'tldts-core': [ '7.0.30' ],
3141 silly audit   '@tufjs/models': [ '4.1.0' ],
3141 silly audit   '@tufjs/canonical-json': [ '2.0.0' ],
3141 silly audit   'media-typer': [ '1.1.0' ],
3141 silly audit   escalade: [ '3.2.0' ],
3141 silly audit   fsevents: [ '2.3.3' ],
3141 silly audit   rollup: [ '4.60.4' ],
3141 silly audit   '@rollup/rollup-android-arm-eabi': [ '4.60.4' ],
3141 silly audit   '@rollup/rollup-android-arm64': [ '4.60.4' ],
3141 silly audit   '@rollup/rollup-darwin-arm64': [ '4.60.4' ],
3141 silly audit   '@rollup/rollup-darwin-x64': [ '4.60.4' ],
3141 silly audit   '@rollup/rollup-freebsd-arm64': [ '4.60.4' ],
3141 silly audit   '@rollup/rollup-freebsd-x64': [ '4.60.4' ],
3141 silly audit   '@rollup/rollup-linux-arm-gnueabihf': [ '4.60.4' ],
3141 silly audit   '@rollup/rollup-linux-arm-musleabihf': [ '4.60.4' ],
3141 silly audit   '@rollup/rollup-linux-arm64-gnu': [ '4.60.4' ],
3141 silly audit   '@rollup/rollup-linux-arm64-musl': [ '4.60.4' ],
3141 silly audit   '@rollup/rollup-linux-loong64-gnu': [ '4.60.4' ],
3141 silly audit   '@rollup/rollup-linux-loong64-musl': [ '4.60.4' ],
3141 silly audit   '@rollup/rollup-linux-ppc64-gnu': [ '4.60.4' ],
3141 silly audit   '@rollup/rollup-linux-ppc64-musl': [ '4.60.4' ],
3141 silly audit   '@rollup/rollup-linux-riscv64-gnu': [ '4.60.4' ],
3141 silly audit   '@rollup/rollup-linux-riscv64-musl': [ '4.60.4' ],
3141 silly audit   '@rollup/rollup-linux-s390x-gnu': [ '4.60.4' ],
3141 silly audit   '@rollup/rollup-linux-x64-gnu': [ '4.60.4' ],
3141 silly audit   '@rollup/rollup-linux-x64-musl': [ '4.60.4' ],
3141 silly audit   '@rollup/rollup-openbsd-x64': [ '4.60.4' ],
3141 silly audit   '@rollup/rollup-openharmony-arm64': [ '4.60.4' ],
3141 silly audit   '@rollup/rollup-win32-arm64-msvc': [ '4.60.4' ],
3141 silly audit   '@rollup/rollup-win32-ia32-msvc': [ '4.60.4' ],
3141 silly audit   '@rollup/rollup-win32-x64-gnu': [ '4.60.4' ],
3141 silly audit   '@rollup/rollup-win32-x64-msvc': [ '4.60.4' ],
3141 silly audit   '@types/estree': [ '1.0.8' ],
3141 silly audit   '@vitest/expect': [ '4.1.6' ],
3141 silly audit   '@vitest/mocker': [ '4.1.6' ],
3141 silly audit   '@vitest/pretty-format': [ '4.1.6' ],
3141 silly audit   '@vitest/runner': [ '4.1.6' ],
3141 silly audit   '@vitest/snapshot': [ '4.1.6' ],
3141 silly audit   '@vitest/spy': [ '4.1.6' ],
3141 silly audit   '@vitest/utils': [ '4.1.6' ],
3141 silly audit   'es-module-lexer': [ '2.1.0' ],
3141 silly audit   'expect-type': [ '1.3.0' ],
3141 silly audit   obug: [ '2.1.1' ],
3141 silly audit   pathe: [ '2.0.3' ],
3141 silly audit   'std-env': [ '4.1.0' ],
3141 silly audit   tinybench: [ '2.9.0' ],
3141 silly audit   tinyexec: [ '1.1.2' ],
3141 silly audit   tinyrainbow: [ '3.1.0' ],
3141 silly audit   'why-is-node-running': [ '2.3.0' ],
3141 silly audit   '@types/chai': [ '5.2.3' ],
3141 silly audit   chai: [ '6.2.2' ],
3141 silly audit   '@types/deep-eql': [ '4.0.2' ],
3141 silly audit   'assertion-error': [ '2.0.1' ],
3141 silly audit   'estree-walker': [ '3.0.3' ],
3141 silly audit   'glob-to-regexp': [ '0.4.1' ],
3141 silly audit   tr46: [ '6.0.0' ],
3141 silly audit   punycode: [ '2.3.1' ],
3141 silly audit   isexe: [ '2.0.0', '4.0.0' ],
3141 silly audit   siginfo: [ '2.0.0' ],
3141 silly audit   stackback: [ '0.0.2' ],
3141 silly audit   cliui: [ '9.0.1' ],
3141 silly audit   'get-caller-file': [ '2.0.5' ],
3141 silly audit   y18n: [ '5.0.8' ],
3141 silly audit   'yargs-parser': [ '22.0.0' ],
3141 silly audit   'emoji-regex': [ '10.6.0', '8.0.0' ],
3141 silly audit   'color-convert': [ '2.0.1' ],
3141 silly audit   'color-name': [ '1.1.4' ]
3141 silly audit }
3142 http cache color-convert@https://registry.npmjs.org/color-convert/-/color-convert-2.0.1.tgz 0ms (cache hit)
3143 http cache emoji-regex@https://registry.npmjs.org/emoji-regex/-/emoji-regex-10.6.0.tgz 0ms (cache hit)
3144 http cache yargs-parser@https://registry.npmjs.org/yargs-parser/-/yargs-parser-22.0.0.tgz 0ms (cache hit)
3145 http cache color-name@https://registry.npmjs.org/color-name/-/color-name-1.1.4.tgz 0ms (cache hit)
3146 http cache cliui@https://registry.npmjs.org/cliui/-/cliui-9.0.1.tgz 0ms (cache hit)
3147 http cache stackback@https://registry.npmjs.org/stackback/-/stackback-0.0.2.tgz 0ms (cache hit)
3148 http cache y18n@https://registry.npmjs.org/y18n/-/y18n-5.0.8.tgz 0ms (cache hit)
3149 http cache get-caller-file@https://registry.npmjs.org/get-caller-file/-/get-caller-file-2.0.5.tgz 0ms (cache hit)
3150 http cache isexe@https://registry.npmjs.org/isexe/-/isexe-2.0.0.tgz 0ms (cache hit)
3151 http cache tr46@https://registry.npmjs.org/tr46/-/tr46-6.0.0.tgz 0ms (cache hit)
3152 http cache siginfo@https://registry.npmjs.org/siginfo/-/siginfo-2.0.0.tgz 0ms (cache hit)
3153 http cache punycode@https://registry.npmjs.org/punycode/-/punycode-2.3.1.tgz 0ms (cache hit)
3154 http cache estree-walker@https://registry.npmjs.org/estree-walker/-/estree-walker-3.0.3.tgz 0ms (cache hit)
3155 http cache assertion-error@https://registry.npmjs.org/assertion-error/-/assertion-error-2.0.1.tgz 0ms (cache hit)
3156 http cache chai@https://registry.npmjs.org/chai/-/chai-6.2.2.tgz 0ms (cache hit)
3157 http cache @types/deep-eql@https://registry.npmjs.org/@types/deep-eql/-/deep-eql-4.0.2.tgz 0ms (cache hit)
3158 http cache @types/chai@https://registry.npmjs.org/@types/chai/-/chai-5.2.3.tgz 0ms (cache hit)
3159 http cache glob-to-regexp@https://registry.npmjs.org/glob-to-regexp/-/glob-to-regexp-0.4.1.tgz 0ms (cache hit)
3160 http cache tinyexec@https://registry.npmjs.org/tinyexec/-/tinyexec-1.1.2.tgz 0ms (cache hit)
3161 http cache tinyrainbow@https://registry.npmjs.org/tinyrainbow/-/tinyrainbow-3.1.0.tgz 0ms (cache hit)
3162 http cache tinybench@https://registry.npmjs.org/tinybench/-/tinybench-2.9.0.tgz 0ms (cache hit)
3163 http cache std-env@https://registry.npmjs.org/std-env/-/std-env-4.1.0.tgz 0ms (cache hit)
3164 http cache pathe@https://registry.npmjs.org/pathe/-/pathe-2.0.3.tgz 0ms (cache hit)
3165 http cache @vitest/utils@https://registry.npmjs.org/@vitest/utils/-/utils-4.1.6.tgz 0ms (cache hit)
3166 http cache @vitest/spy@https://registry.npmjs.org/@vitest/spy/-/spy-4.1.6.tgz 0ms (cache hit)
3167 http cache @vitest/runner@https://registry.npmjs.org/@vitest/runner/-/runner-4.1.6.tgz 0ms (cache hit)
3168 http cache obug@https://registry.npmjs.org/obug/-/obug-2.1.1.tgz 0ms (cache hit)
3169 http cache expect-type@https://registry.npmjs.org/expect-type/-/expect-type-1.3.0.tgz 0ms (cache hit)
3170 http cache es-module-lexer@https://registry.npmjs.org/es-module-lexer/-/es-module-lexer-2.1.0.tgz 0ms (cache hit)
3171 http cache @vitest/snapshot@https://registry.npmjs.org/@vitest/snapshot/-/snapshot-4.1.6.tgz 0ms (cache hit)
3172 http cache @types/estree@https://registry.npmjs.org/@types/estree/-/estree-1.0.8.tgz 0ms (cache hit)
3173 http cache @vitest/pretty-format@https://registry.npmjs.org/@vitest/pretty-format/-/pretty-format-4.1.6.tgz 1ms (cache hit)
3174 http cache @rollup/rollup-win32-x64-msvc@https://registry.npmjs.org/@rollup/rollup-win32-x64-msvc/-/rollup-win32-x64-msvc-4.60.4.tgz 0ms (cache hit)
3175 http cache @vitest/mocker@https://registry.npmjs.org/@vitest/mocker/-/mocker-4.1.6.tgz 0ms (cache hit)
3176 http cache @vitest/expect@https://registry.npmjs.org/@vitest/expect/-/expect-4.1.6.tgz 0ms (cache hit)
3177 http cache @rollup/rollup-win32-x64-gnu@https://registry.npmjs.org/@rollup/rollup-win32-x64-gnu/-/rollup-win32-x64-gnu-4.60.4.tgz 0ms (cache hit)
3178 http cache @tufjs/models@https://registry.npmjs.org/@tufjs/models/-/models-4.1.0.tgz 0ms (cache hit)
3179 http cache rollup@https://registry.npmjs.org/rollup/-/rollup-4.60.4.tgz 0ms (cache hit)
3180 http cache escalade@https://registry.npmjs.org/escalade/-/escalade-3.2.0.tgz 0ms (cache hit)
3181 http cache media-typer@https://registry.npmjs.org/media-typer/-/media-typer-1.1.0.tgz 0ms (cache hit)
3182 http cache @isaacs/fs-minipass@https://registry.npmjs.org/@isaacs/fs-minipass/-/fs-minipass-4.0.1.tgz 0ms (cache hit)
3183 http cache why-is-node-running@https://registry.npmjs.org/why-is-node-running/-/why-is-node-running-2.3.0.tgz 0ms (cache hit)
3184 http cache tldts-core@https://registry.npmjs.org/tldts-core/-/tldts-core-7.0.30.tgz 0ms (cache hit)
3185 http cache tldts@https://registry.npmjs.org/tldts/-/tldts-7.0.30.tgz 0ms (cache hit)
3186 http cache fdir@https://registry.npmjs.org/fdir/-/fdir-6.5.0.tgz 0ms (cache hit)
3187 http cache chownr@https://registry.npmjs.org/chownr/-/chownr-3.0.0.tgz 0ms (cache hit)
3188 http cache ansi-regex@https://registry.npmjs.org/ansi-regex/-/ansi-regex-6.2.2.tgz 0ms (cache hit)
3189 http cache spdx-license-ids@https://registry.npmjs.org/spdx-license-ids/-/spdx-license-ids-3.0.23.tgz 0ms (cache hit)
3190 http cache @tufjs/canonical-json@https://registry.npmjs.org/@tufjs/canonical-json/-/canonical-json-2.0.0.tgz 0ms (cache hit)
3191 http cache spdx-exceptions@https://registry.npmjs.org/spdx-exceptions/-/spdx-exceptions-2.5.0.tgz 0ms (cache hit)
3192 http cache buffer-from@https://registry.npmjs.org/buffer-from/-/buffer-from-1.1.2.tgz 0ms (cache hit)
3193 http cache smart-buffer@https://registry.npmjs.org/smart-buffer/-/smart-buffer-4.2.0.tgz 0ms (cache hit)
3194 http cache socks@https://registry.npmjs.org/socks/-/socks-2.8.9.tgz 0ms (cache hit)
3195 http cache @sigstore/verify@https://registry.npmjs.org/@sigstore/verify/-/verify-3.1.0.tgz 0ms (cache hit)
3196 http cache get-east-asian-width@https://registry.npmjs.org/get-east-asian-width/-/get-east-asian-width-1.6.0.tgz 0ms (cache hit)
3197 http cache is-fullwidth-code-point@https://registry.npmjs.org/is-fullwidth-code-point/-/is-fullwidth-code-point-5.1.0.tgz 0ms (cache hit)
3198 http cache ansi-styles@https://registry.npmjs.org/ansi-styles/-/ansi-styles-6.2.3.tgz 0ms (cache hit)
3199 http cache tuf-js@https://registry.npmjs.org/tuf-js/-/tuf-js-4.1.0.tgz 1ms (cache hit)
3200 http cache @sigstore/tuf@https://registry.npmjs.org/@sigstore/tuf/-/tuf-4.0.2.tgz 0ms (cache hit)
3201 http cache @sigstore/sign@https://registry.npmjs.org/@sigstore/sign/-/sign-4.1.1.tgz 0ms (cache hit)
3202 http cache @sigstore/protobuf-specs@https://registry.npmjs.org/@sigstore/protobuf-specs/-/protobuf-specs-0.5.1.tgz 0ms (cache hit)
3203 http cache dunder-proto@https://registry.npmjs.org/dunder-proto/-/dunder-proto-1.0.1.tgz 0ms (cache hit)
3204 http cache @sigstore/core@https://registry.npmjs.org/@sigstore/core/-/core-3.2.0.tgz 0ms (cache hit)
3205 http cache math-intrinsics@https://registry.npmjs.org/math-intrinsics/-/math-intrinsics-1.1.0.tgz 0ms (cache hit)
3206 http cache @sigstore/bundle@https://registry.npmjs.org/@sigstore/bundle/-/bundle-4.0.0.tgz 0ms (cache hit)
3207 http cache hasown@https://registry.npmjs.org/hasown/-/hasown-2.0.3.tgz 0ms (cache hit)
3208 http cache gopd@https://registry.npmjs.org/gopd/-/gopd-1.2.0.tgz 0ms (cache hit)
3209 http cache has-symbols@https://registry.npmjs.org/has-symbols/-/has-symbols-1.1.0.tgz 0ms (cache hit)
3210 http cache get-proto@https://registry.npmjs.org/get-proto/-/get-proto-1.0.1.tgz 0ms (cache hit)
3211 http cache es-object-atoms@https://registry.npmjs.org/es-object-atoms/-/es-object-atoms-1.1.1.tgz 0ms (cache hit)
3212 http cache function-bind@https://registry.npmjs.org/function-bind/-/function-bind-1.1.2.tgz 0ms (cache hit)
3213 http cache es-define-property@https://registry.npmjs.org/es-define-property/-/es-define-property-1.0.1.tgz 0ms (cache hit)
3214 http cache call-bind-apply-helpers@https://registry.npmjs.org/call-bind-apply-helpers/-/call-bind-apply-helpers-1.0.2.tgz 0ms (cache hit)
3215 http cache get-intrinsic@https://registry.npmjs.org/get-intrinsic/-/get-intrinsic-1.3.0.tgz 0ms (cache hit)
3216 http cache call-bound@https://registry.npmjs.org/call-bound/-/call-bound-1.0.4.tgz 0ms (cache hit)
3217 http cache side-channel-weakmap@https://registry.npmjs.org/side-channel-weakmap/-/side-channel-weakmap-1.0.2.tgz 0ms (cache hit)
3218 http cache side-channel-list@https://registry.npmjs.org/side-channel-list/-/side-channel-list-1.0.1.tgz 0ms (cache hit)
3219 http cache side-channel-map@https://registry.npmjs.org/side-channel-map/-/side-channel-map-1.0.1.tgz 0ms (cache hit)
3220 http cache xmlchars@https://registry.npmjs.org/xmlchars/-/xmlchars-2.2.0.tgz 0ms (cache hit)
3221 http cache @parcel/watcher-win32-x64@https://registry.npmjs.org/@parcel/watcher-win32-x64/-/watcher-win32-x64-2.5.6.tgz 0ms (cache hit)
3222 http cache object-inspect@https://registry.npmjs.org/object-inspect/-/object-inspect-1.13.4.tgz 0ms (cache hit)
3223 http cache shebang-regex@https://registry.npmjs.org/shebang-regex/-/shebang-regex-3.0.0.tgz 0ms (cache hit)
3224 http cache is-glob@https://registry.npmjs.org/is-glob/-/is-glob-4.0.3.tgz 0ms (cache hit)
3225 http cache immutable@https://registry.npmjs.org/immutable/-/immutable-5.1.5.tgz 0ms (cache hit)
3226 http cache is-extglob@https://registry.npmjs.org/is-extglob/-/is-extglob-2.1.1.tgz 0ms (cache hit)
3227 http cache path-to-regexp@https://registry.npmjs.org/path-to-regexp/-/path-to-regexp-8.4.2.tgz 0ms (cache hit)
3228 http cache @parcel/watcher@https://registry.npmjs.org/@parcel/watcher/-/watcher-2.5.6.tgz 0ms (cache hit)
3229 http cache @rolldown/pluginutils@https://registry.npmjs.org/@rolldown/pluginutils/-/pluginutils-1.0.0-rc.4.tgz 0ms (cache hit)
3230 http cache is-promise@https://registry.npmjs.org/is-promise/-/is-promise-4.0.0.tgz 0ms (cache hit)
3231 http cache mimic-function@https://registry.npmjs.org/mimic-function/-/mimic-function-5.0.1.tgz 0ms (cache hit)
3232 http cache onetime@https://registry.npmjs.org/onetime/-/onetime-7.0.0.tgz 0ms (cache hit)
3233 http cache unpipe@https://registry.npmjs.org/unpipe/-/unpipe-1.0.0.tgz 0ms (cache hit)
3234 http cache forwarded@https://registry.npmjs.org/forwarded/-/forwarded-0.2.0.tgz 0ms (cache hit)
3235 http cache side-channel@https://registry.npmjs.org/side-channel/-/side-channel-1.1.0.tgz 0ms (cache hit)
3236 http cache @rolldown/binding-win32-x64-msvc@https://registry.npmjs.org/@rolldown/binding-win32-x64-msvc/-/binding-win32-x64-msvc-1.0.0-rc.4.tgz 0ms (cache hit)
3237 http cache nanoid@https://registry.npmjs.org/nanoid/-/nanoid-3.3.12.tgz 0ms (cache hit)
3238 http cache ipaddr.js@https://registry.npmjs.org/ipaddr.js/-/ipaddr.js-1.9.1.tgz 0ms (cache hit)
3239 http cache @napi-rs/nice-win32-x64-msvc@https://registry.npmjs.org/@napi-rs/nice-win32-x64-msvc/-/nice-win32-x64-msvc-1.1.1.tgz 0ms (cache hit)
3240 http cache @napi-rs/nice@https://registry.npmjs.org/@napi-rs/nice/-/nice-1.1.1.tgz 0ms (cache hit)
3241 http cache err-code@https://registry.npmjs.org/err-code/-/err-code-2.0.3.tgz 0ms (cache hit)
3242 http cache @oxc-project/types@https://registry.npmjs.org/@oxc-project/types/-/types-0.113.0.tgz 0ms (cache hit)
3243 http cache parse5-sax-parser@https://registry.npmjs.org/parse5-sax-parser/-/parse5-sax-parser-8.0.0.tgz 0ms (cache hit)
3244 http cache minipass-sized@https://registry.npmjs.org/minipass-sized/-/minipass-sized-2.0.0.tgz 0ms (cache hit)
3245 http cache es-errors@https://registry.npmjs.org/es-errors/-/es-errors-1.3.0.tgz 0ms (cache hit)
3246 http cache retry@https://registry.npmjs.org/retry/-/retry-0.12.0.tgz 0ms (cache hit)
3247 http cache http-cache-semantics@https://registry.npmjs.org/http-cache-semantics/-/http-cache-semantics-4.2.0.tgz 0ms (cache hit)
3248 http cache socks-proxy-agent@https://registry.npmjs.org/socks-proxy-agent/-/socks-proxy-agent-8.0.5.tgz 0ms (cache hit)
3249 http cache minipass-fetch@https://registry.npmjs.org/minipass-fetch/-/minipass-fetch-5.0.2.tgz 0ms (cache hit)
3250 http cache @npmcli/redact@https://registry.npmjs.org/@npmcli/redact/-/redact-4.0.0.tgz 0ms (cache hit)
3251 http cache minizlib@https://registry.npmjs.org/minizlib/-/minizlib-3.1.0.tgz 0ms (cache hit)
3252 http cache make-fetch-happen@https://registry.npmjs.org/make-fetch-happen/-/make-fetch-happen-15.0.5.tgz 0ms (cache hit)
3253 http cache jsonparse@https://registry.npmjs.org/jsonparse/-/jsonparse-1.3.1.tgz 0ms (cache hit)
3254 http cache npm-install-checks@https://registry.npmjs.org/npm-install-checks/-/npm-install-checks-8.0.0.tgz 0ms (cache hit)
3255 http cache ignore-walk@https://registry.npmjs.org/ignore-walk/-/ignore-walk-8.0.0.tgz 0ms (cache hit)
3256 http cache abbrev@https://registry.npmjs.org/abbrev/-/abbrev-4.0.0.tgz 0ms (cache hit)
3257 http cache graceful-fs@https://registry.npmjs.org/graceful-fs/-/graceful-fs-4.2.11.tgz 0ms (cache hit)
3258 http cache exponential-backoff@https://registry.npmjs.org/exponential-backoff/-/exponential-backoff-3.1.3.tgz 0ms (cache hit)
3259 http cache env-paths@https://registry.npmjs.org/env-paths/-/env-paths-2.2.1.tgz 0ms (cache hit)
3260 http cache balanced-match@https://registry.npmjs.org/balanced-match/-/balanced-match-4.0.4.tgz 0ms (cache hit)
3261 http cache path-scurry@https://registry.npmjs.org/path-scurry/-/path-scurry-2.0.2.tgz 0ms (cache hit)
3262 http cache p-map@https://registry.npmjs.org/p-map/-/p-map-7.0.4.tgz 0ms (cache hit)
3263 http cache brace-expansion@https://registry.npmjs.org/brace-expansion/-/brace-expansion-5.0.6.tgz 0ms (cache hit)
3264 http cache minipass-pipeline@https://registry.npmjs.org/minipass-pipeline/-/minipass-pipeline-1.2.4.tgz 0ms (cache hit)
3265 http cache minipass-flush@https://registry.npmjs.org/minipass-flush/-/minipass-flush-1.0.7.tgz 0ms (cache hit)
3266 http cache @npmcli/fs@https://registry.npmjs.org/@npmcli/fs/-/fs-5.0.0.tgz 0ms (cache hit)
3267 http cache minimatch@https://registry.npmjs.org/minimatch/-/minimatch-10.2.5.tgz 0ms (cache hit)
3268 http cache nopt@https://registry.npmjs.org/nopt/-/nopt-9.0.0.tgz 0ms (cache hit)
3269 http cache minipass-collect@https://registry.npmjs.org/minipass-collect/-/minipass-collect-2.0.1.tgz 0ms (cache hit)
3270 http cache node-gyp@https://registry.npmjs.org/node-gyp/-/node-gyp-12.3.0.tgz 1ms (cache hit)
3271 http cache @npmcli/node-gyp@https://registry.npmjs.org/@npmcli/node-gyp/-/node-gyp-5.0.0.tgz 0ms (cache hit)
3272 http cache spdx-expression-parse@https://registry.npmjs.org/spdx-expression-parse/-/spdx-expression-parse-4.0.0.tgz 0ms (cache hit)
3273 http cache glob@https://registry.npmjs.org/glob/-/glob-13.0.6.tgz 0ms (cache hit)
3274 http cache @gar/promise-retry@https://registry.npmjs.org/@gar/promise-retry/-/promise-retry-1.0.3.tgz 0ms (cache hit)
3275 http cache npm-normalize-package-bin@https://registry.npmjs.org/npm-normalize-package-bin/-/npm-normalize-package-bin-5.0.0.tgz 0ms (cache hit)
3276 http cache npm-bundled@https://registry.npmjs.org/npm-bundled/-/npm-bundled-5.0.0.tgz 0ms (cache hit)
3277 http cache ssri@https://registry.npmjs.org/ssri/-/ssri-13.0.1.tgz 0ms (cache hit)
3278 http cache tar@https://registry.npmjs.org/tar/-/tar-7.5.15.tgz 0ms (cache hit)
3279 http cache sigstore@https://registry.npmjs.org/sigstore/-/sigstore-4.1.0.tgz 0ms (cache hit)
3280 http cache promise-retry@https://registry.npmjs.org/promise-retry/-/promise-retry-2.0.1.tgz 0ms (cache hit)
3281 http cache npm-registry-fetch@https://registry.npmjs.org/npm-registry-fetch/-/npm-registry-fetch-19.1.1.tgz 0ms (cache hit)
3282 http cache npm-pick-manifest@https://registry.npmjs.org/npm-pick-manifest/-/npm-pick-manifest-11.0.3.tgz 0ms (cache hit)
3283 http cache minipass@https://registry.npmjs.org/minipass/-/minipass-7.1.3.tgz 0ms (cache hit)
3284 http cache npm-packlist@https://registry.npmjs.org/npm-packlist/-/npm-packlist-10.0.4.tgz 0ms (cache hit)
3285 http cache cacache@https://registry.npmjs.org/cacache/-/cacache-20.0.4.tgz 0ms (cache hit)
3286 http cache @npmcli/run-script@https://registry.npmjs.org/@npmcli/run-script/-/run-script-10.0.4.tgz 0ms (cache hit)
3287 http cache fs-minipass@https://registry.npmjs.org/fs-minipass/-/fs-minipass-3.0.3.tgz 0ms (cache hit)
3288 http cache @npmcli/promise-spawn@https://registry.npmjs.org/@npmcli/promise-spawn/-/promise-spawn-9.0.1.tgz 0ms (cache hit)
3289 http cache yoctocolors@https://registry.npmjs.org/yoctocolors/-/yoctocolors-2.1.2.tgz 0ms (cache hit)
3290 http cache @npmcli/agent@https://registry.npmjs.org/@npmcli/agent/-/agent-4.0.0.tgz 0ms (cache hit)
3291 http cache @npmcli/git@https://registry.npmjs.org/@npmcli/git/-/git-7.0.2.tgz 0ms (cache hit)
3292 http cache @npmcli/installed-package-contents@https://registry.npmjs.org/@npmcli/installed-package-contents/-/installed-package-contents-4.0.0.tgz 0ms (cache hit)
3293 http cache stdin-discarder@https://registry.npmjs.org/stdin-discarder/-/stdin-discarder-0.3.2.tgz 0ms (cache hit)
3294 http cache log-symbols@https://registry.npmjs.org/log-symbols/-/log-symbols-7.0.1.tgz 0ms (cache hit)
3295 http cache is-unicode-supported@https://registry.npmjs.org/is-unicode-supported/-/is-unicode-supported-2.1.0.tgz 0ms (cache hit)
3296 http cache is-interactive@https://registry.npmjs.org/is-interactive/-/is-interactive-2.0.0.tgz 0ms (cache hit)
3297 http cache cli-spinners@https://registry.npmjs.org/cli-spinners/-/cli-spinners-3.4.0.tgz 0ms (cache hit)
3298 http cache validate-npm-package-name@https://registry.npmjs.org/validate-npm-package-name/-/validate-npm-package-name-7.0.2.tgz 0ms (cache hit)
3299 http cache wrappy@https://registry.npmjs.org/wrappy/-/wrappy-1.0.2.tgz 0ms (cache hit)
3300 http cache chalk@https://registry.npmjs.org/chalk/-/chalk-5.6.2.tgz 0ms (cache hit)
3301 http cache proc-log@https://registry.npmjs.org/proc-log/-/proc-log-6.1.0.tgz 0ms (cache hit)
3302 http cache ee-first@https://registry.npmjs.org/ee-first/-/ee-first-1.1.1.tgz 0ms (cache hit)
3303 http cache hosted-git-info@https://registry.npmjs.org/hosted-git-info/-/hosted-git-info-9.0.3.tgz 0ms (cache hit)
3304 http cache detect-libc@https://registry.npmjs.org/detect-libc/-/detect-libc-2.1.2.tgz 0ms (cache hit)
3305 http cache @msgpackr-extract/msgpackr-extract-win32-x64@https://registry.npmjs.org/@msgpackr-extract/msgpackr-extract-win32-x64/-/msgpackr-extract-win32-x64-3.0.3.tgz 0ms (cache hit)
3306 http cache msgpackr-extract@https://registry.npmjs.org/msgpackr-extract/-/msgpackr-extract-3.0.3.tgz 0ms (cache hit)
3307 http cache mime-db@https://registry.npmjs.org/mime-db/-/mime-db-1.54.0.tgz 0ms (cache hit)
3308 http cache yallist@https://registry.npmjs.org/yallist/-/yallist-3.1.1.tgz 0ms (cache hit)
3309 http cache environment@https://registry.npmjs.org/environment/-/environment-1.1.0.tgz 0ms (cache hit)
3310 http cache restore-cursor@https://registry.npmjs.org/restore-cursor/-/restore-cursor-5.1.0.tgz 0ms (cache hit)
3311 http cache strip-ansi@https://registry.npmjs.org/strip-ansi/-/strip-ansi-7.2.0.tgz 0ms (cache hit)
3312 http cache cli-cursor@https://registry.npmjs.org/cli-cursor/-/cli-cursor-5.0.0.tgz 0ms (cache hit)
3313 http cache ansi-escapes@https://registry.npmjs.org/ansi-escapes/-/ansi-escapes-7.3.0.tgz 0ms (cache hit)
3314 http cache @lmdb/lmdb-win32-x64@https://registry.npmjs.org/@lmdb/lmdb-win32-x64/-/lmdb-win32-x64-3.5.1.tgz 0ms (cache hit)
3315 http cache weak-lru-cache@https://registry.npmjs.org/weak-lru-cache/-/weak-lru-cache-1.2.2.tgz 0ms (cache hit)
3316 http cache @harperfast/extended-iterable@https://registry.npmjs.org/@harperfast/extended-iterable/-/extended-iterable-1.0.3.tgz 0ms (cache hit)
3317 http cache node-gyp-build-optional-packages@https://registry.npmjs.org/node-gyp-build-optional-packages/-/node-gyp-build-optional-packages-5.2.2.tgz 0ms (cache hit)
3318 http cache msgpackr@https://registry.npmjs.org/msgpackr/-/msgpackr-1.11.12.tgz 0ms (cache hit)
3319 http cache node-addon-api@https://registry.npmjs.org/node-addon-api/-/node-addon-api-6.1.0.tgz 0ms (cache hit)
3320 http cache string-width@https://registry.npmjs.org/string-width/-/string-width-8.2.1.tgz 0ms (cache hit)
3321 http cache rfdc@https://registry.npmjs.org/rfdc/-/rfdc-1.4.1.tgz 0ms (cache hit)
3322 http cache eventemitter3@https://registry.npmjs.org/eventemitter3/-/eventemitter3-5.0.4.tgz 0ms (cache hit)
3323 http cache ordered-binary@https://registry.npmjs.org/ordered-binary/-/ordered-binary-1.6.1.tgz 0ms (cache hit)
3324 http cache slice-ansi@https://registry.npmjs.org/slice-ansi/-/slice-ansi-8.0.0.tgz 0ms (cache hit)
3325 http cache json-parse-even-better-errors@https://registry.npmjs.org/json-parse-even-better-errors/-/json-parse-even-better-errors-5.0.0.tgz 0ms (cache hit)
3326 http cache log-update@https://registry.npmjs.org/log-update/-/log-update-6.1.0.tgz 0ms (cache hit)
3327 http cache colorette@https://registry.npmjs.org/colorette/-/colorette-2.0.20.tgz 0ms (cache hit)
3328 http cache @csstools/color-helpers@https://registry.npmjs.org/@csstools/color-helpers/-/color-helpers-6.0.2.tgz 0ms (cache hit)
3329 http cache @csstools/css-color-parser@https://registry.npmjs.org/@csstools/css-color-parser/-/css-color-parser-4.1.1.tgz 0ms (cache hit)
3330 http cache @csstools/css-tokenizer@https://registry.npmjs.org/@csstools/css-tokenizer/-/css-tokenizer-4.0.0.tgz 0ms (cache hit)
3331 http cache @csstools/css-parser-algorithms@https://registry.npmjs.org/@csstools/css-parser-algorithms/-/css-parser-algorithms-4.0.0.tgz 0ms (cache hit)
3332 http cache @asamuzakjp/generational-cache@https://registry.npmjs.org/@asamuzakjp/generational-cache/-/generational-cache-1.0.1.tgz 0ms (cache hit)
3333 http cache @csstools/css-syntax-patches-for-csstree@https://registry.npmjs.org/@csstools/css-syntax-patches-for-csstree/-/css-syntax-patches-for-csstree-1.1.4.tgz 0ms (cache hit)
3334 http cache @asamuzakjp/css-color@https://registry.npmjs.org/@asamuzakjp/css-color/-/css-color-5.1.11.tgz 0ms (cache hit)
3335 http cache source-map-js@https://registry.npmjs.org/source-map-js/-/source-map-js-1.2.1.tgz 0ms (cache hit)
3336 http cache @npmcli/package-json@https://registry.npmjs.org/@npmcli/package-json/-/package-json-7.0.5.tgz 0ms (cache hit)
3337 http cache @asamuzakjp/nwsapi@https://registry.npmjs.org/@asamuzakjp/nwsapi/-/nwsapi-2.3.9.tgz 0ms (cache hit)
3338 http cache css-tree@https://registry.npmjs.org/css-tree/-/css-tree-3.2.1.tgz 0ms (cache hit)
3339 http cache bidi-js@https://registry.npmjs.org/bidi-js/-/bidi-js-1.0.3.tgz 0ms (cache hit)
3340 http cache xml-name-validator@https://registry.npmjs.org/xml-name-validator/-/xml-name-validator-5.0.0.tgz 0ms (cache hit)
3341 http cache whatwg-mimetype@https://registry.npmjs.org/whatwg-mimetype/-/whatwg-mimetype-5.0.0.tgz 0ms (cache hit)
3342 http cache whatwg-url@https://registry.npmjs.org/whatwg-url/-/whatwg-url-16.0.1.tgz 0ms (cache hit)
3343 http cache @csstools/css-calc@https://registry.npmjs.org/@csstools/css-calc/-/css-calc-3.2.1.tgz 0ms (cache hit)
3344 http cache webidl-conversions@https://registry.npmjs.org/webidl-conversions/-/webidl-conversions-8.0.1.tgz 0ms (cache hit)
3345 http cache w3c-xmlserializer@https://registry.npmjs.org/w3c-xmlserializer/-/w3c-xmlserializer-5.0.0.tgz 0ms (cache hit)
3346 http cache tough-cookie@https://registry.npmjs.org/tough-cookie/-/tough-cookie-6.0.1.tgz 0ms (cache hit)
3347 http cache symbol-tree@https://registry.npmjs.org/symbol-tree/-/symbol-tree-3.2.4.tgz 0ms (cache hit)
3348 http cache saxes@https://registry.npmjs.org/saxes/-/saxes-6.0.0.tgz 0ms (cache hit)
3349 http cache parse5@https://registry.npmjs.org/parse5/-/parse5-8.0.1.tgz 0ms (cache hit)
3350 http cache is-potential-custom-element-name@https://registry.npmjs.org/is-potential-custom-element-name/-/is-potential-custom-element-name-1.0.1.tgz 0ms (cache hit)
3351 http cache http-proxy-agent@https://registry.npmjs.org/http-proxy-agent/-/http-proxy-agent-7.0.2.tgz 0ms (cache hit)
3352 http cache html-encoding-sniffer@https://registry.npmjs.org/html-encoding-sniffer/-/html-encoding-sniffer-6.0.0.tgz 0ms (cache hit)
3353 http cache data-urls@https://registry.npmjs.org/data-urls/-/data-urls-7.0.0.tgz 0ms (cache hit)
3354 http cache decimal.js@https://registry.npmjs.org/decimal.js/-/decimal.js-10.6.0.tgz 0ms (cache hit)
3355 http cache @asamuzakjp/dom-selector@https://registry.npmjs.org/@asamuzakjp/dom-selector/-/dom-selector-6.8.1.tgz 0ms (cache hit)
3356 http cache @bramus/specificity@https://registry.npmjs.org/@bramus/specificity/-/specificity-2.4.2.tgz 0ms (cache hit)
3357 http cache mdn-data@https://registry.npmjs.org/mdn-data/-/mdn-data-2.27.1.tgz 0ms (cache hit)
3358 http cache @acemir/cssom@https://registry.npmjs.org/@acemir/cssom/-/cssom-0.9.31.tgz 0ms (cache hit)
3359 http cache @exodus/bytes@https://registry.npmjs.org/@exodus/bytes/-/bytes-1.15.0.tgz 0ms (cache hit)
3360 http cache @istanbuljs/schema@https://registry.npmjs.org/@istanbuljs/schema/-/schema-0.1.6.tgz 0ms (cache hit)
3361 http cache istanbul-lib-coverage@https://registry.npmjs.org/istanbul-lib-coverage/-/istanbul-lib-coverage-3.2.2.tgz 0ms (cache hit)
3362 http cache safer-buffer@https://registry.npmjs.org/safer-buffer/-/safer-buffer-2.1.2.tgz 0ms (cache hit)
3363 http cache agent-base@https://registry.npmjs.org/agent-base/-/agent-base-7.1.4.tgz 0ms (cache hit)
3364 http cache toidentifier@https://registry.npmjs.org/toidentifier/-/toidentifier-1.0.1.tgz 0ms (cache hit)
3365 http cache inherits@https://registry.npmjs.org/inherits/-/inherits-2.0.4.tgz 0ms (cache hit)
3366 http cache setprototypeof@https://registry.npmjs.org/setprototypeof/-/setprototypeof-1.2.0.tgz 0ms (cache hit)
3367 http cache ip-address@https://registry.npmjs.org/ip-address/-/ip-address-10.2.0.tgz 0ms (cache hit)
3368 http cache bytes@https://registry.npmjs.org/bytes/-/bytes-3.1.2.tgz 0ms (cache hit)
3369 http cache negotiator@https://registry.npmjs.org/negotiator/-/negotiator-1.0.0.tgz 0ms (cache hit)
3370 http cache type-is@https://registry.npmjs.org/type-is/-/type-is-2.1.0.tgz 0ms (cache hit)
3371 http cache statuses@https://registry.npmjs.org/statuses/-/statuses-2.0.2.tgz 0ms (cache hit)
3372 http cache send@https://registry.npmjs.org/send/-/send-1.2.1.tgz 0ms (cache hit)
3373 http cache router@https://registry.npmjs.org/router/-/router-2.2.0.tgz 0ms (cache hit)
3374 http cache range-parser@https://registry.npmjs.org/range-parser/-/range-parser-1.2.1.tgz 0ms (cache hit)
3375 http cache qs@https://registry.npmjs.org/qs/-/qs-6.15.2.tgz 0ms (cache hit)
3376 http cache proxy-addr@https://registry.npmjs.org/proxy-addr/-/proxy-addr-2.0.7.tgz 0ms (cache hit)
3377 http cache serve-static@https://registry.npmjs.org/serve-static/-/serve-static-2.2.1.tgz 0ms (cache hit)
3378 http cache parseurl@https://registry.npmjs.org/parseurl/-/parseurl-1.3.3.tgz 0ms (cache hit)
3379 http cache on-finished@https://registry.npmjs.org/on-finished/-/on-finished-2.4.1.tgz 0ms (cache hit)
3380 http cache once@https://registry.npmjs.org/once/-/once-1.4.0.tgz 0ms (cache hit)
3381 http cache mime-types@https://registry.npmjs.org/mime-types/-/mime-types-3.0.2.tgz 0ms (cache hit)
3382 http cache merge-descriptors@https://registry.npmjs.org/merge-descriptors/-/merge-descriptors-2.0.0.tgz 0ms (cache hit)
3383 http cache http-errors@https://registry.npmjs.org/http-errors/-/http-errors-2.0.1.tgz 0ms (cache hit)
3384 http cache fresh@https://registry.npmjs.org/fresh/-/fresh-2.0.0.tgz 0ms (cache hit)
3385 http cache cssstyle@https://registry.npmjs.org/cssstyle/-/cssstyle-6.2.0.tgz 0ms (cache hit)
3386 http cache finalhandler@https://registry.npmjs.org/finalhandler/-/finalhandler-2.1.1.tgz 0ms (cache hit)
3387 http cache escape-html@https://registry.npmjs.org/escape-html/-/escape-html-1.0.3.tgz 0ms (cache hit)
3388 http cache etag@https://registry.npmjs.org/etag/-/etag-1.8.1.tgz 0ms (cache hit)
3389 http cache encodeurl@https://registry.npmjs.org/encodeurl/-/encodeurl-2.0.0.tgz 0ms (cache hit)
3390 http cache depd@https://registry.npmjs.org/depd/-/depd-2.0.0.tgz 0ms (cache hit)
3391 http cache cookie-signature@https://registry.npmjs.org/cookie-signature/-/cookie-signature-1.2.2.tgz 0ms (cache hit)
3392 http cache content-disposition@https://registry.npmjs.org/content-disposition/-/content-disposition-1.1.0.tgz 0ms (cache hit)
3393 http cache accepts@https://registry.npmjs.org/accepts/-/accepts-2.0.0.tgz 1ms (cache hit)
3394 http cache @esbuild/win32-x64@https://registry.npmjs.org/@esbuild/win32-x64/-/win32-x64-0.27.3.tgz 0ms (cache hit)
3395 http cache body-parser@https://registry.npmjs.org/body-parser/-/body-parser-2.2.2.tgz 0ms (cache hit)
3396 http cache domelementtype@https://registry.npmjs.org/domelementtype/-/domelementtype-2.3.0.tgz 0ms (cache hit)
3397 http cache ms@https://registry.npmjs.org/ms/-/ms-2.1.3.tgz 0ms (cache hit)
3398 http cache nth-check@https://registry.npmjs.org/nth-check/-/nth-check-2.1.1.tgz 0ms (cache hit)
3399 http cache which@https://registry.npmjs.org/which/-/which-2.0.2.tgz 0ms (cache hit)
3400 http cache domutils@https://registry.npmjs.org/domutils/-/domutils-3.2.2.tgz 0ms (cache hit)
3401 http cache entities@https://registry.npmjs.org/entities/-/entities-4.5.0.tgz 0ms (cache hit)
3402 http cache boolbase@https://registry.npmjs.org/boolbase/-/boolbase-1.0.0.tgz 0ms (cache hit)
3403 http cache path-key@https://registry.npmjs.org/path-key/-/path-key-3.1.1.tgz 0ms (cache hit)
3404 http cache shebang-command@https://registry.npmjs.org/shebang-command/-/shebang-command-2.0.0.tgz 0ms (cache hit)
3405 http cache object-assign@https://registry.npmjs.org/object-assign/-/object-assign-4.1.1.tgz 0ms (cache hit)
3406 http cache readdirp@https://registry.npmjs.org/readdirp/-/readdirp-5.0.0.tgz 0ms (cache hit)
3407 http cache vary@https://registry.npmjs.org/vary/-/vary-1.1.2.tgz 0ms (cache hit)
3408 http cache update-browserslist-db@https://registry.npmjs.org/update-browserslist-db/-/update-browserslist-db-1.2.3.tgz 0ms (cache hit)
3409 http cache node-releases@https://registry.npmjs.org/node-releases/-/node-releases-2.0.44.tgz 0ms (cache hit)
3410 http cache electron-to-chromium@https://registry.npmjs.org/electron-to-chromium/-/electron-to-chromium-1.5.359.tgz 0ms (cache hit)
3411 http cache caniuse-lite@https://registry.npmjs.org/caniuse-lite/-/caniuse-lite-1.0.30001793.tgz 0ms (cache hit)
3412 http cache baseline-browser-mapping@https://registry.npmjs.org/baseline-browser-mapping/-/baseline-browser-mapping-2.10.31.tgz 0ms (cache hit)
3413 http cache postcss-safe-parser@https://registry.npmjs.org/postcss-safe-parser/-/postcss-safe-parser-7.0.1.tgz 0ms (cache hit)
3414 http cache cookie@https://registry.npmjs.org/cookie/-/cookie-0.7.2.tgz 0ms (cache hit)
3415 http cache postcss-media-query-parser@https://registry.npmjs.org/postcss-media-query-parser/-/postcss-media-query-parser-0.2.3.tgz 0ms (cache hit)
3416 http cache postcss@https://registry.npmjs.org/postcss/-/postcss-8.5.15.tgz 0ms (cache hit)
3417 http cache htmlparser2@https://registry.npmjs.org/htmlparser2/-/htmlparser2-10.1.0.tgz 0ms (cache hit)
3418 http cache domhandler@https://registry.npmjs.org/domhandler/-/domhandler-5.0.3.tgz 0ms (cache hit)
3419 http cache dom-serializer@https://registry.npmjs.org/dom-serializer/-/dom-serializer-2.0.0.tgz 0ms (cache hit)
3420 http cache css-what@https://registry.npmjs.org/css-what/-/css-what-7.0.0.tgz 0ms (cache hit)
3421 http cache css-select@https://registry.npmjs.org/css-select/-/css-select-6.0.0.tgz 0ms (cache hit)
3422 http cache @algolia/requester-node-http@https://registry.npmjs.org/@algolia/requester-node-http/-/requester-node-http-5.48.1.tgz 0ms (cache hit)
3423 http cache @algolia/requester-fetch@https://registry.npmjs.org/@algolia/requester-fetch/-/requester-fetch-5.48.1.tgz 0ms (cache hit)
3424 http cache @algolia/requester-browser-xhr@https://registry.npmjs.org/@algolia/requester-browser-xhr/-/requester-browser-xhr-5.48.1.tgz 0ms (cache hit)
3425 http cache @algolia/monitoring@https://registry.npmjs.org/@algolia/monitoring/-/monitoring-1.48.1.tgz 0ms (cache hit)
3426 http cache @algolia/client-query-suggestions@https://registry.npmjs.org/@algolia/client-query-suggestions/-/client-query-suggestions-5.48.1.tgz 0ms (cache hit)
3427 http cache @algolia/client-search@https://registry.npmjs.org/@algolia/client-search/-/client-search-5.48.1.tgz 0ms (cache hit)
3428 http cache @algolia/ingestion@https://registry.npmjs.org/@algolia/ingestion/-/ingestion-1.48.1.tgz 0ms (cache hit)
3429 http cache @algolia/client-personalization@https://registry.npmjs.org/@algolia/client-personalization/-/client-personalization-5.48.1.tgz 0ms (cache hit)
3430 http cache @algolia/recommend@https://registry.npmjs.org/@algolia/recommend/-/recommend-5.48.1.tgz 0ms (cache hit)
3431 http cache @algolia/client-insights@https://registry.npmjs.org/@algolia/client-insights/-/client-insights-5.48.1.tgz 0ms (cache hit)
3432 http cache @algolia/client-common@https://registry.npmjs.org/@algolia/client-common/-/client-common-5.48.1.tgz 0ms (cache hit)
3433 http cache @algolia/client-analytics@https://registry.npmjs.org/@algolia/client-analytics/-/client-analytics-5.48.1.tgz 0ms (cache hit)
3434 http cache require-from-string@https://registry.npmjs.org/require-from-string/-/require-from-string-2.0.2.tgz 0ms (cache hit)
3435 http cache @algolia/abtesting@https://registry.npmjs.org/@algolia/abtesting/-/abtesting-1.14.1.tgz 0ms (cache hit)
3436 http cache @algolia/client-abtesting@https://registry.npmjs.org/@algolia/client-abtesting/-/client-abtesting-5.48.1.tgz 0ms (cache hit)
3437 http cache fast-uri@https://registry.npmjs.org/fast-uri/-/fast-uri-3.1.2.tgz 0ms (cache hit)
3438 http cache json-schema-traverse@https://registry.npmjs.org/json-schema-traverse/-/json-schema-traverse-1.0.0.tgz 0ms (cache hit)
3439 http cache zod-to-json-schema@https://registry.npmjs.org/zod-to-json-schema/-/zod-to-json-schema-3.25.2.tgz 0ms (cache hit)
3440 http cache raw-body@https://registry.npmjs.org/raw-body/-/raw-body-3.0.2.tgz 0ms (cache hit)
3441 http cache json-schema-typed@https://registry.npmjs.org/json-schema-typed/-/json-schema-typed-8.0.2.tgz 0ms (cache hit)
3442 http cache fast-deep-equal@https://registry.npmjs.org/fast-deep-equal/-/fast-deep-equal-3.1.3.tgz 0ms (cache hit)
3443 http cache cli-truncate@https://registry.npmjs.org/cli-truncate/-/cli-truncate-5.2.0.tgz 0ms (cache hit)
3444 http cache jose@https://registry.npmjs.org/jose/-/jose-6.2.3.tgz 0ms (cache hit)
3445 http cache eventsource-parser@https://registry.npmjs.org/eventsource-parser/-/eventsource-parser-3.0.8.tgz 0ms (cache hit)
3446 http cache express-rate-limit@https://registry.npmjs.org/express-rate-limit/-/express-rate-limit-8.5.2.tgz 0ms (cache hit)
3447 http cache pkce-challenge@https://registry.npmjs.org/pkce-challenge/-/pkce-challenge-5.0.1.tgz 0ms (cache hit)
3448 http cache cross-spawn@https://registry.npmjs.org/cross-spawn/-/cross-spawn-7.0.6.tgz 0ms (cache hit)
3449 http cache eventsource@https://registry.npmjs.org/eventsource/-/eventsource-3.0.7.tgz 0ms (cache hit)
3450 http cache express@https://registry.npmjs.org/express/-/express-5.2.1.tgz 0ms (cache hit)
3451 http cache hono@https://registry.npmjs.org/hono/-/hono-4.12.19.tgz 0ms (cache hit)
3452 http cache @hono/node-server@https://registry.npmjs.org/@hono/node-server/-/node-server-1.19.14.tgz 0ms (cache hit)
3453 http cache @jridgewell/resolve-uri@https://registry.npmjs.org/@jridgewell/resolve-uri/-/resolve-uri-3.1.2.tgz 0ms (cache hit)
3454 http cache content-type@https://registry.npmjs.org/content-type/-/content-type-1.0.5.tgz 0ms (cache hit)
3455 http cache cors@https://registry.npmjs.org/cors/-/cors-2.8.6.tgz 0ms (cache hit)
3456 http cache iconv-lite@https://registry.npmjs.org/iconv-lite/-/iconv-lite-0.7.2.tgz 0ms (cache hit)
3457 http cache chardet@https://registry.npmjs.org/chardet/-/chardet-2.1.1.tgz 0ms (cache hit)
3458 http cache @inquirer/rawlist@https://registry.npmjs.org/@inquirer/rawlist/-/rawlist-4.1.11.tgz 0ms (cache hit)
3459 http cache @inquirer/external-editor@https://registry.npmjs.org/@inquirer/external-editor/-/external-editor-1.0.3.tgz 0ms (cache hit)
3460 http cache @inquirer/select@https://registry.npmjs.org/@inquirer/select/-/select-4.4.2.tgz 0ms (cache hit)
3461 http cache @inquirer/search@https://registry.npmjs.org/@inquirer/search/-/search-3.2.2.tgz 0ms (cache hit)
3462 http cache @inquirer/password@https://registry.npmjs.org/@inquirer/password/-/password-4.0.23.tgz 0ms (cache hit)
3463 http cache @inquirer/number@https://registry.npmjs.org/@inquirer/number/-/number-3.0.23.tgz 0ms (cache hit)
3464 http cache @inquirer/input@https://registry.npmjs.org/@inquirer/input/-/input-4.3.1.tgz 0ms (cache hit)
3465 http cache @inquirer/expand@https://registry.npmjs.org/@inquirer/expand/-/expand-4.0.23.tgz 0ms (cache hit)
3466 http cache @inquirer/editor@https://registry.npmjs.org/@inquirer/editor/-/editor-4.2.23.tgz 0ms (cache hit)
3467 http cache yoctocolors-cjs@https://registry.npmjs.org/yoctocolors-cjs/-/yoctocolors-cjs-2.1.3.tgz 0ms (cache hit)
3468 http cache wrap-ansi@https://registry.npmjs.org/wrap-ansi/-/wrap-ansi-6.2.0.tgz 0ms (cache hit)
3469 http cache @inquirer/checkbox@https://registry.npmjs.org/@inquirer/checkbox/-/checkbox-4.3.2.tgz 0ms (cache hit)
3470 http cache @inquirer/figures@https://registry.npmjs.org/@inquirer/figures/-/figures-1.0.15.tgz 0ms (cache hit)
3471 http cache @inquirer/type@https://registry.npmjs.org/@inquirer/type/-/type-3.0.10.tgz 0ms (cache hit)
3472 http cache signal-exit@https://registry.npmjs.org/signal-exit/-/signal-exit-4.1.0.tgz 0ms (cache hit)
3473 http cache cli-width@https://registry.npmjs.org/cli-width/-/cli-width-4.1.0.tgz 0ms (cache hit)
3474 http cache @inquirer/core@https://registry.npmjs.org/@inquirer/core/-/core-10.3.2.tgz 0ms (cache hit)
3475 http cache lru-cache@https://registry.npmjs.org/lru-cache/-/lru-cache-5.1.1.tgz 0ms (cache hit)
3476 http cache @babel/helper-globals@https://registry.npmjs.org/@babel/helper-globals/-/helper-globals-7.28.0.tgz 0ms (cache hit)
3477 http cache @babel/helper-string-parser@https://registry.npmjs.org/@babel/helper-string-parser/-/helper-string-parser-7.27.1.tgz 0ms (cache hit)
3478 http cache @babel/helper-module-imports@https://registry.npmjs.org/@babel/helper-module-imports/-/helper-module-imports-7.28.6.tgz 0ms (cache hit)
3479 http cache @babel/helper-validator-option@https://registry.npmjs.org/@babel/helper-validator-option/-/helper-validator-option-7.27.1.tgz 0ms (cache hit)
3480 http cache picocolors@https://registry.npmjs.org/picocolors/-/picocolors-1.1.1.tgz 0ms (cache hit)
3481 http cache @babel/compat-data@https://registry.npmjs.org/@babel/compat-data/-/compat-data-7.29.3.tgz 0ms (cache hit)
3482 http cache @babel/helper-validator-identifier@https://registry.npmjs.org/@babel/helper-validator-identifier/-/helper-validator-identifier-7.28.5.tgz 0ms (cache hit)
3483 http cache jsesc@https://registry.npmjs.org/jsesc/-/jsesc-3.1.0.tgz 0ms (cache hit)
3484 http cache @jridgewell/remapping@https://registry.npmjs.org/@jridgewell/remapping/-/remapping-2.3.5.tgz 0ms (cache hit)
3485 http cache js-tokens@https://registry.npmjs.org/js-tokens/-/js-tokens-4.0.0.tgz 0ms (cache hit)
3486 http cache @babel/traverse@https://registry.npmjs.org/@babel/traverse/-/traverse-7.29.0.tgz 0ms (cache hit)
3487 http cache @babel/template@https://registry.npmjs.org/@babel/template/-/template-7.28.6.tgz 0ms (cache hit)
3488 http cache debug@https://registry.npmjs.org/debug/-/debug-4.4.3.tgz 0ms (cache hit)
3489 http cache mute-stream@https://registry.npmjs.org/mute-stream/-/mute-stream-2.0.0.tgz 0ms (cache hit)
3490 http cache gensync@https://registry.npmjs.org/gensync/-/gensync-1.0.0-beta.2.tgz 0ms (cache hit)
3491 http cache @babel/types@https://registry.npmjs.org/@babel/types/-/types-7.29.0.tgz 0ms (cache hit)
3492 http cache @babel/parser@https://registry.npmjs.org/@babel/parser/-/parser-7.29.3.tgz 0ms (cache hit)
3493 http cache @babel/helper-module-transforms@https://registry.npmjs.org/@babel/helper-module-transforms/-/helper-module-transforms-7.28.6.tgz 0ms (cache hit)
3494 http cache @babel/helpers@https://registry.npmjs.org/@babel/helpers/-/helpers-7.29.2.tgz 0ms (cache hit)
3495 http cache @babel/helper-compilation-targets@https://registry.npmjs.org/@babel/helper-compilation-targets/-/helper-compilation-targets-7.28.6.tgz 0ms (cache hit)
3496 http cache @standard-schema/spec@https://registry.npmjs.org/@standard-schema/spec/-/spec-1.1.0.tgz 0ms (cache hit)
3497 http cache reflect-metadata@https://registry.npmjs.org/reflect-metadata/-/reflect-metadata-0.2.2.tgz 0ms (cache hit)
3498 http cache @babel/generator@https://registry.npmjs.org/@babel/generator/-/generator-7.29.1.tgz 0ms (cache hit)
3499 http cache @babel/code-frame@https://registry.npmjs.org/@babel/code-frame/-/code-frame-7.29.0.tgz 0ms (cache hit)
3500 http cache json5@https://registry.npmjs.org/json5/-/json5-2.2.3.tgz 0ms (cache hit)
3501 http cache @jridgewell/sourcemap-codec@https://registry.npmjs.org/@jridgewell/sourcemap-codec/-/sourcemap-codec-1.5.5.tgz 0ms (cache hit)
3502 http cache convert-source-map@https://registry.npmjs.org/convert-source-map/-/convert-source-map-1.9.0.tgz 0ms (cache hit)
3503 http cache ora@https://registry.npmjs.org/ora/-/ora-9.3.0.tgz 0ms (cache hit)
3504 http cache pacote@https://registry.npmjs.org/pacote/-/pacote-21.3.1.tgz 0ms (cache hit)
3505 http cache yargs@https://registry.npmjs.org/yargs/-/yargs-18.0.0.tgz 0ms (cache hit)
3506 http cache ini@https://registry.npmjs.org/ini/-/ini-6.0.0.tgz 0ms (cache hit)
3507 http cache chokidar@https://registry.npmjs.org/chokidar/-/chokidar-5.0.0.tgz 0ms (cache hit)
3508 http cache algoliasearch@https://registry.npmjs.org/algoliasearch/-/algoliasearch-5.48.1.tgz 0ms (cache hit)
3509 http cache @yarnpkg/lockfile@https://registry.npmjs.org/@yarnpkg/lockfile/-/lockfile-1.1.0.tgz 0ms (cache hit)
3510 http cache @listr2/prompt-adapter-inquirer@https://registry.npmjs.org/@listr2/prompt-adapter-inquirer/-/prompt-adapter-inquirer-3.0.5.tgz 0ms (cache hit)
3511 http cache @schematics/angular@https://registry.npmjs.org/@schematics/angular/-/angular-21.2.11.tgz 0ms (cache hit)
3512 http cache @inquirer/prompts@https://registry.npmjs.org/@inquirer/prompts/-/prompts-7.10.1.tgz 0ms (cache hit)
3513 http cache @modelcontextprotocol/sdk@https://registry.npmjs.org/@modelcontextprotocol/sdk/-/sdk-1.26.0.tgz 0ms (cache hit)
3514 http cache ajv-formats@https://registry.npmjs.org/ajv-formats/-/ajv-formats-3.0.1.tgz 0ms (cache hit)
3515 http cache ajv@https://registry.npmjs.org/ajv/-/ajv-8.18.0.tgz 0ms (cache hit)
3516 http cache @jridgewell/trace-mapping@https://registry.npmjs.org/@jridgewell/trace-mapping/-/trace-mapping-0.3.31.tgz 0ms (cache hit)
3517 http cache @jridgewell/gen-mapping@https://registry.npmjs.org/@jridgewell/gen-mapping/-/gen-mapping-0.3.13.tgz 0ms (cache hit)
3518 http cache @angular-devkit/schematics@https://registry.npmjs.org/@angular-devkit/schematics/-/schematics-21.2.11.tgz 0ms (cache hit)
3519 http cache @angular-devkit/core@https://registry.npmjs.org/@angular-devkit/core/-/core-21.2.11.tgz 0ms (cache hit)
3520 http cache watchpack@https://registry.npmjs.org/watchpack/-/watchpack-2.5.1.tgz 0ms (cache hit)
3521 http cache undici@https://registry.npmjs.org/undici/-/undici-7.24.4.tgz 0ms (cache hit)
3522 http cache source-map@https://registry.npmjs.org/source-map/-/source-map-0.7.6.tgz 0ms (cache hit)
3523 http cache source-map-support@https://registry.npmjs.org/source-map-support/-/source-map-support-0.5.21.tgz 0ms (cache hit)
3524 http cache tinyglobby@https://registry.npmjs.org/tinyglobby/-/tinyglobby-0.2.15.tgz 0ms (cache hit)
3525 http cache npm-package-arg@https://registry.npmjs.org/npm-package-arg/-/npm-package-arg-13.0.2.tgz 0ms (cache hit)
3526 http cache semver@https://registry.npmjs.org/semver/-/semver-7.7.4.tgz 0ms (cache hit)
3527 http cache sass@https://registry.npmjs.org/sass/-/sass-1.97.3.tgz 0ms (cache hit)
3528 http cache rolldown@https://registry.npmjs.org/rolldown/-/rolldown-1.0.0-rc.4.tgz 0ms (cache hit)
3529 http cache parse5-html-rewriting-stream@https://registry.npmjs.org/parse5-html-rewriting-stream/-/parse5-html-rewriting-stream-8.0.0.tgz 0ms (cache hit)
3530 http cache picomatch@https://registry.npmjs.org/picomatch/-/picomatch-4.0.4.tgz 0ms (cache hit)
3531 http cache piscina@https://registry.npmjs.org/piscina/-/piscina-5.1.4.tgz 0ms (cache hit)
3532 http cache magic-string@https://registry.npmjs.org/magic-string/-/magic-string-0.30.21.tgz 0ms (cache hit)
3533 http cache mrmime@https://registry.npmjs.org/mrmime/-/mrmime-2.0.1.tgz 0ms (cache hit)
3534 http cache listr2@https://registry.npmjs.org/listr2/-/listr2-9.0.5.tgz 0ms (cache hit)
3535 http cache lmdb@https://registry.npmjs.org/lmdb/-/lmdb-3.5.1.tgz 0ms (cache hit)
3536 http cache jsonc-parser@https://registry.npmjs.org/jsonc-parser/-/jsonc-parser-3.3.1.tgz 0ms (cache hit)
3537 http cache istanbul-lib-instrument@https://registry.npmjs.org/istanbul-lib-instrument/-/istanbul-lib-instrument-6.0.3.tgz 0ms (cache hit)
3538 http cache https-proxy-agent@https://registry.npmjs.org/https-proxy-agent/-/https-proxy-agent-7.0.6.tgz 0ms (cache hit)
3539 http cache beasties@https://registry.npmjs.org/beasties/-/beasties-0.4.1.tgz 0ms (cache hit)
3540 http cache esbuild@https://registry.npmjs.org/esbuild/-/esbuild-0.27.3.tgz 0ms (cache hit)
3541 http cache @inquirer/confirm@https://registry.npmjs.org/@inquirer/confirm/-/confirm-5.1.21.tgz 0ms (cache hit)
3542 http cache browserslist@https://registry.npmjs.org/browserslist/-/browserslist-4.28.2.tgz 0ms (cache hit)
3543 http cache vite@https://registry.npmjs.org/vite/-/vite-7.3.2.tgz 0ms (cache hit)
3544 http cache @vitejs/plugin-basic-ssl@https://registry.npmjs.org/@vitejs/plugin-basic-ssl/-/plugin-basic-ssl-2.1.4.tgz 0ms (cache hit)
3545 http cache @babel/helper-annotate-as-pure@https://registry.npmjs.org/@babel/helper-annotate-as-pure/-/helper-annotate-as-pure-7.27.3.tgz 0ms (cache hit)
3546 http cache @babel/helper-split-export-declaration@https://registry.npmjs.org/@babel/helper-split-export-declaration/-/helper-split-export-declaration-7.24.7.tgz 0ms (cache hit)
3547 http cache @angular-devkit/architect@https://registry.npmjs.org/@angular-devkit/architect/-/architect-0.2102.11.tgz 0ms (cache hit)
3548 http cache @babel/core@https://registry.npmjs.org/@babel/core/-/core-7.29.0.tgz 0ms (cache hit)
3549 http cache @angular/router@https://registry.npmjs.org/@angular/router/-/router-21.2.13.tgz 0ms (cache hit)
3550 http cache @ampproject/remapping@https://registry.npmjs.org/@ampproject/remapping/-/remapping-2.3.0.tgz 0ms (cache hit)
3551 http cache @angular/platform-browser@https://registry.npmjs.org/@angular/platform-browser/-/platform-browser-21.2.13.tgz 0ms (cache hit)
3552 http cache @angular/forms@https://registry.npmjs.org/@angular/forms/-/forms-21.2.13.tgz 0ms (cache hit)
3553 http cache @angular/core@https://registry.npmjs.org/@angular/core/-/core-21.2.13.tgz 0ms (cache hit)
3554 http cache vitest@https://registry.npmjs.org/vitest/-/vitest-4.1.6.tgz 0ms (cache hit)
3555 http cache prettier@https://registry.npmjs.org/prettier/-/prettier-3.8.3.tgz 0ms (cache hit)
3556 http cache rxjs@https://registry.npmjs.org/rxjs/-/rxjs-7.8.2.tgz 0ms (cache hit)
3557 http cache tslib@https://registry.npmjs.org/tslib/-/tslib-2.8.1.tgz 0ms (cache hit)
3558 http cache typescript@https://registry.npmjs.org/typescript/-/typescript-5.9.3.tgz 0ms (cache hit)
3559 http cache @angular/common@https://registry.npmjs.org/@angular/common/-/common-21.2.13.tgz 0ms (cache hit)
3560 http cache @angular/compiler-cli@https://registry.npmjs.org/@angular/compiler-cli/-/compiler-cli-21.2.13.tgz 0ms (cache hit)
3561 http cache @angular/compiler@https://registry.npmjs.org/@angular/compiler/-/compiler-21.2.13.tgz 0ms (cache hit)
3562 http cache @angular/build@https://registry.npmjs.org/@angular/build/-/build-21.2.11.tgz 0ms (cache hit)
3563 http cache wrap-ansi@https://registry.npmjs.org/wrap-ansi/-/wrap-ansi-9.0.2.tgz 0ms (cache hit)
3564 http cache jsdom@https://registry.npmjs.org/jsdom/-/jsdom-28.1.0.tgz 0ms (cache hit)
3565 http cache string-width@https://registry.npmjs.org/string-width/-/string-width-7.2.0.tgz 0ms (cache hit)
3566 http cache convert-source-map@https://registry.npmjs.org/convert-source-map/-/convert-source-map-2.0.0.tgz 0ms (cache hit)
3567 http cache node-addon-api@https://registry.npmjs.org/node-addon-api/-/node-addon-api-7.1.1.tgz 0ms (cache hit)
3568 http cache @angular/cli@https://registry.npmjs.org/@angular/cli/-/cli-21.2.11.tgz 0ms (cache hit)
3569 http cache @inquirer/ansi@https://registry.npmjs.org/@inquirer/ansi/-/ansi-1.0.2.tgz 0ms (cache hit)
3570 http cache yallist@https://registry.npmjs.org/yallist/-/yallist-4.0.0.tgz 0ms (cache hit)
3571 http cache lru-cache@https://registry.npmjs.org/lru-cache/-/lru-cache-11.4.0.tgz 0ms (cache hit)
3572 http cache minipass@https://registry.npmjs.org/minipass/-/minipass-3.3.6.tgz 0ms (cache hit)
3573 http cache yallist@https://registry.npmjs.org/yallist/-/yallist-4.0.0.tgz 0ms (cache hit)
3574 http cache which@https://registry.npmjs.org/which/-/which-6.0.1.tgz 0ms (cache hit)
3575 http cache yallist@https://registry.npmjs.org/yallist/-/yallist-5.0.0.tgz 0ms (cache hit)
3576 http cache minipass@https://registry.npmjs.org/minipass/-/minipass-3.3.6.tgz 0ms (cache hit)
3577 http cache lru-cache@https://registry.npmjs.org/lru-cache/-/lru-cache-11.4.0.tgz 0ms (cache hit)
3578 http cache isexe@https://registry.npmjs.org/isexe/-/isexe-4.0.0.tgz 0ms (cache hit)
3579 http cache isexe@https://registry.npmjs.org/isexe/-/isexe-4.0.0.tgz 0ms (cache hit)
3580 http cache lru-cache@https://registry.npmjs.org/lru-cache/-/lru-cache-11.4.0.tgz 0ms (cache hit)
3581 http cache undici@https://registry.npmjs.org/undici/-/undici-6.25.0.tgz 0ms (cache hit)
3582 http cache which@https://registry.npmjs.org/which/-/which-6.0.1.tgz 0ms (cache hit)
3583 http cache lru-cache@https://registry.npmjs.org/lru-cache/-/lru-cache-11.4.0.tgz 0ms (cache hit)
3584 http cache entities@https://registry.npmjs.org/entities/-/entities-8.0.0.tgz 0ms (cache hit)
3585 http cache string-width@https://registry.npmjs.org/string-width/-/string-width-7.2.0.tgz 0ms (cache hit)
3586 http cache wrap-ansi@https://registry.npmjs.org/wrap-ansi/-/wrap-ansi-9.0.2.tgz 0ms (cache hit)
3587 http cache slice-ansi@https://registry.npmjs.org/slice-ansi/-/slice-ansi-7.1.2.tgz 0ms (cache hit)
3588 http cache lru-cache@https://registry.npmjs.org/lru-cache/-/lru-cache-11.4.0.tgz 0ms (cache hit)
3589 http cache content-type@https://registry.npmjs.org/content-type/-/content-type-2.0.0.tgz 0ms (cache hit)
3590 http cache entities@https://registry.npmjs.org/entities/-/entities-7.0.1.tgz 0ms (cache hit)
3591 http cache lru-cache@https://registry.npmjs.org/lru-cache/-/lru-cache-11.4.0.tgz 0ms (cache hit)
3592 http cache lru-cache@https://registry.npmjs.org/lru-cache/-/lru-cache-11.4.0.tgz 0ms (cache hit)
3593 http cache isexe@https://registry.npmjs.org/isexe/-/isexe-4.0.0.tgz 0ms (cache hit)
3594 http cache zod@https://registry.npmjs.org/zod/-/zod-4.3.6.tgz 0ms (cache hit)
3595 http cache ansi-regex@https://registry.npmjs.org/ansi-regex/-/ansi-regex-5.0.1.tgz 0ms (cache hit)
3596 http cache strip-ansi@https://registry.npmjs.org/strip-ansi/-/strip-ansi-6.0.1.tgz 0ms (cache hit)
3597 http cache is-fullwidth-code-point@https://registry.npmjs.org/is-fullwidth-code-point/-/is-fullwidth-code-point-3.0.0.tgz 0ms (cache hit)
3598 http cache emoji-regex@https://registry.npmjs.org/emoji-regex/-/emoji-regex-8.0.0.tgz 0ms (cache hit)
3599 http cache ansi-styles@https://registry.npmjs.org/ansi-styles/-/ansi-styles-4.3.0.tgz 0ms (cache hit)
3600 http cache string-width@https://registry.npmjs.org/string-width/-/string-width-4.2.3.tgz 0ms (cache hit)
3601 http cache string-width@https://registry.npmjs.org/string-width/-/string-width-7.2.0.tgz 0ms (cache hit)
3602 http cache semver@https://registry.npmjs.org/semver/-/semver-6.3.1.tgz 0ms (cache hit)
3603 http cache readdirp@https://registry.npmjs.org/readdirp/-/readdirp-4.1.2.tgz 0ms (cache hit)
3604 http cache chokidar@https://registry.npmjs.org/chokidar/-/chokidar-4.0.3.tgz 0ms (cache hit)
3605 http cache entities@https://registry.npmjs.org/entities/-/entities-6.0.1.tgz 0ms (cache hit)
3606 http cache source-map@https://registry.npmjs.org/source-map/-/source-map-0.6.1.tgz 0ms (cache hit)
3607 http cache wrap-ansi@https://registry.npmjs.org/wrap-ansi/-/wrap-ansi-9.0.2.tgz 0ms (cache hit)
3608 http cache which@https://registry.npmjs.org/which/-/which-6.0.1.tgz 0ms (cache hit)
3609 http cache string-width@https://registry.npmjs.org/string-width/-/string-width-7.2.0.tgz 0ms (cache hit)
3610 http cache semver@https://registry.npmjs.org/semver/-/semver-6.3.1.tgz 0ms (cache hit)
3611 http cache convert-source-map@https://registry.npmjs.org/convert-source-map/-/convert-source-map-2.0.0.tgz 0ms (cache hit)
3612 silly tarball no local data for postcss@https://registry.npmjs.org/postcss/-/postcss-8.5.15.tgz. Extracting by manifest.
3613 http fetch POST 200 https://registry.npmjs.org/-/npm/v1/security/advisories/bulk 2491ms
3614 silly audit report {}
3615 http fetch GET 200 https://registry.npmjs.org/postcss/-/postcss-8.5.15.tgz 8620ms (cache miss)
3616 info run @parcel/watcher@2.5.6 install node_modules/@parcel/watcher node scripts/build-from-source.js
3617 info run lmdb@3.5.1 install node_modules/lmdb node-gyp-build-optional-packages
3618 info run msgpackr-extract@3.0.3 install node_modules/msgpackr-extract node-gyp-build-optional-packages
3619 info run @parcel/watcher@2.5.6 install { code: 0, signal: null }
3620 info run lmdb@3.5.1 install { code: 0, signal: null }
3621 info run msgpackr-extract@3.0.3 install { code: 0, signal: null }
3622 info run esbuild@0.27.3 postinstall node_modules/esbuild node install.js
3623 info run esbuild@0.27.3 postinstall { code: 0, signal: null }
3624 silly ADD node_modules/color-name
3625 silly ADD node_modules/color-convert
3626 silly ADD node_modules/emoji-regex
3627 silly ADD node_modules/yargs-parser
3628 silly ADD node_modules/y18n
3629 silly ADD node_modules/get-caller-file
3630 silly ADD node_modules/cliui
3631 silly ADD node_modules/cliui/node_modules/wrap-ansi
3632 silly ADD node_modules/cliui/node_modules/string-width
3633 silly ADD node_modules/stackback
3634 silly ADD node_modules/siginfo
3635 silly ADD node_modules/isexe
3636 silly ADD node_modules/punycode
3637 silly ADD node_modules/tr46
3638 silly ADD node_modules/glob-to-regexp
3639 silly ADD node_modules/estree-walker
3640 silly ADD node_modules/assertion-error
3641 silly ADD node_modules/@types/deep-eql
3642 silly ADD node_modules/chai
3643 silly ADD node_modules/@types/chai
3644 silly ADD node_modules/why-is-node-running
3645 silly ADD node_modules/tinyrainbow
3646 silly ADD node_modules/tinyexec
3647 silly ADD node_modules/tinybench
3648 silly ADD node_modules/std-env
3649 silly ADD node_modules/pathe
3650 silly ADD node_modules/obug
3651 silly ADD node_modules/expect-type
3652 silly ADD node_modules/es-module-lexer
3653 silly ADD node_modules/@vitest/utils
3654 silly ADD node_modules/@vitest/utils/node_modules/convert-source-map
3655 silly ADD node_modules/@vitest/spy
3656 silly ADD node_modules/@vitest/snapshot
3657 silly ADD node_modules/@vitest/runner
3658 silly ADD node_modules/@vitest/pretty-format
3659 silly ADD node_modules/@vitest/mocker
3660 silly ADD node_modules/@vitest/expect
3661 silly ADD node_modules/@types/estree
3662 silly ADD node_modules/@rollup/rollup-win32-x64-msvc
3663 silly ADD node_modules/@rollup/rollup-win32-x64-gnu
3664 silly ADD node_modules/rollup
3665 silly ADD node_modules/escalade
3666 silly ADD node_modules/media-typer
3667 silly ADD node_modules/@tufjs/canonical-json
3668 silly ADD node_modules/@tufjs/models
3669 silly ADD node_modules/tldts-core
3670 silly ADD node_modules/tldts
3671 silly ADD node_modules/fdir
3672 silly ADD node_modules/chownr
3673 silly ADD node_modules/@isaacs/fs-minipass
3674 silly ADD node_modules/ansi-regex
3675 silly ADD node_modules/spdx-license-ids
3676 silly ADD node_modules/spdx-exceptions
3677 silly ADD node_modules/buffer-from
3678 silly ADD node_modules/smart-buffer
3679 silly ADD node_modules/socks
3680 silly ADD node_modules/get-east-asian-width
3681 silly ADD node_modules/is-fullwidth-code-point
3682 silly ADD node_modules/ansi-styles
3683 silly ADD node_modules/tuf-js
3684 silly ADD node_modules/@sigstore/verify
3685 silly ADD node_modules/@sigstore/tuf
3686 silly ADD node_modules/@sigstore/sign
3687 silly ADD node_modules/@sigstore/protobuf-specs
3688 silly ADD node_modules/@sigstore/core
3689 silly ADD node_modules/@sigstore/bundle
3690 silly ADD node_modules/dunder-proto
3691 silly ADD node_modules/math-intrinsics
3692 silly ADD node_modules/hasown
3693 silly ADD node_modules/has-symbols
3694 silly ADD node_modules/gopd
3695 silly ADD node_modules/get-proto
3696 silly ADD node_modules/es-object-atoms
3697 silly ADD node_modules/es-define-property
3698 silly ADD node_modules/function-bind
3699 silly ADD node_modules/call-bind-apply-helpers
3700 silly ADD node_modules/get-intrinsic
3701 silly ADD node_modules/call-bound
3702 silly ADD node_modules/side-channel-weakmap
3703 silly ADD node_modules/side-channel-map
3704 silly ADD node_modules/side-channel-list
3705 silly ADD node_modules/object-inspect
3706 silly ADD node_modules/es-errors
3707 silly ADD node_modules/shebang-regex
3708 silly ADD node_modules/xmlchars
3709 silly ADD node_modules/is-extglob
3710 silly ADD node_modules/is-glob
3711 silly ADD node_modules/@parcel/watcher-win32-x64
3712 silly ADD node_modules/immutable
3713 silly ADD node_modules/@parcel/watcher
3714 silly ADD node_modules/@parcel/watcher/node_modules/node-addon-api
3715 silly ADD node_modules/path-to-regexp
3716 silly ADD node_modules/is-promise
3717 silly ADD node_modules/@rolldown/pluginutils
3718 silly ADD node_modules/@rolldown/binding-win32-x64-msvc
3719 silly ADD node_modules/@oxc-project/types
3720 silly ADD node_modules/mimic-function
3721 silly ADD node_modules/onetime
3722 silly ADD node_modules/unpipe
3723 silly ADD node_modules/side-channel
3724 silly ADD node_modules/ipaddr.js
3725 silly ADD node_modules/forwarded
3726 silly ADD node_modules/retry
3727 silly ADD node_modules/err-code
3728 silly ADD node_modules/nanoid
3729 silly ADD node_modules/@napi-rs/nice-win32-x64-msvc
3730 silly ADD node_modules/@napi-rs/nice
3731 silly ADD node_modules/parse5-sax-parser
3732 silly ADD node_modules/minipass-sized
3733 silly ADD node_modules/socks-proxy-agent
3734 silly ADD node_modules/http-cache-semantics
3735 silly ADD node_modules/@npmcli/agent
3736 silly ADD node_modules/@npmcli/agent/node_modules/lru-cache
3737 silly ADD node_modules/minizlib
3738 silly ADD node_modules/minipass-fetch
3739 silly ADD node_modules/make-fetch-happen
3740 silly ADD node_modules/jsonparse
3741 silly ADD node_modules/@npmcli/redact
3742 silly ADD node_modules/npm-install-checks
3743 silly ADD node_modules/ignore-walk
3744 silly ADD node_modules/abbrev
3745 silly ADD node_modules/nopt
3746 silly ADD node_modules/graceful-fs
3747 silly ADD node_modules/exponential-backoff
3748 silly ADD node_modules/env-paths
3749 silly ADD node_modules/balanced-match
3750 silly ADD node_modules/brace-expansion
3751 silly ADD node_modules/path-scurry
3752 silly ADD node_modules/path-scurry/node_modules/lru-cache
3753 silly ADD node_modules/minimatch
3754 silly ADD node_modules/p-map
3755 silly ADD node_modules/minipass-pipeline
3756 silly ADD node_modules/minipass-pipeline/node_modules/yallist
3757 silly ADD node_modules/minipass-pipeline/node_modules/minipass
3758 silly ADD node_modules/minipass-flush
3759 silly ADD node_modules/minipass-flush/node_modules/yallist
3760 silly ADD node_modules/minipass-flush/node_modules/minipass
3761 silly ADD node_modules/minipass-collect
3762 silly ADD node_modules/@npmcli/fs
3763 silly ADD node_modules/node-gyp
3764 silly ADD node_modules/node-gyp/node_modules/isexe
3765 silly ADD node_modules/node-gyp/node_modules/which
3766 silly ADD node_modules/node-gyp/node_modules/undici
3767 silly ADD node_modules/@npmcli/node-gyp
3768 silly ADD node_modules/spdx-expression-parse
3769 silly ADD node_modules/json-parse-even-better-errors
3770 silly ADD node_modules/glob
3771 silly ADD node_modules/npm-normalize-package-bin
3772 silly ADD node_modules/npm-bundled
3773 silly ADD node_modules/@gar/promise-retry
3774 silly ADD node_modules/tar
3775 silly ADD node_modules/tar/node_modules/yallist
3776 silly ADD node_modules/ssri
3777 silly ADD node_modules/sigstore
3778 silly ADD node_modules/promise-retry
3779 silly ADD node_modules/npm-registry-fetch
3780 silly ADD node_modules/npm-pick-manifest
3781 silly ADD node_modules/npm-packlist
3782 silly ADD node_modules/minipass
3783 silly ADD node_modules/fs-minipass
3784 silly ADD node_modules/cacache
3785 silly ADD node_modules/cacache/node_modules/lru-cache
3786 silly ADD node_modules/@npmcli/run-script
3787 silly ADD node_modules/@npmcli/promise-spawn
3788 silly ADD node_modules/@npmcli/promise-spawn/node_modules/isexe
3789 silly ADD node_modules/@npmcli/promise-spawn/node_modules/which
3790 silly ADD node_modules/@npmcli/package-json
3791 silly ADD node_modules/@npmcli/installed-package-contents
3792 silly ADD node_modules/@npmcli/git
3793 silly ADD node_modules/@npmcli/git/node_modules/isexe
3794 silly ADD node_modules/@npmcli/git/node_modules/which
3795 silly ADD node_modules/@npmcli/git/node_modules/lru-cache
3796 silly ADD node_modules/yoctocolors
3797 silly ADD node_modules/stdin-discarder
3798 silly ADD node_modules/log-symbols
3799 silly ADD node_modules/is-unicode-supported
3800 silly ADD node_modules/is-interactive
3801 silly ADD node_modules/cli-spinners
3802 silly ADD node_modules/chalk
3803 silly ADD node_modules/wrappy
3804 silly ADD node_modules/ee-first
3805 silly ADD node_modules/validate-npm-package-name
3806 silly ADD node_modules/proc-log
3807 silly ADD node_modules/hosted-git-info
3808 silly ADD node_modules/hosted-git-info/node_modules/lru-cache
3809 silly ADD node_modules/detect-libc
3810 silly ADD node_modules/@msgpackr-extract/msgpackr-extract-win32-x64
3811 silly ADD node_modules/msgpackr-extract
3812 silly ADD node_modules/mime-db
3813 silly ADD node_modules/yallist
3814 silly ADD node_modules/restore-cursor
3815 silly ADD node_modules/environment
3816 silly ADD node_modules/strip-ansi
3817 silly ADD node_modules/cli-cursor
3818 silly ADD node_modules/ansi-escapes
3819 silly ADD node_modules/weak-lru-cache
3820 silly ADD node_modules/ordered-binary
3821 silly ADD node_modules/node-gyp-build-optional-packages
3822 silly ADD node_modules/node-addon-api
3823 silly ADD node_modules/msgpackr
3824 silly ADD node_modules/@lmdb/lmdb-win32-x64
3825 silly ADD node_modules/@harperfast/extended-iterable
3826 silly ADD node_modules/string-width
3827 silly ADD node_modules/slice-ansi
3828 silly ADD node_modules/rfdc
3829 silly ADD node_modules/log-update
3830 silly ADD node_modules/log-update/node_modules/string-width
3831 silly ADD node_modules/log-update/node_modules/wrap-ansi
3832 silly ADD node_modules/log-update/node_modules/slice-ansi
3833 silly ADD node_modules/eventemitter3
3834 silly ADD node_modules/colorette
3835 silly ADD node_modules/cli-truncate
3836 silly ADD node_modules/@csstools/color-helpers
3837 silly ADD node_modules/@csstools/css-color-parser
3838 silly ADD node_modules/@csstools/css-tokenizer
3839 silly ADD node_modules/@csstools/css-parser-algorithms
3840 silly ADD node_modules/@csstools/css-calc
3841 silly ADD node_modules/@asamuzakjp/generational-cache
3842 silly ADD node_modules/@csstools/css-syntax-patches-for-csstree
3843 silly ADD node_modules/@asamuzakjp/css-color
3844 silly ADD node_modules/source-map-js
3845 silly ADD node_modules/mdn-data
3846 silly ADD node_modules/css-tree
3847 silly ADD node_modules/bidi-js
3848 silly ADD node_modules/@asamuzakjp/nwsapi
3849 silly ADD node_modules/xml-name-validator
3850 silly ADD node_modules/whatwg-url
3851 silly ADD node_modules/whatwg-mimetype
3852 silly ADD node_modules/webidl-conversions
3853 silly ADD node_modules/w3c-xmlserializer
3854 silly ADD node_modules/tough-cookie
3855 silly ADD node_modules/symbol-tree
3856 silly ADD node_modules/saxes
3857 silly ADD node_modules/parse5
3858 silly ADD node_modules/parse5/node_modules/entities
3859 silly ADD node_modules/is-potential-custom-element-name
3860 silly ADD node_modules/http-proxy-agent
3861 silly ADD node_modules/html-encoding-sniffer
3862 silly ADD node_modules/decimal.js
3863 silly ADD node_modules/data-urls
3864 silly ADD node_modules/cssstyle
3865 silly ADD node_modules/cssstyle/node_modules/lru-cache
3866 silly ADD node_modules/@exodus/bytes
3867 silly ADD node_modules/@bramus/specificity
3868 silly ADD node_modules/@asamuzakjp/dom-selector
3869 silly ADD node_modules/@asamuzakjp/dom-selector/node_modules/lru-cache
3870 silly ADD node_modules/@acemir/cssom
3871 silly ADD node_modules/istanbul-lib-coverage
3872 silly ADD node_modules/@istanbuljs/schema
3873 silly ADD node_modules/safer-buffer
3874 silly ADD node_modules/agent-base
3875 silly ADD node_modules/toidentifier
3876 silly ADD node_modules/setprototypeof
3877 silly ADD node_modules/inherits
3878 silly ADD node_modules/ip-address
3879 silly ADD node_modules/bytes
3880 silly ADD node_modules/negotiator
3881 silly ADD node_modules/type-is
3882 silly ADD node_modules/type-is/node_modules/content-type
3883 silly ADD node_modules/statuses
3884 silly ADD node_modules/serve-static
3885 silly ADD node_modules/send
3886 silly ADD node_modules/router
3887 silly ADD node_modules/range-parser
3888 silly ADD node_modules/qs
3889 silly ADD node_modules/proxy-addr
3890 silly ADD node_modules/parseurl
3891 silly ADD node_modules/once
3892 silly ADD node_modules/on-finished
3893 silly ADD node_modules/mime-types
3894 silly ADD node_modules/merge-descriptors
3895 silly ADD node_modules/http-errors
3896 silly ADD node_modules/fresh
3897 silly ADD node_modules/finalhandler
3898 silly ADD node_modules/etag
3899 silly ADD node_modules/escape-html
3900 silly ADD node_modules/encodeurl
3901 silly ADD node_modules/depd
3902 silly ADD node_modules/cookie-signature
3903 silly ADD node_modules/cookie
3904 silly ADD node_modules/content-disposition
3905 silly ADD node_modules/body-parser
3906 silly ADD node_modules/accepts
3907 silly ADD node_modules/@esbuild/win32-x64
3908 silly ADD node_modules/entities
3909 silly ADD node_modules/domelementtype
3910 silly ADD node_modules/ms
3911 silly ADD node_modules/nth-check
3912 silly ADD node_modules/domutils
3913 silly ADD node_modules/boolbase
3914 silly ADD node_modules/which
3915 silly ADD node_modules/shebang-command
3916 silly ADD node_modules/path-key
3917 silly ADD node_modules/vary
3918 silly ADD node_modules/object-assign
3919 silly ADD node_modules/readdirp
3920 silly ADD node_modules/update-browserslist-db
3921 silly ADD node_modules/node-releases
3922 silly ADD node_modules/electron-to-chromium
3923 silly ADD node_modules/caniuse-lite
3924 silly ADD node_modules/baseline-browser-mapping
3925 silly ADD node_modules/postcss-safe-parser
3926 silly ADD node_modules/postcss-media-query-parser
3927 silly ADD node_modules/postcss
3928 silly ADD node_modules/htmlparser2
3929 silly ADD node_modules/htmlparser2/node_modules/entities
3930 silly ADD node_modules/domhandler
3931 silly ADD node_modules/dom-serializer
3932 silly ADD node_modules/css-what
3933 silly ADD node_modules/css-select
3934 silly ADD node_modules/@algolia/requester-node-http
3935 silly ADD node_modules/@algolia/requester-fetch
3936 silly ADD node_modules/@algolia/requester-browser-xhr
3937 silly ADD node_modules/@algolia/recommend
3938 silly ADD node_modules/@algolia/monitoring
3939 silly ADD node_modules/@algolia/ingestion
3940 silly ADD node_modules/@algolia/client-search
3941 silly ADD node_modules/@algolia/client-query-suggestions
3942 silly ADD node_modules/@algolia/client-personalization
3943 silly ADD node_modules/@algolia/client-insights
3944 silly ADD node_modules/@algolia/client-common
3945 silly ADD node_modules/@algolia/client-analytics
3946 silly ADD node_modules/@algolia/client-abtesting
3947 silly ADD node_modules/@algolia/abtesting
3948 silly ADD node_modules/require-from-string
3949 silly ADD node_modules/json-schema-traverse
3950 silly ADD node_modules/fast-uri
3951 silly ADD node_modules/fast-deep-equal
3952 silly ADD node_modules/zod-to-json-schema
3953 silly ADD node_modules/raw-body
3954 silly ADD node_modules/pkce-challenge
3955 silly ADD node_modules/json-schema-typed
3956 silly ADD node_modules/jose
3957 silly ADD node_modules/express-rate-limit
3958 silly ADD node_modules/express
3959 silly ADD node_modules/eventsource-parser
3960 silly ADD node_modules/eventsource
3961 silly ADD node_modules/cross-spawn
3962 silly ADD node_modules/cors
3963 silly ADD node_modules/content-type
3964 silly ADD node_modules/hono
3965 silly ADD node_modules/@hono/node-server
3966 silly ADD node_modules/@jridgewell/resolve-uri
3967 silly ADD node_modules/iconv-lite
3968 silly ADD node_modules/chardet
3969 silly ADD node_modules/@inquirer/external-editor
3970 silly ADD node_modules/@inquirer/select
3971 silly ADD node_modules/@inquirer/search
3972 silly ADD node_modules/@inquirer/rawlist
3973 silly ADD node_modules/@inquirer/password
3974 silly ADD node_modules/@inquirer/number
3975 silly ADD node_modules/@inquirer/input
3976 silly ADD node_modules/@inquirer/expand
3977 silly ADD node_modules/@inquirer/editor
3978 silly ADD node_modules/@inquirer/checkbox
3979 silly ADD node_modules/yoctocolors-cjs
3980 silly ADD node_modules/wrap-ansi
3981 silly ADD node_modules/wrap-ansi/node_modules/ansi-regex
3982 silly ADD node_modules/wrap-ansi/node_modules/is-fullwidth-code-point
3983 silly ADD node_modules/wrap-ansi/node_modules/emoji-regex
3984 silly ADD node_modules/wrap-ansi/node_modules/strip-ansi
3985 silly ADD node_modules/wrap-ansi/node_modules/string-width
3986 silly ADD node_modules/wrap-ansi/node_modules/ansi-styles
3987 silly ADD node_modules/signal-exit
3988 silly ADD node_modules/mute-stream
3989 silly ADD node_modules/cli-width
3990 silly ADD node_modules/@inquirer/figures
3991 silly ADD node_modules/@inquirer/ansi
3992 silly ADD node_modules/@inquirer/type
3993 silly ADD node_modules/@inquirer/core
3994 silly ADD node_modules/@babel/helper-string-parser
3995 silly ADD node_modules/@babel/helper-globals
3996 silly ADD node_modules/@babel/helper-module-imports
3997 silly ADD node_modules/lru-cache
3998 silly ADD node_modules/@babel/helper-validator-option
3999 silly ADD node_modules/@babel/compat-data
4000 silly ADD node_modules/jsesc
4001 silly ADD node_modules/picocolors
4002 silly ADD node_modules/js-tokens
4003 silly ADD node_modules/@babel/helper-validator-identifier
4004 silly ADD node_modules/json5
4005 silly ADD node_modules/gensync
4006 silly ADD node_modules/debug
4007 silly ADD node_modules/@jridgewell/remapping
4008 silly ADD node_modules/@babel/types
4009 silly ADD node_modules/@babel/traverse
4010 silly ADD node_modules/@babel/template
4011 silly ADD node_modules/@babel/parser
4012 silly ADD node_modules/@babel/helpers
4013 silly ADD node_modules/@babel/helper-module-transforms
4014 silly ADD node_modules/@babel/helper-compilation-targets
4015 silly ADD node_modules/@babel/helper-compilation-targets/node_modules/semver
4016 silly ADD node_modules/@babel/generator
4017 silly ADD node_modules/@babel/code-frame
4018 silly ADD node_modules/@standard-schema/spec
4019 silly ADD node_modules/reflect-metadata
4020 silly ADD node_modules/convert-source-map
4021 silly ADD node_modules/chokidar
4022 silly ADD node_modules/@jridgewell/sourcemap-codec
4023 silly ADD node_modules/ora
4024 silly ADD node_modules/zod
4025 silly ADD node_modules/yargs
4026 silly ADD node_modules/yargs/node_modules/string-width
4027 silly ADD node_modules/pacote
4028 silly ADD node_modules/npm-package-arg
4029 silly ADD node_modules/ini
4030 silly ADD node_modules/algoliasearch
4031 silly ADD node_modules/@yarnpkg/lockfile
4032 silly ADD node_modules/@schematics/angular
4033 silly ADD node_modules/@modelcontextprotocol/sdk
4034 silly ADD node_modules/@listr2/prompt-adapter-inquirer
4035 silly ADD node_modules/@inquirer/prompts
4036 silly ADD node_modules/@angular-devkit/schematics
4037 silly ADD node_modules/source-map
4038 silly ADD node_modules/ajv-formats
4039 silly ADD node_modules/ajv
4040 silly ADD node_modules/@angular-devkit/core
4041 silly ADD node_modules/@jridgewell/trace-mapping
4042 silly ADD node_modules/@jridgewell/gen-mapping
4043 silly ADD node_modules/watchpack
4044 silly ADD node_modules/undici
4045 silly ADD node_modules/tinyglobby
4046 silly ADD node_modules/source-map-support
4047 silly ADD node_modules/source-map-support/node_modules/source-map
4048 silly ADD node_modules/semver
4049 silly ADD node_modules/sass
4050 silly ADD node_modules/sass/node_modules/readdirp
4051 silly ADD node_modules/sass/node_modules/chokidar
4052 silly ADD node_modules/rolldown
4053 silly ADD node_modules/piscina
4054 silly ADD node_modules/picomatch
4055 silly ADD node_modules/parse5-html-rewriting-stream
4056 silly ADD node_modules/parse5-html-rewriting-stream/node_modules/entities
4057 silly ADD node_modules/mrmime
4058 silly ADD node_modules/magic-string
4059 silly ADD node_modules/lmdb
4060 silly ADD node_modules/listr2
4061 silly ADD node_modules/listr2/node_modules/string-width
4062 silly ADD node_modules/listr2/node_modules/wrap-ansi
4063 silly ADD node_modules/jsonc-parser
4064 silly ADD node_modules/istanbul-lib-instrument
4065 silly ADD node_modules/https-proxy-agent
4066 silly ADD node_modules/esbuild
4067 silly ADD node_modules/browserslist
4068 silly ADD node_modules/beasties
4069 silly ADD node_modules/vite
4070 silly ADD node_modules/@vitejs/plugin-basic-ssl
4071 silly ADD node_modules/@inquirer/confirm
4072 silly ADD node_modules/@babel/helper-split-export-declaration
4073 silly ADD node_modules/@babel/helper-annotate-as-pure
4074 silly ADD node_modules/@babel/core
4075 silly ADD node_modules/@babel/core/node_modules/semver
4076 silly ADD node_modules/@babel/core/node_modules/convert-source-map
4077 silly ADD node_modules/@angular-devkit/architect
4078 silly ADD node_modules/@ampproject/remapping
4079 silly ADD node_modules/vitest
4080 silly ADD node_modules/prettier
4081 silly ADD node_modules/jsdom
4082 silly ADD node_modules/@angular/router
4083 silly ADD node_modules/@angular/platform-browser
4084 silly ADD node_modules/@angular/forms
4085 silly ADD node_modules/@angular/core
4086 silly ADD node_modules/rxjs
4087 silly ADD node_modules/@angular/common
4088 silly ADD node_modules/@angular/cli
4089 silly ADD node_modules/@angular/compiler-cli
4090 silly ADD node_modules/@angular/compiler
4091 silly ADD node_modules/typescript
4092 silly ADD node_modules/tslib
4093 silly ADD node_modules/@angular/build
4094 verbose cwd C:\FugarovProjects\fitness-club\fitnessClub-site
4095 verbose os Windows_NT 10.0.26200
4096 verbose node v22.19.0
4097 verbose npm  v11.8.0
4098 verbose exit 0
4099 info ok
